EventName,Casino,Location,Offer,StartDate,EndDate
Complimentary Night Stay Offer,ilani,"1 Cowlitz Way, Ridgefield, WA 98642","Complimentary hotel night stay for ilani Forever Rewards members, reservation required",5/1/2025 0:00,5/31/2025 23:59
$35 Slot Play,ilani,"1 Cowlitz Way, Ridgefield, WA 98642",$35 slot play,5/30/2025 6:00,6/1/2025 5:59
$15 Dining & Shopping Rewards,ilani,"1 Cowlitz Way, Ridgefield, WA 98642",$15 dining & shopping rewards,5/16/2025 0:00,5/31/2025 23:59
Power Points Saturdays,Muckleshoot Casino,"3402 Auburn Way South, Auburn, WA 98002","11x points, 7AM-10PM",5/31/2025 7:00,5/31/2025 22:00
Weekly Loyalty Offer,Red Wind Casino,"12819 Yelm Hwy. SE, Olympia, WA 98513",$55 Free Play,5/29/2025 0:00,6/3/2025 23:59
Lucky Ride Giveaway Bonus Entries,Red Wind Casino,"12819 Yelm Hwy. SE, Olympia, WA 98513",100 Bonus Entries on Fridays and Saturdays,5/2/2025 0:00,5/31/2025 23:59
Lucky Ride Grand Prize Drawing,Red Wind Casino,"12819 Yelm Hwy. SE, Olympia, WA 98513","$65,000 Dealership Credit or $35,000 Cash",5/31/2025 21:00,5/31/2025 21:00
Lucky Ride Hot Seat Drawings,Red Wind Casino,"12819 Yelm Hwy. SE, Olympia, WA 98513",$250 Slot Free Play & 250 Bonus Entries,5/2/2025 16:00,5/31/2025 20:00
$60 Freeplay,Snoqualmie Casino,"37500 SE North Bend Way, Snoqualmie, WA 98065",Freeplay automatically uploaded to account. Redeem at any slot machine.,5/30/2025 6:00,6/1/2025 23:59
Saturday Hot Seats,Snoqualmie Casino,"37500 SE North Bend Way, Snoqualmie, WA 98065","26 guests win $200 Freeplay plus 1 Elite Plus winner of $1,000 Freeplay every Saturday",5/31/2025 10:00,5/31/2025 13:00
Saturday Hot Seats,Snoqualmie Casino,"37500 SE North Bend Way, Snoqualmie, WA 98065","26 guests win $200 Freeplay plus 1 Elite Plus winner of $1,000 Freeplay every Saturday",5/31/2025 22:00,6/1/2025 1:00
May Flower Scratcher Second Chance Drawing,Lucky Dog Casino,"19330 N US HWY 101, Skokomish, WA 98584","$2,500 cash drawing",5/31/2025 21:30,5/31/2025 21:30
Club Lucky Cash Drawing,Lucky Dog Casino,"19330 N US HWY 101, Skokomish, WA 98584","Win $500-$1,500 based on tier",5/31/2025 21:00,5/31/2025 21:00
"$20,000 Wild Flowers",Lucky Eagle Casino," 12888 188th Avenue SW, Rochester, WA 98579",Drawings every 30 minutes. Win cash and an additional gift!,5/31/2025 16:00,5/31/2025 18:00
Weekly Free Play or Dining Credit   Week 4,Emerald Queen Casino," 1820 East 29th Street, Tacoma, WA 98404",$20 Free Play or Dining Credit,5/25/2025 0:00,5/31/2025 23:59
ilani BBQ Fest - Saturday Session One,ilani," 1 Cowlitz Way, Ridgefield, WA 98642",$10 promo play on entry,6/14/2025 12:00,6/14/2025 16:00
ilani BBQ Fest - Saturday Session Two,ilani," 1 Cowlitz Way, Ridgefield, WA 98642",$10 promo play on entry,6/14/2025 17:00,6/14/2025 21:00
ilani BBQ Fest - Sunday Session,ilani," 1 Cowlitz Way, Ridgefield, WA 98642",$10 promo play on entry,6/15/2025 12:00,6/15/2025 16:00
"$68,000 BBQ Fest Giveaway - Saturday",ilani," 1 Cowlitz Way, Ridgefield, WA 98642","$1,000 promo play hot seats every 20 minutes",6/14/2025 15:30,6/14/2025 18:30
"$68,000 BBQ Fest Giveaway - Sunday",ilani," 1 Cowlitz Way, Ridgefield, WA 98642","$1,000 promo play hot seats every 20 minutes",6/15/2025 15:30,6/15/2025 18:30
"$25,000 Cash Grand Prize Drawing",ilani," 1 Cowlitz Way, Ridgefield, WA 98642",Grand prize drawing at Rock & Brews,6/15/2025 18:30,6/15/2025 18:30
Kiosk Games - Saturdays in May,Legends Casino," 580 Fort Road, Toppenish, WA",Earn points to play kiosk games and win Xtra Rewards,5/31/2025 9:00,5/31/2025 23:59
$20 Free Play Week 5,Little Creek Casino,"91 West State Route 108, Shelton, WA 98504",$20 free play,5/26/2025 0:00,6/1/2025 23:59
Break Cher Saturdays,Little Creek Casino,"91 West State Route 108, Shelton, WA 98504","Win $5,000; hourly drawings 4pm-9pm",5/31/2025 16:00,5/31/2025 21:00
Grand Prize Drawing,Rolling Hills Casino,"2655 Everett Freeman Way, Corning, CA 96021",Win a 2025 F-150 XLT & Polaris Ranger,5/31/2025 22:00,5/31/2025 22:00
$10 Free Play Credits,Tulalip Casino," 10200 Quil Ceda Blvd, Tulalip, WA 98271",$10 free play credits. Insert your card at any machine to activate your credits.,5/22/2025 0:00,5/31/2025 23:59
$15 Free Play Credits,Quil Ceda Creek Casino,"6221 31st Ave NE, Tulalip, WA 98271",Insert your card at any machine to activate your credits,5/22/2025 0:00,5/31/2025 23:59
Alice in Prizeland Grand Prize Tea Party,Wildhorse Casino,"46510 Wildhorse Blvd. Pendleton, OR 97801","Chance to win $20,000 cash",5/31/2025 21:00,5/31/2025 23:59
Winners Celebration,ilani,"1 Cowlitz Way, Ridgefield, WA 98642","$1,000 promo play hot seats every 20 minutes from noonat4:40pm and a chance to win a share of $50,000 in cash and prizes including a $35,000 grand prize at 5:00pm",6/1/2025 12:00,6/1/2025 17:00
Winners Brunch,ilani,"1 Cowlitz Way, Ridgefield, WA 98642",Exclusive brunch for recent jackpot winners,6/1/2025 10:00,6/1/2025 11:30
Happy Birthday Month,Snoqualmie Casino,"37500 SE North Bend Way, Snoqualmie, WA 98065",Visit any Crescent Club kiosk to play. Limit one per year.,6/1/2025 0:00,6/30/2025 23:59
$20 Dining & Shopping Rewards,ilani,"1 Cowlitz Way, Ridgefield, WA 98642",$20 in dining & shopping rewards with PIN; valid one time only,6/1/2025 6:00,6/30/2025 5:59
Free Dessert with Entree at Michael Jordans Steak House,ilani,"1 Cowlitz Way, Ridgefield, WA 98642",Free dessert with entree purchase,6/30/2025 0:00,6/30/2025 23:59
Free Lemon Souffle at Line & Lure,ilani,"1 Cowlitz Way, Ridgefield, WA 98642",Free lemon souffle with entree purchase,6/30/2025 0:00,6/30/2025 23:59
15% Off at Rock & Brews,ilani,"1 Cowlitz Way, Ridgefield, WA 98642",15% off purchase (excludes alcohol),6/30/2025 0:00,6/30/2025 23:59
15% Off at Longhouse Raw Bar & Noodle Shoppe,ilani,"1 Cowlitz Way, Ridgefield, WA 98642",15% off purchase (excludes alcohol),6/30/2025 0:00,6/30/2025 23:59
15% Off at Bella Vista,ilani,"1 Cowlitz Way, Ridgefield, WA 98642",15% off purchase (excludes alcohol),6/30/2025 0:00,6/30/2025 23:59
15% Off at Bamboo,ilani,"1 Cowlitz Way, Ridgefield, WA 98642",15% off purchase (excludes alcohol),6/30/2025 0:00,6/30/2025 23:59
15% Off at The Stadium Sports Bar & Grill,ilani,"1 Cowlitz Way, Ridgefield, WA 98642",15% off purchase (excludes alcohol),6/30/2025 0:00,6/30/2025 23:59
Free Tall Americano at Starbucks,ilani,"1 Cowlitz Way, Ridgefield, WA 98642",Free tall Americano,6/30/2025 0:00,6/30/2025 23:59
Free Sundae with Entree at Toms Urban,ilani,"1 Cowlitz Way, Ridgefield, WA 98642",Free sundae with entree purchase; valid during birthday week,6/30/2025 0:00,6/30/2025 23:59
15% Off Merchandise at Cowlitz Trading Post,ilani,"1 Cowlitz Way, Ridgefield, WA 98642",15% off merchandise (some exclusions apply),6/30/2025 0:00,6/30/2025 23:59
15% Off $100+ Purchase at Marshall Rousso,ilani,"1 Cowlitz Way, Ridgefield, WA 98642",15% off $100 purchase,6/30/2025 0:00,6/30/2025 23:59
Discounts at Ruby Blue,ilani,"1 Cowlitz Way, Ridgefield, WA 98642","Discounts excluding Brighton, clearance, gift cards, etc.",6/30/2025 0:00,6/30/2025 23:59
Birthday Month Offer,Muckleshoot Casino,"3402 Auburn Way South, Auburn, WA 98002","Exclusive offer and sweet treat for Rewards members during their birthday month. Activate at kiosk, then download at gaming machine and redeem at Sweet Shoppe.",6/1/2025 0:00,6/30/2025 23:59
June More Points,Legends Casino,"580 Fort Road, Toppenish, WA",Earn 10x points during the full Strawberry Moon,6/11/2025 18:00,6/11/2025 23:59
Father's Day Buffet,Legends Casino,"580 Fort Road, Toppenish, WA",$55 buffet,6/15/2025 11:00,6/15/2025 21:00
June Gift: Fishing Cooler,Legends Casino,"580 Fort Road, Toppenish, WA",Redeem with 60 points; one per person while supplies last,6/10/2025 10:00,6/10/2025 23:59
June Gift: Fishing Backpack,Legends Casino,"580 Fort Road, Toppenish, WA",Redeem with 60 points; one per person while supplies last,6/24/2025 10:00,6/24/2025 23:59
Father's Day Spa Special,Legends Casino,"580 Fort Road, Toppenish, WA",20% off any service or retail product; excludes promotions/specials,6/15/2025 0:00,6/15/2025 23:59
Xtra Rewards Week 1,Legends Casino,"580 Fort Road, Toppenish, WA",$85 free play added to account,6/2/2025 10:00,6/8/2025 23:59
Xtra Rewards Week 2,Legends Casino,"580 Fort Road, Toppenish, WA",$85 free play added to account,6/9/2025 10:00,6/15/2025 23:59
Xtra Rewards Week 3,Legends Casino,"580 Fort Road, Toppenish, WA",$85 free play added to account,6/16/2025 10:00,6/22/2025 23:59
Xtra Rewards Week 4,Legends Casino,"580 Fort Road, Toppenish, WA",$85 free play added to account,6/23/2025 10:00,6/29/2025 23:59
Xtra Rewards Week 5,Legends Casino,"580 Fort Road, Toppenish, WA",$85 free play added to account,6/30/2025 10:00,7/6/2025 23:59
Colosseum of Cash Drawing,Legends Casino,"580 Fort Road, Toppenish, WA","Two cash prize winners; $4,000 grand prize",6/5/2025 18:00,6/5/2025 21:00
Colosseum of Cash Drawing,Legends Casino,"580 Fort Road, Toppenish, WA","Two cash prize winners; $4,000 grand prize",6/12/2025 18:00,6/12/2025 21:00
Colosseum of Cash Drawing,Legends Casino,"580 Fort Road, Toppenish, WA","Two cash prize winners; $4,000 grand prize",6/19/2025 18:00,6/19/2025 21:00
Colosseum of Cash Grand Finale,Legends Casino,"580 Fort Road, Toppenish, WA",Two cash prize winners and grand prize winner,6/26/2025 18:00,6/26/2025 21:00
Sleeping Bag Giveaway,Muckleshoot Casino,"3402 Auburn Way South, Auburn, WA 98002",Claim your gift by swiping your Muckleshoot Rewards card and redeeming at the Rewards Center,6/5/2025 12:00,6/5/2025 21:00
Sleeping Bag Giveaway,Muckleshoot Casino,"3402 Auburn Way South, Auburn, WA 98002",Claim your gift by swiping your Muckleshoot Rewards card and redeeming at the Rewards Center,6/6/2025 10:00,6/6/2025 14:00
3-4 Person Camping Set Giveaway,Muckleshoot Casino,"3402 Auburn Way South, Auburn, WA 98002",Claim your gift by swiping your Muckleshoot Rewards card and redeeming at the Rewards Center,6/12/2025 12:00,6/12/2025 21:00
3-4 Person Camping Set Giveaway,Muckleshoot Casino,"3402 Auburn Way South, Auburn, WA 98002",Claim your gift by swiping your Muckleshoot Rewards card and redeeming at the Rewards Center,6/13/2025 10:00,6/13/2025 14:00
10 Piece Camping Cookware Set Giveaway,Muckleshoot Casino,"3402 Auburn Way South, Auburn, WA 98002",Claim your gift by swiping your Muckleshoot Rewards card and redeeming at the Rewards Center,6/19/2025 12:00,6/19/2025 21:00
10 Piece Camping Cookware Set Giveaway,Muckleshoot Casino,"3402 Auburn Way South, Auburn, WA 98002",Claim your gift by swiping your Muckleshoot Rewards card and redeeming at the Rewards Center,6/20/2025 10:00,6/20/2025 14:00
Outdoor Stove Giveaway,Muckleshoot Casino,"3402 Auburn Way South, Auburn, WA 98002",Claim your gift by swiping your Muckleshoot Rewards card and redeeming at the Rewards Center,6/26/2025 12:00,6/26/2025 21:00
Outdoor Stove Giveaway,Muckleshoot Casino,"3402 Auburn Way South, Auburn, WA 98002",Claim your gift by swiping your Muckleshoot Rewards card and redeeming at the Rewards Center,6/27/2025 10:00,6/27/2025 14:00
"$15,000 Cash and Free Play Drawings",Muckleshoot Casino,"3402 Auburn Way South, Auburn, WA 98002","$15,000 in cash and free play drawings",6/8/2025 18:00,6/8/2025 21:00
Mystery Bonus Free Play,Muckleshoot Casino,"3402 Auburn Way South, Auburn, WA 98002",Receive $20 up to $200 in bonus free play by swiping at promotions kiosk,6/7/2025 7:00,6/7/2025 23:59
Experience the Heat!,Little Creek Casino,"91 West State Route 108, Shelton, WA 98504","Share of $30,000 in cash & freeplay drawings; one entry per 50 tier points",6/6/2025 15:00,6/6/2025 22:00
Experience the Heat!,Little Creek Casino,"91 West State Route 108, Shelton, WA 98504","Share of $30,000 in cash & freeplay drawings; one entry per 50 tier points",6/13/2025 15:00,6/13/2025 22:00
Experience the Heat!,Little Creek Casino,"91 West State Route 108, Shelton, WA 98504","Share of $30,000 in cash & freeplay drawings; one entry per 50 tier points",6/20/2025 15:00,6/20/2025 22:00
Experience the Heat!,Little Creek Casino,"91 West State Route 108, Shelton, WA 98504","Share of $30,000 in cash & freeplay drawings; one entry per 50 tier points",6/27/2025 15:00,6/27/2025 22:00
Torelli Handy Tools Gift Giveaway,Little Creek Casino,"91 West State Route 108, Shelton, WA 98504","Earn 1,500 tier points in same promotional week for a free gift; collect all 4 items to win a Home Depot gift card",6/5/2025 13:00,6/5/2025 21:00
Torelli Handy Tools Gift Giveaway,Little Creek Casino,"91 West State Route 108, Shelton, WA 98504","Earn 1,500 tier points in same promotional week for a free gift; collect all 4 items to win a Home Depot gift card",6/8/2025 13:00,6/8/2025 21:00
Torelli Handy Tools Gift Giveaway,Little Creek Casino,"91 West State Route 108, Shelton, WA 98504","Earn 1,500 tier points in same promotional week for a free gift; collect all 4 items to win a Home Depot gift card",6/12/2025 13:00,6/12/2025 21:00
Torelli Handy Tools Gift Giveaway,Little Creek Casino,"91 West State Route 108, Shelton, WA 98504","Earn 1,500 tier points in same promotional week for a free gift; collect all 4 items to win a Home Depot gift card",6/15/2025 13:00,6/15/2025 21:00
Torelli Handy Tools Gift Giveaway,Little Creek Casino,"91 West State Route 108, Shelton, WA 98504","Earn 1,500 tier points in same promotional week for a free gift; collect all 4 items to win a Home Depot gift card",6/19/2025 13:00,6/19/2025 21:00
Torelli Handy Tools Gift Giveaway,Little Creek Casino,"91 West State Route 108, Shelton, WA 98504","Earn 1,500 tier points in same promotional week for a free gift; collect all 4 items to win a Home Depot gift card",6/22/2025 13:00,6/22/2025 21:00
Torelli Handy Tools Gift Giveaway,Little Creek Casino,"91 West State Route 108, Shelton, WA 98504","Earn 1,500 tier points in same promotional week for a free gift; collect all 4 items to win a Home Depot gift card",6/26/2025 13:00,6/26/2025 21:00
Torelli Handy Tools Gift Giveaway,Little Creek Casino,"91 West State Route 108, Shelton, WA 98504","Earn 1,500 tier points in same promotional week for a free gift; collect all 4 items to win a Home Depot gift card",6/29/2025 13:00,6/29/2025 21:00
Super Saturday Stash,Little Creek Casino,"91 West State Route 108, Shelton, WA 98504","Share of $15,000 in drawings every 30 minutes",6/7/2025 17:00,6/7/2025 19:00
Super Saturday Stash,Little Creek Casino,"91 West State Route 108, Shelton, WA 98504","Share of $15,000 in drawings every 30 minutes",6/14/2025 17:00,6/14/2025 19:00
Super Saturday Stash,Little Creek Casino,"91 West State Route 108, Shelton, WA 98504","Share of $15,000 in drawings every 30 minutes",6/21/2025 17:00,6/21/2025 19:00
Super Saturday Stash,Little Creek Casino,"91 West State Route 108, Shelton, WA 98504","Share of $15,000 in drawings every 30 minutes",6/28/2025 17:00,6/28/2025 19:00
Weekly Freeplay Offer,Little Creek Casino,"91 West State Route 108, Shelton, WA 98504",$20 freeplay,6/2/2025 0:00,6/8/2025 23:59
Weekly Freeplay Offer,Little Creek Casino,"91 West State Route 108, Shelton, WA 98504",$20 freeplay,6/9/2025 0:00,6/15/2025 23:59
Weekly Freeplay Offer,Little Creek Casino,"91 West State Route 108, Shelton, WA 98504",$20 freeplay,6/16/2025 0:00,6/22/2025 23:59
Weekly Freeplay Offer,Little Creek Casino,"91 West State Route 108, Shelton, WA 98504",$20 freeplay,6/23/2025 0:00,6/29/2025 23:59
Free Hotel or RV Stay,Little Creek Casino,"91 West State Route 108, Shelton, WA 98504",1 free deluxe or premium room or RV stay per week (MonatThu),6/2/2025 0:00,6/5/2025 23:59
Free Hotel or RV Stay,Little Creek Casino,"91 West State Route 108, Shelton, WA 98504",1 free deluxe or premium room or RV stay per week (MonatThu),6/9/2025 0:00,6/12/2025 23:59
Free Hotel or RV Stay,Little Creek Casino,"91 West State Route 108, Shelton, WA 98504",1 free deluxe or premium room or RV stay per week (MonatThu),6/16/2025 0:00,6/19/2025 23:59
Free Hotel or RV Stay,Little Creek Casino,"91 West State Route 108, Shelton, WA 98504",1 free deluxe or premium room or RV stay per week (MonatThu),6/23/2025 0:00,6/26/2025 23:59
Princess Cruises Free Cruise Voucher,Little Creek Casino,"91 West State Route 108, Shelton, WA 98504",Claim your free cruise voucher,6/6/2025 13:00,6/6/2025 19:00
MVP Jackpot Cash Drawings,Red Wind Casino,"12819 Yelm Hwy. SE, Olympia, WA 98513","$5,000 cash + $20 slot free play",6/4/2025 16:00,6/4/2025 20:00
"$75,000 Summer Vacation Cash Drawing ",Red Wind Casino,"12819 Yelm Hwy. SE, Olympia, WA 98513","$25,000 grand prize",6/7/2025 21:00,6/7/2025 21:00
"$75,000 Summer Vacation Cash Drawing ",Red Wind Casino,"12819 Yelm Hwy. SE, Olympia, WA 98513","$25,000 grand prize",6/14/2025 21:00,6/14/2025 21:00
"$75,000 Summer Vacation Cash Drawing ",Red Wind Casino,"12819 Yelm Hwy. SE, Olympia, WA 98513","$25,000 grand prize",6/21/2025 21:00,6/21/2025 21:00
Armed Forces Progressive Drawings ,Red Wind Casino,"12819 Yelm Hwy. SE, Olympia, WA 98513",$500 free play + $10 military bonus,6/1/2025 16:00,6/1/2025 19:00
Armed Forces Progressive Drawings ,Red Wind Casino,"12819 Yelm Hwy. SE, Olympia, WA 98513",$500 free play + $10 military bonus,6/8/2025 16:00,6/8/2025 19:00
Armed Forces Progressive Drawings ,Red Wind Casino,"12819 Yelm Hwy. SE, Olympia, WA 98513",$500 free play + $10 military bonus,6/15/2025 16:00,6/15/2025 19:00
Armed Forces Progressive Drawings ,Red Wind Casino,"12819 Yelm Hwy. SE, Olympia, WA 98513",$500 free play + $10 military bonus,6/22/2025 16:00,6/22/2025 19:00
Armed Forces Progressive Drawings ,Red Wind Casino,"12819 Yelm Hwy. SE, Olympia, WA 98513",$500 free play + $10 military bonus,6/29/2025 16:00,6/29/2025 19:00
Club Red Jackpot Win Again ,Red Wind Casino,"12819 Yelm Hwy. SE, Olympia, WA 98513","$5,000 at 6pm, 7pm, 8pm; $10,000 at 9pm",6/28/2025 18:00,6/28/2025 21:00
Wheel Promotion ,Red Wind Casino,"12819 Yelm Hwy. SE, Olympia, WA 98513","Up to $5,000 cash or slot free play",6/10/2025 18:00,6/10/2025 21:00
Wheel Promotion ,Red Wind Casino,"12819 Yelm Hwy. SE, Olympia, WA 98513","Up to $5,000 cash or slot free play",6/17/2025 18:00,6/17/2025 21:00
Wheel Promotion ,Red Wind Casino,"12819 Yelm Hwy. SE, Olympia, WA 98513","Up to $5,000 cash or slot free play",6/24/2025 18:00,6/24/2025 21:00
Wheel Promotion ,Red Wind Casino,"12819 Yelm Hwy. SE, Olympia, WA 98513","Up to $5,000 cash or slot free play",6/5/2025 18:00,6/5/2025 21:00
Wheel Promotion ,Red Wind Casino,"12819 Yelm Hwy. SE, Olympia, WA 98513","Up to $5,000 cash or slot free play",6/12/2025 18:00,6/12/2025 21:00
Wheel Promotion ,Red Wind Casino,"12819 Yelm Hwy. SE, Olympia, WA 98513","Up to $5,000 cash or slot free play",6/19/2025 18:00,6/19/2025 21:00
Wheel Promotion ,Red Wind Casino,"12819 Yelm Hwy. SE, Olympia, WA 98513","Up to $5,000 cash or slot free play",6/26/2025 18:00,6/26/2025 21:00
Weekly Loyalty Free Play ,Red Wind Casino,"12819 Yelm Hwy. SE, Olympia, WA 98513",$45 free play,6/5/2025 8:00,6/10/2025 23:59
Weekly Loyalty Free Play ,Red Wind Casino,"12819 Yelm Hwy. SE, Olympia, WA 98513",$45 free play,6/12/2025 8:00,6/17/2025 23:59
Weekly Loyalty Free Play ,Red Wind Casino,"12819 Yelm Hwy. SE, Olympia, WA 98513",$45 free play,6/19/2025 8:00,6/24/2025 23:59
Weekly Loyalty Free Play ,Red Wind Casino,"12819 Yelm Hwy. SE, Olympia, WA 98513",$45 free play,6/26/2025 8:00,7/1/2025 23:59
$25 Free Play Wednesdays,Lucky Eagle Casino,"12888 188th Avenue SW, Rochester, WA 98579",$25 free play when you card in at any machine between 10:00 and 23:59,6/4/2025 10:00,6/4/2025 23:59
$25 Free Play Wednesdays,Lucky Eagle Casino,"12888 188th Avenue SW, Rochester, WA 98579",$25 free play when you card in at any machine between 10:00 and 23:59,6/11/2025 10:00,6/11/2025 23:59
$25 Free Play Wednesdays,Lucky Eagle Casino,"12888 188th Avenue SW, Rochester, WA 98579",$25 free play when you card in at any machine between 10:00 and 23:59,6/18/2025 10:00,6/18/2025 23:59
$25 Free Play Wednesdays,Lucky Eagle Casino,"12888 188th Avenue SW, Rochester, WA 98579",$25 free play when you card in at any machine between 10:00 and 23:59,6/25/2025 10:00,6/25/2025 23:59
Summer Picnic in the Park,Lucky Eagle Casino,"12888 188th Avenue SW, Rochester, WA 98579",Collect picnic items by visiting on Sundays and Tuesdays in June between 12:00 and 20:00,6/1/2025 12:00,6/1/2025 20:00
Summer Picnic in the Park,Lucky Eagle Casino,"12888 188th Avenue SW, Rochester, WA 98579",Collect picnic items by visiting on Sundays and Tuesdays in June between 12:00 and 20:00,6/3/2025 12:00,6/3/2025 20:00
Summer Picnic in the Park,Lucky Eagle Casino,"12888 188th Avenue SW, Rochester, WA 98579",Collect picnic items by visiting on Sundays and Tuesdays in June between 12:00 and 20:00,6/8/2025 12:00,6/8/2025 20:00
Summer Picnic in the Park,Lucky Eagle Casino,"12888 188th Avenue SW, Rochester, WA 98579",Collect picnic items by visiting on Sundays and Tuesdays in June between 12:00 and 20:00,6/10/2025 12:00,6/10/2025 20:00
Summer Picnic in the Park,Lucky Eagle Casino,"12888 188th Avenue SW, Rochester, WA 98579",Collect picnic items by visiting on Sundays and Tuesdays in June between 12:00 and 20:00,6/15/2025 12:00,6/15/2025 20:00
Summer Picnic in the Park,Lucky Eagle Casino,"12888 188th Avenue SW, Rochester, WA 98579",Collect picnic items by visiting on Sundays and Tuesdays in June between 12:00 and 20:00,6/17/2025 12:00,6/17/2025 20:00
Summer Picnic in the Park,Lucky Eagle Casino,"12888 188th Avenue SW, Rochester, WA 98579",Collect picnic items by visiting on Sundays and Tuesdays in June between 12:00 and 20:00,6/22/2025 12:00,6/22/2025 20:00
Summer Picnic in the Park,Lucky Eagle Casino,"12888 188th Avenue SW, Rochester, WA 98579",Collect picnic items by visiting on Sundays and Tuesdays in June between 12:00 and 20:00,6/24/2025 12:00,6/24/2025 20:00
Summer Picnic in the Park,Lucky Eagle Casino,"12888 188th Avenue SW, Rochester, WA 98579",Collect picnic items by visiting on Sundays and Tuesdays in June between 12:00 and 20:00,6/29/2025 12:00,6/29/2025 20:00
Weekly Free Play or Dining Credit,Emerald Queen Casino,"1820 East 29th Street, Tacoma, WA 98404",$20 free play or dining credit,6/1/2025 0:00,6/7/2025 23:59
Weekly Free Play or Dining Credit,Emerald Queen Casino,"1820 East 29th Street, Tacoma, WA 98404",$20 free play or dining credit,6/8/2025 0:00,6/14/2025 23:59
Weekly Free Play or Dining Credit,Emerald Queen Casino,"1820 East 29th Street, Tacoma, WA 98404",$20 free play or dining credit,6/15/2025 0:00,6/21/2025 23:59
Weekly Free Play or Dining Credit,Emerald Queen Casino,"1820 East 29th Street, Tacoma, WA 98404",$20 free play or dining credit,6/22/2025 0:00,6/28/2025 23:59
Complimentary Hotel Stay,Emerald Queen Casino,"1820 East 29th Street, Tacoma, WA 98404",1 complimentary night each week in July,7/1/2025 0:00,7/31/2025 23:59
Bonus Free Play,Emerald Queen Casino,"1820 East 29th Street, Tacoma, WA 98404",$15 bonus free play weekly,5/31/2025 0:00,6/6/2025 23:59
Bonus Free Play,Emerald Queen Casino,"1820 East 29th Street, Tacoma, WA 98404",$15 bonus free play weekly,6/7/2025 0:00,6/13/2025 23:59
Bonus Free Play,Emerald Queen Casino,"1820 East 29th Street, Tacoma, WA 98404",$15 bonus free play weekly,6/14/2025 0:00,6/20/2025 23:59
Bonus Free Play,Emerald Queen Casino,"1820 East 29th Street, Tacoma, WA 98404",$15 bonus free play weekly,6/21/2025 0:00,6/27/2025 23:59
Birthday Bash Drawings,Emerald Queen Casino,"1820 East 29th Street, Tacoma, WA 98404","Win $2,000 free play every drawing hour",6/30/2025 16:00,6/30/2025 20:00
Wins-day Surprises,Emerald Queen Casino,"1820 East 29th Street, Tacoma, WA 98404","Win up to $5,000 free play",6/4/2025 0:00,6/4/2025 23:59
Wins-day Surprises,Emerald Queen Casino,"1820 East 29th Street, Tacoma, WA 98404","Win up to $5,000 free play",6/11/2025 0:00,6/11/2025 23:59
Wins-day Surprises,Emerald Queen Casino,"1820 East 29th Street, Tacoma, WA 98404","Win up to $5,000 free play",6/18/2025 0:00,6/18/2025 23:59
Wins-day Surprises,Emerald Queen Casino,"1820 East 29th Street, Tacoma, WA 98404","Win up to $5,000 free play",6/25/2025 0:00,6/25/2025 23:59
Climb Time Tuesdays,Emerald Queen Casino,"1820 East 29th Street, Tacoma, WA 98404",Up to 12x rewards points,6/3/2025 0:00,6/3/2025 23:59
Climb Time Tuesdays,Emerald Queen Casino,"1820 East 29th Street, Tacoma, WA 98404",Up to 12x rewards points,6/10/2025 0:00,6/10/2025 23:59
Climb Time Tuesdays,Emerald Queen Casino,"1820 East 29th Street, Tacoma, WA 98404",Up to 12x rewards points,6/17/2025 0:00,6/17/2025 23:59
Climb Time Tuesdays,Emerald Queen Casino,"1820 East 29th Street, Tacoma, WA 98404",Up to 12x rewards points,6/24/2025 0:00,6/24/2025 23:59
Monday Fun Day Hot Seats,Emerald Queen Casino,"1820 East 29th Street, Tacoma, WA 98404",Win $500 free play every 30 minutes,6/2/2025 17:00,6/2/2025 20:00
Monday Fun Day Hot Seats,Emerald Queen Casino,"1820 East 29th Street, Tacoma, WA 98404",Win $500 free play every 30 minutes,6/9/2025 17:00,6/9/2025 20:00
Monday Fun Day Hot Seats,Emerald Queen Casino,"1820 East 29th Street, Tacoma, WA 98404",Win $500 free play every 30 minutes,6/16/2025 17:00,6/16/2025 20:00
Monday Fun Day Hot Seats,Emerald Queen Casino,"1820 East 29th Street, Tacoma, WA 98404",Win $500 free play every 30 minutes,6/23/2025 17:00,6/23/2025 20:00
Monday Fun Day Hot Seats,Emerald Queen Casino,"1820 East 29th Street, Tacoma, WA 98404",Win $500 free play every 30 minutes,6/30/2025 17:00,6/30/2025 20:00
Birthday Multiplier Offer,Emerald Queen Casino,"1820 East 29th Street, Tacoma, WA 98404",8x multiplier on next visit,6/1/2025 0:00,6/30/2025 23:59
Jurassic Drawings,Muckleshoot Casino,"3402 Auburn Way South, Auburn, WA 98002","Win up to $124,000; 6 winners every hour",6/4/2025 17:00,6/4/2025 21:00
Jurassic Drawings,Muckleshoot Casino,"3402 Auburn Way South, Auburn, WA 98002","Win up to $124,000; 6 winners every hour",6/11/2025 17:00,6/11/2025 21:00
Jurassic Drawings,Muckleshoot Casino,"3402 Auburn Way South, Auburn, WA 98002","Win up to $124,000; 6 winners every hour",6/18/2025 17:00,6/18/2025 21:00
Jurassic Drawings,Muckleshoot Casino,"3402 Auburn Way South, Auburn, WA 98002","Win up to $124,000; 6 winners every hour",6/25/2025 17:00,6/25/2025 21:00
Cascadia Machine Tournament,Muckleshoot Casino,"3402 Auburn Way South, Auburn, WA 98002","Win your share of $30,000 in cash & free play",6/3/2025 12:00,6/3/2025 17:45
Cascadia Machine Tournament,Muckleshoot Casino,"3402 Auburn Way South, Auburn, WA 98002","Win your share of $30,000 in cash & free play",6/24/2025 12:00,6/24/2025 17:45
Lucky 83 888 Giveaway,Muckleshoot Casino,"3402 Auburn Way South, Auburn, WA 98002","Over $25,000 in free play; 1 winner every 10 minutes",6/6/2025 17:00,6/6/2025 22:00
Toyota Giveaway,Muckleshoot Casino,"3402 Auburn Way South, Auburn, WA 98002",Win a brand-new Toyota Tacoma,6/14/2025 16:00,6/14/2025 20:00
Toyota Giveaway,Muckleshoot Casino,"3402 Auburn Way South, Auburn, WA 98002",Win a brand-new Toyota Tacoma,6/28/2025 16:00,6/28/2025 20:00
Dual ATV Giveaway,Muckleshoot Casino,"3402 Auburn Way South, Auburn, WA 98002",Win one of two ATVs; 5 winners every half hour,6/15/2025 14:00,6/15/2025 15:30
Dual ATV Giveaway,Muckleshoot Casino,"3402 Auburn Way South, Auburn, WA 98002",Win one of two ATVs; 5 winners every half hour,6/15/2025 17:00,6/15/2025 18:30
Military 2X Points,Muckleshoot Casino,"3402 Auburn Way South, Auburn, WA 98002",2X points for military personnel with valid ID,6/6/2025 7:00,6/6/2025 23:00
$25 Free Play,Muckleshoot Casino,"3402 Auburn Way South, Auburn, WA 98002",$25 Free Play,6/2/2025 7:00,6/6/2025 23:59
$25 Free Play,Muckleshoot Casino,"3402 Auburn Way South, Auburn, WA 98002",$25 Free Play,6/8/2025 7:00,6/11/2025 23:59
$25 Free Play,Muckleshoot Casino,"3402 Auburn Way South, Auburn, WA 98002",$25 Free Play,6/13/2025 7:00,6/20/2025 23:59
$25 Free Play,Muckleshoot Casino,"3402 Auburn Way South, Auburn, WA 98002",$25 Free Play,6/22/2025 7:00,6/28/2025 23:59
Free Hotel Stay,Muckleshoot Casino,"3402 Auburn Way South, Auburn, WA 98002",Free hotel stay Sun Thu,6/1/2025 7:00,6/5/2025 23:59
Free Hotel Stay,Muckleshoot Casino,"3402 Auburn Way South, Auburn, WA 98002",Free hotel stay Sun Thu,6/8/2025 7:00,6/12/2025 23:59
Free Hotel Stay,Muckleshoot Casino,"3402 Auburn Way South, Auburn, WA 98002",Free hotel stay Sun Thu,6/15/2025 7:00,6/19/2025 23:59
Free Hotel Stay,Muckleshoot Casino,"3402 Auburn Way South, Auburn, WA 98002",Free hotel stay Sun Thu,6/22/2025 7:00,6/26/2025 23:59
Backyard BBQ Scratcher Event,Red Wind Casino,"12819 Yelm Hwy. SE, Olympia, WA 98513","$30 $5,000 Slot Free Play (Guaranteed Win) + $5,000 Second Chance Drawing",6/11/2025 14:00,6/11/2025 19:00
Backyard BBQ Scratcher Event,Red Wind Casino,"12819 Yelm Hwy. SE, Olympia, WA 98513","$30 $5,000 Slot Free Play (Guaranteed Win) + $5,000 Second Chance Drawing",6/18/2025 14:00,6/18/2025 19:00
Backyard BBQ Scratcher Event,Red Wind Casino,"12819 Yelm Hwy. SE, Olympia, WA 98513","$30 $5,000 Slot Free Play (Guaranteed Win) + $5,000 Second Chance Drawing",6/25/2025 14:00,6/25/2025 19:00
Slots of Fun Tournament,Lucky Dog Casino,"19330 N US HWY 101, Skokomish, WA 98584","Win your share of over $1,000 in Lucky Bucks",6/1/2025 14:00,6/1/2025 19:00
Father's Day Free Gift,Lucky Dog Casino,"19330 N US HWY 101, Skokomish, WA 98584",Free gift or $7 in Lucky Bucks for Club Lucky members who are fathers,6/15/2025 12:00,6/15/2025 20:00
$25 Lucky Bucks Offer,Lucky Dog Casino,"19330 N US HWY 101, Skokomish, WA 98584",$25 Lucky Bucks valid one-time,6/1/2025 0:00,6/5/2025 23:59
$25 Lucky Bucks Offer,Lucky Dog Casino,"19330 N US HWY 101, Skokomish, WA 98584",$25 Lucky Bucks valid one-time,6/6/2025 0:00,6/8/2025 23:59
$25 Lucky Bucks Offer,Lucky Dog Casino,"19330 N US HWY 101, Skokomish, WA 98584",$25 Lucky Bucks valid one-time,6/9/2025 0:00,6/12/2025 23:59
$25 Lucky Bucks Offer,Lucky Dog Casino,"19330 N US HWY 101, Skokomish, WA 98584",$25 Lucky Bucks valid one-time,6/13/2025 0:00,6/15/2025 23:59
$25 Lucky Bucks Offer,Lucky Dog Casino,"19330 N US HWY 101, Skokomish, WA 98584",$25 Lucky Bucks valid one-time,6/16/2025 0:00,6/19/2025 23:59
$25 Lucky Bucks Offer,Lucky Dog Casino,"19330 N US HWY 101, Skokomish, WA 98584",$25 Lucky Bucks valid one-time,6/20/2025 0:00,6/22/2025 23:59
$25 Lucky Bucks Offer,Lucky Dog Casino,"19330 N US HWY 101, Skokomish, WA 98584",$25 Lucky Bucks valid one-time,6/23/2025 0:00,6/26/2025 23:59
$25 Lucky Bucks Offer,Lucky Dog Casino,"19330 N US HWY 101, Skokomish, WA 98584",$25 Lucky Bucks valid one-time,6/27/2025 0:00,6/29/2025 23:59
$25 Lucky Bucks Offer,Lucky Dog Casino,"19330 N US HWY 101, Skokomish, WA 98584",$25 Lucky Bucks valid one-time,6/30/2025 0:00,7/3/2025 23:59
"$2,500 Summer Spin",Lucky Dog Casino,"19330 N US HWY 101, Skokomish, WA 98584","Spin and win up to $2,500 cash",6/8/2025 12:00,6/8/2025 18:00
"$2,500 Summer Spin",Lucky Dog Casino,"19330 N US HWY 101, Skokomish, WA 98584","Spin and win up to $2,500 cash",6/22/2025 12:00,6/22/2025 18:00
Father's Day Special,Lucky Dog Casino,"19330 N US HWY 101, Skokomish, WA 98584",New York Strip steak dinner with shrimp scampi and sides for $32,6/15/2025 11:00,6/15/2025 21:00
Breakfast Plate,Lucky Dog Casino,"19330 N US HWY 101, Skokomish, WA 98584",,6/1/2025 11:00,6/1/2025 21:00
Breakfast Plate,Lucky Dog Casino,"19330 N US HWY 101, Skokomish, WA 98584",,6/8/2025 11:00,6/8/2025 21:00
Breakfast Plate,Lucky Dog Casino,"19330 N US HWY 101, Skokomish, WA 98584",,6/15/2025 11:00,6/15/2025 21:00
Breakfast Plate,Lucky Dog Casino,"19330 N US HWY 101, Skokomish, WA 98584",,6/22/2025 11:00,6/22/2025 21:00
Breakfast Plate,Lucky Dog Casino,"19330 N US HWY 101, Skokomish, WA 98584",,6/29/2025 11:00,6/29/2025 21:00
Club Lucky Multiplier,Lucky Dog Casino,"19330 N US HWY 101, Skokomish, WA 98584",Exclusive point multiplier based on Club Lucky tier,6/3/2025 10:00,6/3/2025 18:00
Club Lucky Multiplier,Lucky Dog Casino,"19330 N US HWY 101, Skokomish, WA 98584",Exclusive point multiplier based on Club Lucky tier,6/10/2025 10:00,6/10/2025 18:00
Club Lucky Multiplier,Lucky Dog Casino,"19330 N US HWY 101, Skokomish, WA 98584",Exclusive point multiplier based on Club Lucky tier,6/17/2025 10:00,6/17/2025 18:00
Club Lucky Multiplier,Lucky Dog Casino,"19330 N US HWY 101, Skokomish, WA 98584",Exclusive point multiplier based on Club Lucky tier,6/24/2025 10:00,6/24/2025 18:00
Wearable Wednesdays,Lucky Dog Casino,"19330 N US HWY 101, Skokomish, WA 98584",Earn 50 base points for a free wearable,6/4/2025 10:00,6/4/2025 20:00
Wearable Wednesdays,Lucky Dog Casino,"19330 N US HWY 101, Skokomish, WA 98584",Earn 50 base points for a free wearable,6/11/2025 10:00,6/11/2025 20:00
Wearable Wednesdays,Lucky Dog Casino,"19330 N US HWY 101, Skokomish, WA 98584",Earn 50 base points for a free wearable,6/18/2025 10:00,6/18/2025 20:00
Wearable Wednesdays,Lucky Dog Casino,"19330 N US HWY 101, Skokomish, WA 98584",Earn 50 base points for a free wearable,6/25/2025 10:00,6/25/2025 20:00
Club Lucky Cash Drawing,Lucky Dog Casino,"19330 N US HWY 101, Skokomish, WA 98584",Cash hot seat drawings every 30 minutes,6/5/2025 18:00,6/5/2025 21:00
Club Lucky Cash Drawing,Lucky Dog Casino,"19330 N US HWY 101, Skokomish, WA 98584",Cash hot seat drawings every 30 minutes,6/12/2025 18:00,6/12/2025 21:00
Club Lucky Cash Drawing,Lucky Dog Casino,"19330 N US HWY 101, Skokomish, WA 98584",Cash hot seat drawings every 30 minutes,6/19/2025 18:00,6/19/2025 21:00
Club Lucky Cash Drawing,Lucky Dog Casino,"19330 N US HWY 101, Skokomish, WA 98584",Cash hot seat drawings every 30 minutes,6/26/2025 18:00,6/26/2025 21:00
Bigfoot Yeti or Bigfoot Game,Lucky Dog Casino,"19330 N US HWY 101, Skokomish, WA 98584","Chance to win up to $2,500 in Lucky Bucks",6/6/2025 18:00,6/6/2025 21:00
Bigfoot Yeti or Bigfoot Game,Lucky Dog Casino,"19330 N US HWY 101, Skokomish, WA 98584","Chance to win up to $2,500 in Lucky Bucks",6/13/2025 18:00,6/13/2025 21:00
Bigfoot Yeti or Bigfoot Game,Lucky Dog Casino,"19330 N US HWY 101, Skokomish, WA 98584","Chance to win up to $2,500 in Lucky Bucks",6/20/2025 18:00,6/20/2025 21:00
Bigfoot Yeti or Bigfoot Game,Lucky Dog Casino,"19330 N US HWY 101, Skokomish, WA 98584","Chance to win up to $2,500 in Lucky Bucks",6/27/2025 18:00,6/27/2025 21:00
Bigfoot or Yeti Gifting,Lucky Dog Casino,"19330 N US HWY 101, Skokomish, WA 98584",Free 10 oz. Rambler Yeti Tumbler (various colors),6/7/2025 14:00,6/7/2025 20:00
Bigfoot or Yeti Gifting,Lucky Dog Casino,"19330 N US HWY 101, Skokomish, WA 98584",Free Bigfoot Adventure Gear Bag,6/14/2025 14:00,6/14/2025 20:00
Bigfoot or Yeti Gifting,Lucky Dog Casino,"19330 N US HWY 101, Skokomish, WA 98584",Free 10 oz. Rambler Yeti Tumbler (various colors),6/21/2025 14:00,6/21/2025 20:00
Bigfoot or Yeti Gifting,Lucky Dog Casino,"19330 N US HWY 101, Skokomish, WA 98584",Free Bigfoot Beverage Tub Cooler or Insulated Daypack,6/28/2025 14:00,6/28/2025 20:00
2x Your Choice,Spirit Mountain Casino,"27100 SW Salmon River Hwy, Grand Ronde, OR 97347",Choose $25 free play or 2x slot points once per week,6/1/2025 0:00,6/7/2025 23:59
2x Your Choice,Spirit Mountain Casino,"27100 SW Salmon River Hwy, Grand Ronde, OR 97347",Choose $25 free play or 2x slot points once per week,6/8/2025 0:00,6/14/2025 23:59
2x Your Choice,Spirit Mountain Casino,"27100 SW Salmon River Hwy, Grand Ronde, OR 97347",Choose $25 free play or 2x slot points once per week,6/15/2025 0:00,6/21/2025 23:59
2x Your Choice,Spirit Mountain Casino,"27100 SW Salmon River Hwy, Grand Ronde, OR 97347",Choose $25 free play or 2x slot points once per week,6/22/2025 0:00,6/28/2025 23:59
2x Your Choice,Spirit Mountain Casino,"27100 SW Salmon River Hwy, Grand Ronde, OR 97347",Choose $25 free play or 2x slot points once per week,6/30/2025 0:00,6/30/2025 23:59
$15 Off Food,Spirit Mountain Casino,"27100 SW Salmon River Hwy, Grand Ronde, OR 97347",$15 off food once per week,6/2/2025 0:00,6/5/2025 23:59
$15 Off Food,Spirit Mountain Casino,"27100 SW Salmon River Hwy, Grand Ronde, OR 97347",$15 off food once per week,6/9/2025 0:00,6/12/2025 23:59
$15 Off Food,Spirit Mountain Casino,"27100 SW Salmon River Hwy, Grand Ronde, OR 97347",$15 off food once per week,6/16/2025 0:00,6/19/2025 23:59
$15 Off Food,Spirit Mountain Casino,"27100 SW Salmon River Hwy, Grand Ronde, OR 97347",$15 off food once per week,6/23/2025 0:00,6/26/2025 23:59
$15 Off Food,Spirit Mountain Casino,"27100 SW Salmon River Hwy, Grand Ronde, OR 97347",$15 off food once per week,6/30/2025 0:00,6/30/2025 23:59
Birthday Bonus,Spirit Mountain Casino,"27100 SW Salmon River Hwy, Grand Ronde, OR 97347",2x slot points during calendar week of birthday,6/29/2025 0:00,7/5/2025 23:59
Bring a Friend Day,Spirit Mountain Casino,"27100 SW Salmon River Hwy, Grand Ronde, OR 97347",Bring a friend to sign up; earn points and receive free gift,6/8/2025 0:00,6/8/2025 23:59
Going for the Green Kiosk Game,Spirit Mountain Casino,"27100 SW Salmon River Hwy, Grand Ronde, OR 97347","Play Tuesdays in June, win up to $1,000 free play",6/3/2025 0:00,6/3/2025 23:59
Going for the Green Kiosk Game,Spirit Mountain Casino,"27100 SW Salmon River Hwy, Grand Ronde, OR 97347","Play Tuesdays in June, win up to $1,000 free play",6/10/2025 0:00,6/10/2025 23:59
Going for the Green Kiosk Game,Spirit Mountain Casino,"27100 SW Salmon River Hwy, Grand Ronde, OR 97347","Play Tuesdays in June, win up to $1,000 free play",6/17/2025 0:00,6/17/2025 23:59
Going for the Green Kiosk Game,Spirit Mountain Casino,"27100 SW Salmon River Hwy, Grand Ronde, OR 97347","Play Tuesdays in June, win up to $1,000 free play",6/24/2025 0:00,6/24/2025 23:59
Ruby Exclusive Kiosk Game,Spirit Mountain Casino,"27100 SW Salmon River Hwy, Grand Ronde, OR 97347",Win food or free play,6/21/2025 0:00,6/21/2025 23:59
Multiplier Thursday,Spirit Mountain Casino,"27100 SW Salmon River Hwy, Grand Ronde, OR 97347",2x points on slots,6/5/2025 0:00,6/5/2025 23:59
Multiplier Thursday,Spirit Mountain Casino,"27100 SW Salmon River Hwy, Grand Ronde, OR 97347",3x points on slots,6/12/2025 0:00,6/12/2025 23:59
Multiplier Thursday,Spirit Mountain Casino,"27100 SW Salmon River Hwy, Grand Ronde, OR 97347",4x points on slots,6/19/2025 0:00,6/19/2025 23:59
Multiplier Thursday,Spirit Mountain Casino,"27100 SW Salmon River Hwy, Grand Ronde, OR 97347",5x points on slots,6/26/2025 0:00,6/26/2025 23:59
Free Gifts,Spirit Mountain Casino,"27100 SW Salmon River Hwy, Grand Ronde, OR 97347","Redeem gifts (Infinity Bracelet, Venetia Earrings, etc.)",6/8/2025 10:00,6/8/2025 20:00
Free Gifts,Spirit Mountain Casino,"27100 SW Salmon River Hwy, Grand Ronde, OR 97347","Redeem gifts (Infinity Bracelet, Venetia Earrings, etc.)",6/9/2025 10:00,6/9/2025 20:00
Free Gifts,Spirit Mountain Casino,"27100 SW Salmon River Hwy, Grand Ronde, OR 97347","Redeem gifts (Infinity Bracelet, Venetia Earrings, etc.)",6/15/2025 10:00,6/15/2025 20:00
Free Gifts,Spirit Mountain Casino,"27100 SW Salmon River Hwy, Grand Ronde, OR 97347","Redeem gifts (Infinity Bracelet, Venetia Earrings, etc.)",6/16/2025 10:00,6/16/2025 20:00
Free Gifts,Spirit Mountain Casino,"27100 SW Salmon River Hwy, Grand Ronde, OR 97347","Redeem gifts (Infinity Bracelet, Venetia Earrings, etc.)",6/22/2025 10:00,6/22/2025 20:00
Free Gifts,Spirit Mountain Casino,"27100 SW Salmon River Hwy, Grand Ronde, OR 97347","Redeem gifts (Infinity Bracelet, Venetia Earrings, etc.)",6/23/2025 10:00,6/23/2025 20:00
Mystery Free Play,Spirit Mountain Casino,"27100 SW Salmon River Hwy, Grand Ronde, OR 97347",Play mystery kiosk game up to twice,6/6/2025 0:00,6/8/2025 23:59
Titanium Gift Selection,ilani,"1 Cowlitz Way, Ridgefield, WA 98642",Free luxury gift for Titanium members,6/22/2025 12:00,6/22/2025 20:00
Free Wireless Soundbar,Muckleshoot Casino,"3402 Auburn Way South, Auburn, WA 98002",Lifestyle Advanced High Definition Wireless Soundbar Speaker   free for qualified guests,6/15/2025 10:00,6/15/2025 18:00
Free Blinkie Necklace on Your Birthday,Wildhorse Casino,"46510 Wildhorse Blvd. Pendleton, OR 97801",Free blinkie necklace on your birthday,6/29/2025 0:00,6/29/2025 23:59
$5 U-Pick Birthday Week Offer,Wildhorse Casino,"46510 Wildhorse Blvd. Pendleton, OR 97801","Pick your present: dining, freeplay, or matchplay",6/23/2025 0:00,6/29/2025 23:59
"$3,000 Birthday Drawings",Wildhorse Casino,"46510 Wildhorse Blvd. Pendleton, OR 97801","$3,000 in prizes • Drawings 1 3pm",6/29/2025 13:00,6/29/2025 15:00
Kiosk Game & Sweet Treat,Rolling Hills Casino,"2655 Everett Freeman Way, Corning, CA 96021","$1,000 in free slot play and a sweet treat from Double Down",6/17/2025 12:00,6/17/2025 21:00
Birthday Free Play,Rolling Hills Casino,"2655 Everett Freeman Way, Corning, CA 96021","Up to $100 in free slot play, valid once during your birthday month",6/1/2025 0:00,6/30/2025 23:59
Birthday Treat Voucher,Rolling Hills Casino,"2655 Everett Freeman Way, Corning, CA 96021",Redeem birthday treat voucher at promotional kiosk and bring to Double Down Cafe within 30 days,6/17/2025 0:00,6/17/2025 23:59
$40 Free Play,Lucky Eagle Casino,"12888 188th Avenue SW, Rochester, WA 98579",$40 Free Play,5/31/2025 0:00,6/5/2025 23:59
$40 Friday Bonus,Lucky Eagle Casino,"12888 188th Avenue SW, Rochester, WA 98579",$40 Free Play,6/6/2025 0:00,6/6/2025 23:59
$40 Free Play,Lucky Eagle Casino,"12888 188th Avenue SW, Rochester, WA 98579",$40 Free Play,6/7/2025 0:00,6/12/2025 23:59
$40 Friday Bonus,Lucky Eagle Casino,"12888 188th Avenue SW, Rochester, WA 98579",$40 Free Play,6/13/2025 0:00,6/13/2025 23:59
$40 Free Play,Lucky Eagle Casino,"12888 188th Avenue SW, Rochester, WA 98579",$40 Free Play,6/14/2025 0:00,6/19/2025 23:59
$40 Friday Bonus,Lucky Eagle Casino,"12888 188th Avenue SW, Rochester, WA 98579",$40 Free Play,6/20/2025 0:00,6/20/2025 23:59
$40 Free Play,Lucky Eagle Casino,"12888 188th Avenue SW, Rochester, WA 98579",$40 Free Play,6/21/2025 0:00,6/29/2025 23:59
$40 Friday Bonus,Lucky Eagle Casino,"12888 188th Avenue SW, Rochester, WA 98579",$40 Free Play,6/27/2025 0:00,6/27/2025 23:59
Stay 'n Play Hotel Offer,Lucky Eagle Casino,"12888 188th Avenue SW, Rochester, WA 98579",2 Free Standard Rooms (Sun Fri),6/1/2025 0:00,6/27/2025 23:59
RV Stay Offer,Lucky Eagle Casino,"12888 188th Avenue SW, Rochester, WA 98579",2 Free RV Stays (Any Day),5/31/2025 0:00,6/27/2025 23:59
Lucky's Big 30,Lucky Eagle Casino,"12888 188th Avenue SW, Rochester, WA 98579","30x Points, Special Appearance",6/30/2025 16:30,6/30/2025 19:30
Golden Ticket Gift-Away Celebration,Lucky Eagle Casino,"12888 188th Avenue SW, Rochester, WA 98579","Win up to $15,000   One Gift per Person",6/21/2025 12:00,6/21/2025 18:00
Lucky's 30K Block Party,Lucky Eagle Casino,"12888 188th Avenue SW, Rochester, WA 98579","$1,000 Cash + $500 Free Play (Every 30 min); $5,000 Grand Prize",6/14/2025 12:00,6/14/2025 18:00
Birthday Blowout,Lucky Eagle Casino,"12888 188th Avenue SW, Rochester, WA 98579","$250 $5,000 Free Play + $30,000 Grand Prize",6/7/2025 16:00,6/7/2025 20:00
"$74,000 Sweepstakes   1775 Lund Impact",ilani,"1 Cowlitz Way, Ridgefield, WA 98642",Free entry each day + entry per status point; Entry Multiplier Sundays & Mondays,6/1/2025 0:00,6/29/2025 23:59
Entry Multiplier Sunday,ilani,"1 Cowlitz Way, Ridgefield, WA 98642",Multiple entries per status point,6/1/2025 0:00,6/1/2025 23:59
Entry Multiplier Sunday,ilani,"1 Cowlitz Way, Ridgefield, WA 98642",Multiple entries per status point,6/8/2025 0:00,6/8/2025 23:59
Entry Multiplier Sunday,ilani,"1 Cowlitz Way, Ridgefield, WA 98642",Multiple entries per status point,6/15/2025 0:00,6/15/2025 23:59
Entry Multiplier Sunday,ilani,"1 Cowlitz Way, Ridgefield, WA 98642",Multiple entries per status point,6/22/2025 0:00,6/22/2025 23:59
Entry Multiplier Monday,ilani,"1 Cowlitz Way, Ridgefield, WA 98642",Multiple entries per status point,6/2/2025 0:00,6/2/2025 23:59
Entry Multiplier Monday,ilani,"1 Cowlitz Way, Ridgefield, WA 98642",Multiple entries per status point,6/9/2025 0:00,6/9/2025 23:59
Entry Multiplier Monday,ilani,"1 Cowlitz Way, Ridgefield, WA 98642",Multiple entries per status point,6/16/2025 0:00,6/16/2025 23:59
Entry Multiplier Monday,ilani,"1 Cowlitz Way, Ridgefield, WA 98642",Multiple entries per status point,6/23/2025 0:00,6/23/2025 23:59
Grand Finale   1775 Lund Impact,ilani,"1 Cowlitz Way, Ridgefield, WA 98642","Entry Activation 14:00 18:40; $1,000 Hot Seats 15:00 18:40; Grand Prize 19:00",6/29/2025 14:00,6/29/2025 19:00
Delicious Dough   Promo Play,ilani,"1 Cowlitz Way, Ridgefield, WA 98642","Promo kiosk pick for up to $1,000 promo play",6/13/2025 0:00,6/13/2025 23:59
June Gift   HEX Cookware,ilani,"1 Cowlitz Way, Ridgefield, WA 98642",Free gift Tuesdays/Wednesdays,6/3/2025 12:00,6/3/2025 20:00
June Gift   HEX Cookware,ilani,"1 Cowlitz Way, Ridgefield, WA 98642",Free gift Tuesdays/Wednesdays,6/4/2025 12:00,6/4/2025 20:00
June Gift   HEX Cookware,ilani,"1 Cowlitz Way, Ridgefield, WA 98642",Free gift Tuesdays/Wednesdays,6/10/2025 12:00,6/10/2025 20:00
June Gift   HEX Cookware,ilani,"1 Cowlitz Way, Ridgefield, WA 98642",Free gift Tuesdays/Wednesdays,6/11/2025 12:00,6/11/2025 20:00
June Gift   HEX Cookware,ilani,"1 Cowlitz Way, Ridgefield, WA 98642",Free gift Tuesdays/Wednesdays,6/17/2025 12:00,6/17/2025 20:00
June Gift   HEX Cookware,ilani,"1 Cowlitz Way, Ridgefield, WA 98642",Free gift Tuesdays/Wednesdays,6/18/2025 12:00,6/18/2025 20:00
June Gift   HEX Cookware,ilani,"1 Cowlitz Way, Ridgefield, WA 98642",Free gift Tuesdays/Wednesdays,6/24/2025 12:00,6/24/2025 20:00
June Gift   HEX Cookware,ilani,"1 Cowlitz Way, Ridgefield, WA 98642",Free gift Tuesdays/Wednesdays,6/25/2025 12:00,6/25/2025 20:00
2X Status Points,ilani,"1 Cowlitz Way, Ridgefield, WA 98642",Play with card and earn double status points,6/3/2025 6:00,6/5/2025 5:59
2X Status Points,ilani,"1 Cowlitz Way, Ridgefield, WA 98642",Play with card and earn double status points,6/17/2025 6:00,6/19/2025 5:59
2X Rewards Dollars,ilani,"1 Cowlitz Way, Ridgefield, WA 98642",Earn 2X rewards dollars,6/10/2025 6:00,6/12/2025 5:59
2X Rewards Dollars,ilani,"1 Cowlitz Way, Ridgefield, WA 98642",Earn 2X rewards dollars,6/24/2025 6:00,6/26/2025 5:59
Beat the Heat Hot Seats,ilani,"1 Cowlitz Way, Ridgefield, WA 98642","$1,000 hot seats 19:00 21:40; $5,000 grand prize 22:00",6/5/2025 19:00,6/5/2025 22:00
Beat the Heat Hot Seats,ilani,"1 Cowlitz Way, Ridgefield, WA 98642","$1,000 hot seats 19:00 21:40; $5,000 grand prize 22:00",6/12/2025 19:00,6/12/2025 22:00
Beat the Heat Hot Seats,ilani,"1 Cowlitz Way, Ridgefield, WA 98642","$1,000 hot seats 19:00 21:40; $5,000 grand prize 22:00",6/19/2025 19:00,6/19/2025 22:00
Beat the Heat Hot Seats,ilani,"1 Cowlitz Way, Ridgefield, WA 98642","$1,000 hot seats 19:00 21:40; $5,000 grand prize 22:00",6/26/2025 19:00,6/26/2025 22:00
Endless Summer T-Shirt Giveaway,ilani,"1 Cowlitz Way, Ridgefield, WA 98642",Earn 8 status points and redeem at promotions area,6/6/2025 12:00,6/6/2025 20:00
Endless Summer T-Shirt Giveaway,ilani,"1 Cowlitz Way, Ridgefield, WA 98642",Earn 8 status points and redeem at promotions area,6/13/2025 12:00,6/13/2025 20:00
Endless Summer T-Shirt Giveaway,ilani,"1 Cowlitz Way, Ridgefield, WA 98642",Earn 8 status points and redeem at promotions area,6/20/2025 12:00,6/20/2025 20:00
Endless Summer T-Shirt Giveaway,ilani,"1 Cowlitz Way, Ridgefield, WA 98642",Earn 8 status points and redeem at promotions area,6/27/2025 12:00,6/27/2025 20:00
BBQ Fest,ilani,"1 Cowlitz Way, Ridgefield, WA 98642",$10 promo play for attendees,6/14/2025 0:00,6/15/2025 23:59
BBQ Fest Hot Seats,ilani,"1 Cowlitz Way, Ridgefield, WA 98642","$1,000 hot seats 15:30 18:10; $25,000 grand prize",6/14/2025 15:30,6/14/2025 18:10
Slot Play Offer,ilani,"1 Cowlitz Way, Ridgefield, WA 98642",$35 slot play,6/1/2025 6:00,6/2/2025 5:59
Slot Play Offer,ilani,"1 Cowlitz Way, Ridgefield, WA 98642",$35 slot play,6/5/2025 6:00,6/6/2025 5:59
Slot Play Offer,ilani,"1 Cowlitz Way, Ridgefield, WA 98642",$35 slot play,6/8/2025 6:00,6/9/2025 5:59
Slot Play Offer,ilani,"1 Cowlitz Way, Ridgefield, WA 98642",$35 slot play,6/12/2025 6:00,6/13/2025 5:59
Slot Play Offer,ilani,"1 Cowlitz Way, Ridgefield, WA 98642",$35 slot play,6/16/2025 6:00,6/17/2025 5:59
Slot Play Offer,ilani,"1 Cowlitz Way, Ridgefield, WA 98642",$35 slot play,6/19/2025 6:00,6/19/2025 23:59
Slot Play Offer,ilani,"1 Cowlitz Way, Ridgefield, WA 98642",$35 slot play,6/20/2025 6:00,6/22/2025 5:59
Slot Play Offer,ilani,"1 Cowlitz Way, Ridgefield, WA 98642",$35 slot play,6/23/2025 6:00,6/23/2025 23:59
Slot Play Offer,ilani,"1 Cowlitz Way, Ridgefield, WA 98642",$35 slot play,6/26/2025 6:00,6/27/2025 5:59
Slot Play Offer,ilani,"1 Cowlitz Way, Ridgefield, WA 98642",$35 slot play,6/29/2025 6:00,6/30/2025 5:59
Dining & Shopping Rewards,ilani,"1 Cowlitz Way, Ridgefield, WA 98642",$15 reward,6/1/2025 0:00,6/15/2025 23:59
Dining & Shopping Rewards,ilani,"1 Cowlitz Way, Ridgefield, WA 98642",$15 reward,6/16/2025 0:00,6/30/2025 23:59
Swimming in Riches   Bonus Slot Play,ilani,"1 Cowlitz Way, Ridgefield, WA 98642",$40 slot play,6/28/2025 0:00,6/28/2025 23:59
Mystery Bonus Free Play,Muckleshoot Casino,"3402 Auburn Way South, Auburn, WA 98002",Receive $20 up to $200 in bonus free play,6/21/2025 7:00,6/21/2025 23:59
Birthday Month Kiosk Game,Snoqualmie Casino,"37500 SE North Bend Way, Snoqualmie, WA 98065",Visit any Crescent Club kiosk to play. Limit one per year.,6/1/2025 0:00,6/30/2025 23:59
$40 Freeplay,Snoqualmie Casino,"37500 SE North Bend Way, Snoqualmie, WA 98065",Freeplay automatically uploaded. Redeem at any slot machine.,6/17/2025 6:00,6/19/2025 23:59
$40 Freeplay,Snoqualmie Casino,"37500 SE North Bend Way, Snoqualmie, WA 98065",Freeplay automatically uploaded. Redeem at any slot machine.,6/20/2025 6:00,6/22/2025 23:59
$40 Freeplay,Snoqualmie Casino,"37500 SE North Bend Way, Snoqualmie, WA 98065",Freeplay automatically uploaded. Redeem at any slot machine.,6/23/2025 6:00,6/23/2025 23:59
$40 Freeplay,Snoqualmie Casino,"37500 SE North Bend Way, Snoqualmie, WA 98065",Freeplay automatically uploaded. Redeem at any slot machine.,6/24/2025 6:00,6/26/2025 23:59
$40 Freeplay,Snoqualmie Casino,"37500 SE North Bend Way, Snoqualmie, WA 98065",Freeplay automatically uploaded. Redeem at any slot machine.,6/27/2025 6:00,6/29/2025 23:59
"$1,000,000 Cruisin Into Summer Drawings",Snoqualmie Casino,"37500 SE North Bend Way, Snoqualmie, WA 98065",Elite Plus Drawings,6/1/2025 18:00,6/1/2025 22:00
"$1,000,000 Cruisin Into Summer Drawings",Snoqualmie Casino,"37500 SE North Bend Way, Snoqualmie, WA 98065",,6/8/2025 18:00,6/8/2025 22:00
"$1,000,000 Cruisin Into Summer Drawings",Snoqualmie Casino,"37500 SE North Bend Way, Snoqualmie, WA 98065",,6/15/2025 18:00,6/15/2025 22:00
"$1,000,000 Cruisin Into Summer Drawings",Snoqualmie Casino,"37500 SE North Bend Way, Snoqualmie, WA 98065",,6/22/2025 18:00,6/22/2025 22:00
"$1,000,000 Cruisin Summer Grand Finale",Snoqualmie Casino,"37500 SE North Bend Way, Snoqualmie, WA 98065",,6/29/2025 18:00,6/29/2025 22:00
Free Gas Giveaway,Snoqualmie Casino,"37500 SE North Bend Way, Snoqualmie, WA 98065",Earn 500x entries,6/3/2025 0:00,6/3/2025 23:59
Free Gas Giveaway,Snoqualmie Casino,"37500 SE North Bend Way, Snoqualmie, WA 98065",Earn 500x entries,6/9/2025 0:00,6/9/2025 23:59
Grand Silver,Snoqualmie Casino,"37500 SE North Bend Way, Snoqualmie, WA 98065",,6/9/2025 8:00,6/9/2025 20:00
Free Gas Giveaway,Snoqualmie Casino,"37500 SE North Bend Way, Snoqualmie, WA 98065",Earn 500x entries,6/16/2025 0:00,6/16/2025 23:59
Free Gas Giveaway,Snoqualmie Casino,"37500 SE North Bend Way, Snoqualmie, WA 98065",Earn 500x entries,6/23/2025 0:00,6/23/2025 23:59
Grand Gold,Snoqualmie Casino,"37500 SE North Bend Way, Snoqualmie, WA 98065",,6/23/2025 10:00,6/23/2025 22:00
Earn 4X Points,Snoqualmie Casino,"37500 SE North Bend Way, Snoqualmie, WA 98065",,6/3/2025 8:00,6/3/2025 12:00
Earn 4X Points,Snoqualmie Casino,"37500 SE North Bend Way, Snoqualmie, WA 98065",,6/3/2025 22:00,6/4/2025 2:00
Earn 4X Points,Snoqualmie Casino,"37500 SE North Bend Way, Snoqualmie, WA 98065",,6/10/2025 8:00,6/10/2025 12:00
Earn 4X Points,Snoqualmie Casino,"37500 SE North Bend Way, Snoqualmie, WA 98065",,6/10/2025 22:00,6/11/2025 2:00
Earn 4X Points,Snoqualmie Casino,"37500 SE North Bend Way, Snoqualmie, WA 98065",,6/17/2025 8:00,6/17/2025 12:00
Earn 4X Points,Snoqualmie Casino,"37500 SE North Bend Way, Snoqualmie, WA 98065",,6/17/2025 22:00,6/18/2025 2:00
Earn 4X Points,Snoqualmie Casino,"37500 SE North Bend Way, Snoqualmie, WA 98065",,6/24/2025 8:00,6/24/2025 12:00
Earn 4X Points,Snoqualmie Casino,"37500 SE North Bend Way, Snoqualmie, WA 98065",,6/24/2025 22:00,6/25/2025 2:00
Vault of Riches,Snoqualmie Casino,"37500 SE North Bend Way, Snoqualmie, WA 98065",,6/4/2025 10:00,6/4/2025 22:00
Vault of Riches,Snoqualmie Casino,"37500 SE North Bend Way, Snoqualmie, WA 98065",,6/11/2025 10:00,6/11/2025 22:00
Vault of Riches,Snoqualmie Casino,"37500 SE North Bend Way, Snoqualmie, WA 98065",,6/18/2025 10:00,6/18/2025 22:00
Vault of Riches,Snoqualmie Casino,"37500 SE North Bend Way, Snoqualmie, WA 98065",,6/25/2025 10:00,6/25/2025 22:00
Stack Your Winnings,Snoqualmie Casino,"37500 SE North Bend Way, Snoqualmie, WA 98065",,6/5/2025 0:00,6/5/2025 23:59
Free Gas Giveaway,Snoqualmie Casino,"37500 SE North Bend Way, Snoqualmie, WA 98065",,6/6/2025 16:00,6/6/2025 23:00
Stack Your Winnings,Snoqualmie Casino,"37500 SE North Bend Way, Snoqualmie, WA 98065",,6/12/2025 0:00,6/12/2025 23:59
Free Gas Giveaway,Snoqualmie Casino,"37500 SE North Bend Way, Snoqualmie, WA 98065",,6/13/2025 16:00,6/13/2025 23:00
Stack Your Winnings,Snoqualmie Casino,"37500 SE North Bend Way, Snoqualmie, WA 98065",,6/19/2025 0:00,6/19/2025 23:59
Free Gas Giveaway,Snoqualmie Casino,"37500 SE North Bend Way, Snoqualmie, WA 98065",,6/20/2025 16:00,6/20/2025 23:00
Stack Your Winnings,Snoqualmie Casino,"37500 SE North Bend Way, Snoqualmie, WA 98065",,6/26/2025 0:00,6/26/2025 23:59
Free Gas Giveaway,Snoqualmie Casino,"37500 SE North Bend Way, Snoqualmie, WA 98065",,6/27/2025 16:00,6/27/2025 23:00
Saturday Hot Seats,Snoqualmie Casino,"37500 SE North Bend Way, Snoqualmie, WA 98065",,6/7/2025 19:00,6/8/2025 0:00
Saturday Hot Seats,Snoqualmie Casino,"37500 SE North Bend Way, Snoqualmie, WA 98065",,6/14/2025 19:00,6/15/2025 0:00
Saturday Hot Seats,Snoqualmie Casino,"37500 SE North Bend Way, Snoqualmie, WA 98065",,6/21/2025 19:00,6/22/2025 0:00
Saturday Hot Seats,Snoqualmie Casino,"37500 SE North Bend Way, Snoqualmie, WA 98065",,6/28/2025 19:00,6/29/2025 0:00
$50 FreePlay Offer,Wildhorse Casino,"46510 Wildhorse Blvd. Pendleton, OR 97801",$50 FreePlay loaded to Club Wild account,6/20/2025 4:00,6/26/2025 23:59
$50 FreePlay Offer,Wildhorse Casino,"46510 Wildhorse Blvd. Pendleton, OR 97801",$50 FreePlay loaded to Club Wild account,6/27/2025 4:00,7/3/2025 23:59
Standard Room Night Offer,Wildhorse Casino,"46510 Wildhorse Blvd. Pendleton, OR 97801",One free standard room night (upgrade charges apply),6/20/2025 0:00,6/26/2025 23:59
Standard Room Night Offer,Wildhorse Casino,"46510 Wildhorse Blvd. Pendleton, OR 97801",One free standard room night (upgrade charges apply),6/27/2025 0:00,7/3/2025 23:59
Birthday Bucks Bash,Lucky Eagle Casino,"12888 188th Avenue SW, Rochester, WA 98579",Up to $100 in Free Play,6/5/2025 10:00,6/5/2025 23:59
Birthday Bucks Bash,Lucky Eagle Casino,"12888 188th Avenue SW, Rochester, WA 98579",Up to $100 in Free Play,6/12/2025 10:00,6/12/2025 23:59
Birthday Bucks Bash,Lucky Eagle Casino,"12888 188th Avenue SW, Rochester, WA 98579",Up to $100 in Free Play,6/19/2025 10:00,6/19/2025 23:59
Birthday Bucks Bash,Lucky Eagle Casino,"12888 188th Avenue SW, Rochester, WA 98579",Up to $100 in Free Play,6/26/2025 10:00,6/26/2025 23:59
$25 Bonus Free Play,Muckleshoot Casino,"3402 Auburn Way South, Auburn, WA 98002",$25 Bonus Free Play,7/2/2025 7:00,7/3/2025 23:59
$20 Bonus Free Play,Muckleshoot Casino,"3402 Auburn Way South, Auburn, WA 98002",$20 Bonus Free Play,6/29/2025 7:00,6/30/2025 23:59
"Pharaoh's Wednesday $5,000 Cash Drawing",Muckleshoot Casino,"3402 Auburn Way South, Auburn, WA 98002","Chance to win up to $5,000 in cash",7/2/2025 0:00,7/2/2025 23:59
"Pharaoh's Wednesday $5,000 Cash Drawing",Muckleshoot Casino,"3402 Auburn Way South, Auburn, WA 98002","Chance to win up to $5,000 in cash",7/9/2025 0:00,7/9/2025 23:59
"Pharaoh's Wednesday $5,000 Cash Drawing",Muckleshoot Casino,"3402 Auburn Way South, Auburn, WA 98002","Chance to win up to $5,000 in cash",7/16/2025 0:00,7/16/2025 23:59
"Pharaoh's Wednesday $5,000 Cash Drawing",Muckleshoot Casino,"3402 Auburn Way South, Auburn, WA 98002","Chance to win up to $5,000 in cash",7/23/2025 0:00,7/23/2025 23:59
"Pharaoh's Wednesday $5,000 Cash Drawing",Muckleshoot Casino,"3402 Auburn Way South, Auburn, WA 98002","Chance to win up to $5,000 in cash",7/30/2025 0:00,7/30/2025 23:59
Free July Gifts,ilani,"1 Cowlitz Way, Ridgefield, WA 98642","Rolling Cooler, Tent, Stove, Chair, Mattress",7/1/2025 12:00,7/1/2025 20:00
Free July Gifts,ilani,"1 Cowlitz Way, Ridgefield, WA 98642","Rolling Cooler, Tent, Stove, Chair, Mattress",7/2/2025 12:00,7/2/2025 20:00
Free July Gifts,ilani,"1 Cowlitz Way, Ridgefield, WA 98642","Rolling Cooler, Tent, Stove, Chair, Mattress",7/8/2025 12:00,7/8/2025 20:00
Free July Gifts,ilani,"1 Cowlitz Way, Ridgefield, WA 98642","Rolling Cooler, Tent, Stove, Chair, Mattress",7/9/2025 12:00,7/9/2025 20:00
Free July Gifts,ilani,"1 Cowlitz Way, Ridgefield, WA 98642","Rolling Cooler, Tent, Stove, Chair, Mattress",7/15/2025 12:00,7/15/2025 20:00
Free July Gifts,ilani,"1 Cowlitz Way, Ridgefield, WA 98642","Rolling Cooler, Tent, Stove, Chair, Mattress",7/16/2025 12:00,7/16/2025 20:00
Free July Gifts,ilani,"1 Cowlitz Way, Ridgefield, WA 98642","Rolling Cooler, Tent, Stove, Chair, Mattress",7/22/2025 12:00,7/22/2025 20:00
Free July Gifts,ilani,"1 Cowlitz Way, Ridgefield, WA 98642","Rolling Cooler, Tent, Stove, Chair, Mattress",7/23/2025 12:00,7/23/2025 20:00
Free July Gifts,ilani,"1 Cowlitz Way, Ridgefield, WA 98642","Rolling Cooler, Tent, Stove, Chair, Mattress",7/29/2025 12:00,7/29/2025 20:00
Free July Gifts,ilani,"1 Cowlitz Way, Ridgefield, WA 98642","Rolling Cooler, Tent, Stove, Chair, Mattress",7/30/2025 12:00,7/30/2025 20:00
Toyota Land Cruiser Giveaway - Entry Multiplier,ilani,"1 Cowlitz Way, Ridgefield, WA 98642",3x-5x Entries with Status Points,7/6/2025 0:00,7/6/2025 23:59
Toyota Land Cruiser Giveaway - Entry Multiplier,ilani,"1 Cowlitz Way, Ridgefield, WA 98642",3x-5x Entries with Status Points,7/13/2025 0:00,7/13/2025 23:59
Toyota Land Cruiser Giveaway - Entry Multiplier,ilani,"1 Cowlitz Way, Ridgefield, WA 98642",3x-5x Entries with Status Points,7/20/2025 0:00,7/20/2025 23:59
Toyota Land Cruiser Giveaway - Entry Multiplier,ilani,"1 Cowlitz Way, Ridgefield, WA 98642",3x-5x Entries with Status Points,7/7/2025 0:00,7/7/2025 23:59
Toyota Land Cruiser Giveaway - Entry Multiplier,ilani,"1 Cowlitz Way, Ridgefield, WA 98642",3x-5x Entries with Status Points,7/14/2025 0:00,7/14/2025 23:59
Toyota Land Cruiser Giveaway - Entry Multiplier,ilani,"1 Cowlitz Way, Ridgefield, WA 98642",3x-5x Entries with Status Points,7/21/2025 0:00,7/21/2025 23:59
Toyota Land Cruiser Grand Finale,ilani,"1 Cowlitz Way, Ridgefield, WA 98642","$1,000 Promo Play + Grand Prize Entry",7/26/2025 15:00,7/26/2025 20:00
2x Status Points,ilani,"1 Cowlitz Way, Ridgefield, WA 98642",2x Status Points with Rewards Card,7/1/2025 6:00,7/3/2025 5:59
2x Status Points,ilani,"1 Cowlitz Way, Ridgefield, WA 98642",2x Status Points with Rewards Card,7/15/2025 6:00,7/17/2025 5:59
2x Status Points,ilani,"1 Cowlitz Way, Ridgefield, WA 98642",2x Status Points with Rewards Card,7/29/2025 6:00,7/31/2025 5:59
Double Rewards Dollars,ilani,"1 Cowlitz Way, Ridgefield, WA 98642",2x Rewards Dollars for Shopping/Hotel,7/8/2025 6:00,7/10/2025 5:59
Double Rewards Dollars,ilani,"1 Cowlitz Way, Ridgefield, WA 98642",2x Rewards Dollars for Shopping/Hotel,7/22/2025 6:00,7/24/2025 5:59
Fourth of July Fireworks Kiosk Game,ilani,"1 Cowlitz Way, Ridgefield, WA 98642","Guaranteed $20-$1,000 Promo Play",7/4/2025 0:00,7/4/2025 23:59
Beat the Heat Hot Seats,ilani,"1 Cowlitz Way, Ridgefield, WA 98642","$14,000 in Promo Play & $5,000 Cash",7/3/2025 19:00,7/3/2025 22:00
Beat the Heat Hot Seats,ilani,"1 Cowlitz Way, Ridgefield, WA 98642","$14,000 in Promo Play & $5,000 Cash",7/10/2025 19:00,7/10/2025 22:00
Beat the Heat Hot Seats,ilani,"1 Cowlitz Way, Ridgefield, WA 98642","$14,000 in Promo Play & $5,000 Cash",7/17/2025 19:00,7/17/2025 22:00
Beat the Heat Hot Seats,ilani,"1 Cowlitz Way, Ridgefield, WA 98642","$14,000 in Promo Play & $5,000 Cash",7/24/2025 19:00,7/24/2025 22:00
Beat the Heat Hot Seats,ilani,"1 Cowlitz Way, Ridgefield, WA 98642","$14,000 in Promo Play & $5,000 Cash",7/31/2025 19:00,7/31/2025 22:00
Endless Summer Fridays T-Shirt Giveaway,ilani,"1 Cowlitz Way, Ridgefield, WA 98642",T-Shirt after earning 8 Status Points,7/4/2025 6:00,7/4/2025 20:00
Endless Summer Fridays T-Shirt Giveaway,ilani,"1 Cowlitz Way, Ridgefield, WA 98642",T-Shirt after earning 8 Status Points,7/11/2025 6:00,7/11/2025 20:00
Endless Summer Fridays T-Shirt Giveaway,ilani,"1 Cowlitz Way, Ridgefield, WA 98642",T-Shirt after earning 8 Status Points,7/18/2025 6:00,7/18/2025 20:00
Endless Summer Fridays T-Shirt Giveaway,ilani,"1 Cowlitz Way, Ridgefield, WA 98642",T-Shirt after earning 8 Status Points,7/25/2025 6:00,7/25/2025 20:00
Amazon Gift Card Giveaway,ilani,"1 Cowlitz Way, Ridgefield, WA 98642",$20 Amazon Gift Card per 40 Status Points,7/13/2025 12:00,7/13/2025 20:00
$35 Slot Play,ilani,"1 Cowlitz Way, Ridgefield, WA 98642",$35 Slot Play Download from Kiosk,7/3/2025 6:00,7/4/2025 5:59
$35 Slot Play,ilani,"1 Cowlitz Way, Ridgefield, WA 98642",$35 Slot Play Download from Kiosk,7/5/2025 6:00,7/8/2025 5:59
$35 Slot Play,ilani,"1 Cowlitz Way, Ridgefield, WA 98642",$35 Slot Play Download from Kiosk,7/10/2025 6:00,7/12/2025 5:59
$35 Slot Play,ilani,"1 Cowlitz Way, Ridgefield, WA 98642",$35 Slot Play Download from Kiosk,7/14/2025 6:00,7/15/2025 5:59
$35 Slot Play,ilani,"1 Cowlitz Way, Ridgefield, WA 98642",$35 Slot Play Download from Kiosk,7/17/2025 6:00,7/18/2025 5:59
$35 Slot Play,ilani,"1 Cowlitz Way, Ridgefield, WA 98642",$35 Slot Play Download from Kiosk,7/18/2025 6:00,7/20/2025 5:59
$35 Slot Play,ilani,"1 Cowlitz Way, Ridgefield, WA 98642",$35 Slot Play Download from Kiosk,7/21/2025 6:00,7/22/2025 5:59
$35 Slot Play,ilani,"1 Cowlitz Way, Ridgefield, WA 98642",$35 Slot Play Download from Kiosk,7/24/2025 6:00,7/27/2025 5:59
$35 Slot Play,ilani,"1 Cowlitz Way, Ridgefield, WA 98642",$35 Slot Play Download from Kiosk,7/28/2025 6:00,7/29/2025 5:59
$35 Slot Play,ilani,"1 Cowlitz Way, Ridgefield, WA 98642",$35 Slot Play Download from Kiosk,7/31/2025 6:00,8/1/2025 5:59
Daytime Bonus,ilani,"1 Cowlitz Way, Ridgefield, WA 98642",Guaranteed $40 in Slot Play,7/12/2025 6:00,7/13/2025 5:59
Daytime Bonus,ilani,"1 Cowlitz Way, Ridgefield, WA 98642",Guaranteed $40 in Slot Play,7/27/2025 6:00,7/27/2025 18:00
Dining & Shopping Rewards,ilani,"1 Cowlitz Way, Ridgefield, WA 98642",$15 Dining/Shopping Credit,7/1/2025 0:00,7/15/2025 23:59
Dining & Shopping Rewards,ilani,"1 Cowlitz Way, Ridgefield, WA 98642",$15 Dining/Shopping Credit,7/16/2025 0:00,7/31/2025 23:59
Jackpot Pinata Mystery Bonus,ilani,"1 Cowlitz Way, Ridgefield, WA 98642","Guaranteed $40 up to $5,000 in Slot Play",7/20/2025 6:00,7/21/2025 5:59
Club Red Jackpot Drawing,Red Wind Casino,"12819 Yelm Hwy. SE, Olympia, WA 98513","$5,000 or $10,000 cash (must qualify via jackpot wins)",7/26/2025 18:00,7/26/2025 21:00
"$20,000 Cash Drawing",Red Wind Casino,"12819 Yelm Hwy. SE, Olympia, WA 98513","$20,000 cash + $20 in slot free play",7/2/2025 20:00,7/2/2025 20:00
"$75,000 Bonanza Giveaway",Red Wind Casino,"12819 Yelm Hwy. SE, Olympia, WA 98513","$25,000 cash",7/5/2025 21:00,7/5/2025 21:00
"$75,000 Bonanza Giveaway",Red Wind Casino,"12819 Yelm Hwy. SE, Olympia, WA 98513","$25,000 cash",7/12/2025 21:00,7/12/2025 21:00
"$75,000 Bonanza Giveaway",Red Wind Casino,"12819 Yelm Hwy. SE, Olympia, WA 98513","$25,000 cash",7/19/2025 21:00,7/19/2025 21:00
Weekly Loyalty Offer,Red Wind Casino,"12819 Yelm Hwy. SE, Olympia, WA 98513",$25 free play,7/3/2025 0:00,7/8/2025 23:59
Weekly Loyalty Offer,Red Wind Casino,"12819 Yelm Hwy. SE, Olympia, WA 98513",$25 free play,7/10/2025 0:00,7/15/2025 23:59
Weekly Loyalty Offer,Red Wind Casino,"12819 Yelm Hwy. SE, Olympia, WA 98513",$25 free play,7/17/2025 0:00,7/22/2025 23:59
Weekly Loyalty Offer,Red Wind Casino,"12819 Yelm Hwy. SE, Olympia, WA 98513",$25 free play,7/24/2025 0:00,7/29/2025 23:59
Fortune Dragon Wheel,Red Wind Casino,"12819 Yelm Hwy. SE, Olympia, WA 98513","Up to $5,000 cash or slot free play",7/3/2025 18:00,7/3/2025 21:00
Fortune Dragon Wheel,Red Wind Casino,"12819 Yelm Hwy. SE, Olympia, WA 98513","Up to $5,000 cash or slot free play",7/10/2025 18:00,7/10/2025 21:00
Fortune Dragon Wheel,Red Wind Casino,"12819 Yelm Hwy. SE, Olympia, WA 98513","Up to $5,000 cash or slot free play",7/17/2025 18:00,7/17/2025 21:00
Fortune Dragon Wheel,Red Wind Casino,"12819 Yelm Hwy. SE, Olympia, WA 98513","Up to $5,000 cash or slot free play",7/24/2025 18:00,7/24/2025 21:00
Fortune Dragon Wheel,Red Wind Casino,"12819 Yelm Hwy. SE, Olympia, WA 98513","Up to $5,000 cash or slot free play",7/31/2025 18:00,7/31/2025 21:00
$20 Free Play,Lucky Eagle Casino,"12888 188th Avenue SW, Rochester, WA 98579",$20 Free Play,6/28/2025 10:00,7/4/2025 23:59
$20 Free Play,Lucky Eagle Casino,"12888 188th Avenue SW, Rochester, WA 98579",$20 Free Play,7/5/2025 10:00,7/11/2025 23:59
$20 Free Play,Lucky Eagle Casino,"12888 188th Avenue SW, Rochester, WA 98579",$20 Free Play,7/12/2025 10:00,7/18/2025 23:59
$20 Free Play,Lucky Eagle Casino,"12888 188th Avenue SW, Rochester, WA 98579",$20 Free Play,7/19/2025 10:00,7/25/2025 23:59
$20 Free Play,Lucky Eagle Casino,"12888 188th Avenue SW, Rochester, WA 98579",$20 Free Play,7/26/2025 10:00,8/1/2025 23:59
2 Free Standard Rooms,Lucky Eagle Casino,"12888 188th Avenue SW, Rochester, WA 98579",2 Free Standard Rooms,6/29/2025 0:00,7/31/2025 23:59
2 Free RV Stays,Lucky Eagle Casino,"12888 188th Avenue SW, Rochester, WA 98579",2 Free RV Stays,6/28/2025 0:00,8/1/2025 23:59
Jackpot Party,Lucky Eagle Casino,"12888 188th Avenue SW, Rochester, WA 98579",Exclusive invitational event for jackpot winners,7/27/2025 12:00,7/27/2025 17:00
Red White Drawings,Lucky Eagle Casino,"12888 188th Avenue SW, Rochester, WA 98579","$5,000 Cash, Traeger, Butcher Shop Gift Card",7/12/2025 16:00,7/12/2025 21:00
Summer Prizes & Hot Seat Drawings,Lucky Eagle Casino,"12888 188th Avenue SW, Rochester, WA 98579",Invitational event with special hot seat drawings,7/19/2025 12:00,7/19/2025 20:00
Wednesday Free Play Offer,Lucky Eagle Casino,"12888 188th Avenue SW, Rochester, WA 98579",$10 Free Play,7/2/2025 10:00,7/2/2025 23:59
Wednesday Free Play Offer,Lucky Eagle Casino,"12888 188th Avenue SW, Rochester, WA 98579",$10 Free Play,7/9/2025 10:00,7/9/2025 23:59
Wednesday Free Play Offer,Lucky Eagle Casino,"12888 188th Avenue SW, Rochester, WA 98579",$10 Free Play,7/16/2025 10:00,7/16/2025 23:59
Wednesday Free Play Offer,Lucky Eagle Casino,"12888 188th Avenue SW, Rochester, WA 98579",$10 Free Play,7/23/2025 10:00,7/23/2025 23:59
Wednesday Free Play Offer,Lucky Eagle Casino,"12888 188th Avenue SW, Rochester, WA 98579",$10 Free Play,7/30/2025 10:00,7/30/2025 23:59
Getting Out and About! Gift Giveaway - Week 1,Lucky Eagle Casino,"12888 188th Avenue SW, Rochester, WA 98579",Free Gift (no points needed),7/6/2025 10:00,7/6/2025 20:00
Getting Out and About! Gift Giveaway - Week 1,Lucky Eagle Casino,"12888 188th Avenue SW, Rochester, WA 98579",Free Gift (no points needed),7/8/2025 10:00,7/8/2025 20:00
Getting Out and About! Gift Giveaway - Week 2,Lucky Eagle Casino,"12888 188th Avenue SW, Rochester, WA 98579",Free Gift (no points needed),7/13/2025 10:00,7/13/2025 20:00
Getting Out and About! Gift Giveaway - Week 2,Lucky Eagle Casino,"12888 188th Avenue SW, Rochester, WA 98579",Free Gift (no points needed),7/15/2025 10:00,7/15/2025 20:00
Getting Out and About! Gift Giveaway - Week 3,Lucky Eagle Casino,"12888 188th Avenue SW, Rochester, WA 98579",Free Gift (no points needed),7/20/2025 10:00,7/20/2025 20:00
Getting Out and About! Gift Giveaway - Week 3,Lucky Eagle Casino,"12888 188th Avenue SW, Rochester, WA 98579",Free Gift (no points needed),7/22/2025 10:00,7/22/2025 20:00
Getting Out and About! Gift Giveaway - Week 4,Lucky Eagle Casino,"12888 188th Avenue SW, Rochester, WA 98579",Free Gift (no points needed),7/27/2025 10:00,7/27/2025 20:00
Getting Out and About! Gift Giveaway - Week 4,Lucky Eagle Casino,"12888 188th Avenue SW, Rochester, WA 98579",Free Gift (no points needed),7/29/2025 10:00,7/29/2025 20:00
$20 Weekly Free Play or Dining Credit,Emerald Queen Casino,"1820 East 29th Street, Tacoma, WA 98404",$20 Free Play or Dining,6/29/2025 0:00,7/5/2025 23:59
$20 Weekly Free Play or Dining Credit,Emerald Queen Casino,"1820 East 29th Street, Tacoma, WA 98404",$20 Free Play or Dining,7/6/2025 0:00,7/12/2025 23:59
$20 Weekly Free Play or Dining Credit,Emerald Queen Casino,"1820 East 29th Street, Tacoma, WA 98404",$20 Free Play or Dining,7/13/2025 0:00,7/19/2025 23:59
$20 Weekly Free Play or Dining Credit,Emerald Queen Casino,"1820 East 29th Street, Tacoma, WA 98404",$20 Free Play or Dining,7/20/2025 0:00,7/26/2025 23:59
$20 Weekly Free Play or Dining Credit,Emerald Queen Casino,"1820 East 29th Street, Tacoma, WA 98404",$20 Free Play or Dining,7/27/2025 0:00,8/2/2025 23:59
Complimentary Hotel Stay - July Week 1,Emerald Queen Casino,"1820 East 29th Street, Tacoma, WA 98404",One Free Hotel Night,7/6/2025 0:00,7/12/2025 23:59
Complimentary Hotel Stay - July Week 2,Emerald Queen Casino,"1820 East 29th Street, Tacoma, WA 98404",One Free Hotel Night,7/13/2025 0:00,7/19/2025 23:59
Complimentary Hotel Stay - July Week 3,Emerald Queen Casino,"1820 East 29th Street, Tacoma, WA 98404",One Free Hotel Night,7/20/2025 0:00,7/26/2025 23:59
Complimentary Hotel Stay - July Week 4,Emerald Queen Casino,"1820 East 29th Street, Tacoma, WA 98404",One Free Hotel Night,7/27/2025 0:00,8/2/2025 23:59
Mystery Bonus Thursdays,Emerald Queen Casino,"1820 East 29th Street, Tacoma, WA 98404",Mystery Free Play or Hotel,7/3/2025 10:00,7/3/2025 20:00
Mystery Bonus Thursdays,Emerald Queen Casino,"1820 East 29th Street, Tacoma, WA 98404",Mystery Free Play or Hotel,7/10/2025 10:00,7/10/2025 20:00
Mystery Bonus Thursdays,Emerald Queen Casino,"1820 East 29th Street, Tacoma, WA 98404",Mystery Free Play or Hotel,7/17/2025 10:00,7/17/2025 20:00
Mystery Bonus Thursdays,Emerald Queen Casino,"1820 East 29th Street, Tacoma, WA 98404",Mystery Free Play or Hotel,7/24/2025 10:00,7/24/2025 20:00
Mystery Bonus Thursdays,Emerald Queen Casino,"1820 East 29th Street, Tacoma, WA 98404",Mystery Free Play or Hotel,7/31/2025 10:00,7/31/2025 20:00
Bonus Drawing Entries,Emerald Queen Casino,"1820 East 29th Street, Tacoma, WA 98404",100 Drawing Entries,7/2/2025 15:00,7/2/2025 16:00
Bonus Drawing Entries,Emerald Queen Casino,"1820 East 29th Street, Tacoma, WA 98404",100 Drawing Entries,7/9/2025 15:00,7/9/2025 16:00
Bonus Drawing Entries,Emerald Queen Casino,"1820 East 29th Street, Tacoma, WA 98404",100 Drawing Entries,7/16/2025 15:00,7/16/2025 16:00
Bonus Drawing Entries,Emerald Queen Casino,"1820 East 29th Street, Tacoma, WA 98404",100 Drawing Entries,7/23/2025 15:00,7/23/2025 16:00
Bonus Drawing Entries,Emerald Queen Casino,"1820 East 29th Street, Tacoma, WA 98404",100 Drawing Entries,7/30/2025 15:00,7/30/2025 16:00
Birthday Bonus Drawing,Emerald Queen Casino,"1820 East 29th Street, Tacoma, WA 98404","Up to $2,000 Free Play",7/28/2025 16:00,7/28/2025 20:00
Turn Up the Heat Point Multiplier,Emerald Queen Casino,"1820 East 29th Street, Tacoma, WA 98404",Up to 25x Points,7/3/2025 0:00,7/3/2025 23:59
Turn Up the Heat Point Multiplier,Emerald Queen Casino,"1820 East 29th Street, Tacoma, WA 98404",Up to 25x Points,7/10/2025 0:00,7/10/2025 23:59
Turn Up the Heat Point Multiplier,Emerald Queen Casino,"1820 East 29th Street, Tacoma, WA 98404",Up to 25x Points,7/17/2025 0:00,7/17/2025 23:59
Turn Up the Heat Point Multiplier,Emerald Queen Casino,"1820 East 29th Street, Tacoma, WA 98404",Up to 25x Points,7/24/2025 0:00,7/24/2025 23:59
Turn Up the Heat Point Multiplier,Emerald Queen Casino,"1820 East 29th Street, Tacoma, WA 98404",Up to 25x Points,7/31/2025 0:00,7/31/2025 23:59
Stack It Up Progressive Drawing,Emerald Queen Casino,"1820 East 29th Street, Tacoma, WA 98404","Drawings Start at $1,000 Free Play",7/2/2025 15:00,7/2/2025 20:00
Stack It Up Progressive Drawing,Emerald Queen Casino,"1820 East 29th Street, Tacoma, WA 98404","Drawings Start at $1,000 Free Play",7/9/2025 15:00,7/9/2025 20:00
Stack It Up Progressive Drawing,Emerald Queen Casino,"1820 East 29th Street, Tacoma, WA 98404","Drawings Start at $1,000 Free Play",7/16/2025 15:00,7/16/2025 20:00
Stack It Up Progressive Drawing,Emerald Queen Casino,"1820 East 29th Street, Tacoma, WA 98404","Drawings Start at $1,000 Free Play",7/23/2025 15:00,7/23/2025 20:00
Stack It Up Progressive Drawing,Emerald Queen Casino,"1820 East 29th Street, Tacoma, WA 98404","Drawings Start at $1,000 Free Play",7/30/2025 15:00,7/30/2025 20:00
Gift Grab Mondays,Emerald Queen Casino,"1820 East 29th Street, Tacoma, WA 98404",Complimentary Gift,7/8/2025 12:00,7/8/2025 20:00
Gift Grab Mondays,Emerald Queen Casino,"1820 East 29th Street, Tacoma, WA 98404",Complimentary Gift,7/15/2025 12:00,7/15/2025 20:00
Gift Grab Mondays,Emerald Queen Casino,"1820 East 29th Street, Tacoma, WA 98404",Complimentary Gift,7/22/2025 12:00,7/22/2025 20:00
Gift Grab Mondays,Emerald Queen Casino,"1820 East 29th Street, Tacoma, WA 98404",Complimentary Gift,7/29/2025 12:00,7/29/2025 20:00
Gift Grab Tuesdays,Emerald Queen Casino,"1820 East 29th Street, Tacoma, WA 98404",Complimentary Gift,7/8/2025 12:00,7/8/2025 20:00
Gift Grab Tuesdays,Emerald Queen Casino,"1820 East 29th Street, Tacoma, WA 98404",Complimentary Gift,7/15/2025 12:00,7/15/2025 20:00
Gift Grab Tuesdays,Emerald Queen Casino,"1820 East 29th Street, Tacoma, WA 98404",Complimentary Gift,7/22/2025 12:00,7/22/2025 20:00
Gift Grab Tuesdays,Emerald Queen Casino,"1820 East 29th Street, Tacoma, WA 98404",Complimentary Gift,7/29/2025 12:00,7/29/2025 20:00
Coyote Cruise Rewards,Spirit Mountain Casino,"27100 SW Salmon River Hwy, Grand Ronde, OR 97347",Cruise Voucher Giveaway,7/5/2025 13:00,7/5/2025 17:00
Summer Fun Drawings - Week 1,Spirit Mountain Casino,"27100 SW Salmon River Hwy, Grand Ronde, OR 97347",Win a Dirt Bike + Cash,7/4/2025 19:00,7/4/2025 19:00
Summer Fun Drawings - Week 2,Spirit Mountain Casino,"27100 SW Salmon River Hwy, Grand Ronde, OR 97347","Win a Quad + $33,000 Cash",7/11/2025 19:00,7/11/2025 19:00
Summer Fun Drawings - Week 3,Spirit Mountain Casino,"27100 SW Salmon River Hwy, Grand Ronde, OR 97347",Win a Jet Ski + Cash,7/18/2025 19:00,7/18/2025 19:00
Summer Fun Drawings - Week 4,Spirit Mountain Casino,"27100 SW Salmon River Hwy, Grand Ronde, OR 97347","Choice of Side-by-Side or $8,000 Free Play",7/25/2025 19:00,7/25/2025 19:00
Fun in the Sun Kiosk Game - 7/1,Spirit Mountain Casino,"27100 SW Salmon River Hwy, Grand Ronde, OR 97347","Win up to $1,000 Free Play",7/1/2025 0:00,7/1/2025 23:59
Fun in the Sun Kiosk Game - 7/8,Spirit Mountain Casino,"27100 SW Salmon River Hwy, Grand Ronde, OR 97347","Win up to $1,000 Free Play",7/8/2025 0:00,7/8/2025 23:59
Fun in the Sun Kiosk Game - 7/15,Spirit Mountain Casino,"27100 SW Salmon River Hwy, Grand Ronde, OR 97347","Win up to $1,000 Free Play",7/15/2025 0:00,7/15/2025 23:59
Fun in the Sun Kiosk Game - 7/22,Spirit Mountain Casino,"27100 SW Salmon River Hwy, Grand Ronde, OR 97347","Win up to $1,000 Free Play",7/22/2025 0:00,7/22/2025 23:59
Fun in the Sun Kiosk Game - 7/29,Spirit Mountain Casino,"27100 SW Salmon River Hwy, Grand Ronde, OR 97347","Win up to $1,000 Free Play",7/29/2025 0:00,7/29/2025 23:59
Members-Only Slot Tournament,Spirit Mountain Casino,"27100 SW Salmon River Hwy, Grand Ronde, OR 97347","Win a Share of $10,000",7/10/2025 11:00,7/10/2025 14:00
4th of July Fireworks Kiosk Game,Spirit Mountain Casino,"27100 SW Salmon River Hwy, Grand Ronde, OR 97347","Win Prizes & up to $1,000 Free Play",7/4/2025 0:00,7/4/2025 23:59
Grill Boss Giveaway - 7/6,Spirit Mountain Casino,"27100 SW Salmon River Hwy, Grand Ronde, OR 97347",Gift Redemption,7/6/2025 10:00,7/6/2025 20:00
Grill Boss Giveaway - 7/7,Spirit Mountain Casino,"27100 SW Salmon River Hwy, Grand Ronde, OR 97347",Gift Redemption,7/7/2025 10:00,7/7/2025 20:00
Grill Boss Giveaway - 7/13,Spirit Mountain Casino,"27100 SW Salmon River Hwy, Grand Ronde, OR 97347",Gift Redemption,7/13/2025 10:00,7/13/2025 20:00
Grill Boss Giveaway - 7/14,Spirit Mountain Casino,"27100 SW Salmon River Hwy, Grand Ronde, OR 97347",Gift Redemption,7/14/2025 10:00,7/14/2025 20:00
Grill Boss Giveaway - 7/20,Spirit Mountain Casino,"27100 SW Salmon River Hwy, Grand Ronde, OR 97347",Gift Redemption,7/20/2025 10:00,7/20/2025 20:00
Grill Boss Giveaway - 7/21,Spirit Mountain Casino,"27100 SW Salmon River Hwy, Grand Ronde, OR 97347",Gift Redemption,7/21/2025 10:00,7/21/2025 20:00
Grill Boss Giveaway - 7/27,Spirit Mountain Casino,"27100 SW Salmon River Hwy, Grand Ronde, OR 97347",Gift Redemption,7/27/2025 10:00,7/27/2025 20:00
Grill Boss Giveaway - 7/28,Spirit Mountain Casino,"27100 SW Salmon River Hwy, Grand Ronde, OR 97347",Gift Redemption,7/28/2025 10:00,7/28/2025 20:00
Winning Spirits - Week 1,Spirit Mountain Casino,"27100 SW Salmon River Hwy, Grand Ronde, OR 97347",Choice of $25 Free Play or 2x Points,7/1/2025 0:00,7/6/2025 23:59
Winning Spirits - Week 2,Spirit Mountain Casino,"27100 SW Salmon River Hwy, Grand Ronde, OR 97347",Choice of $25 Free Play or 2x Points,7/7/2025 0:00,7/13/2025 23:59
Winning Spirits - Week 3,Spirit Mountain Casino,"27100 SW Salmon River Hwy, Grand Ronde, OR 97347",Choice of $25 Free Play or 2x Points,7/14/2025 0:00,7/20/2025 23:59
Winning Spirits - Week 4,Spirit Mountain Casino,"27100 SW Salmon River Hwy, Grand Ronde, OR 97347",Choice of $25 Free Play or 2x Points,7/21/2025 0:00,7/27/2025 23:59
Winning Spirits - Week 5,Spirit Mountain Casino,"27100 SW Salmon River Hwy, Grand Ronde, OR 97347",Choice of $25 Free Play or 2x Points,7/28/2025 0:00,7/31/2025 23:59
$15 Off Food - Week 1,Spirit Mountain Casino,"27100 SW Salmon River Hwy, Grand Ronde, OR 97347",$15 Off Food,7/1/2025 0:00,7/3/2025 23:59
$15 Off Food - Week 2,Spirit Mountain Casino,"27100 SW Salmon River Hwy, Grand Ronde, OR 97347",$15 Off Food,7/7/2025 0:00,7/10/2025 23:59
$15 Off Food - Week 3,Spirit Mountain Casino,"27100 SW Salmon River Hwy, Grand Ronde, OR 97347",$15 Off Food,7/14/2025 0:00,7/17/2025 23:59
$15 Off Food - Week 4,Spirit Mountain Casino,"27100 SW Salmon River Hwy, Grand Ronde, OR 97347",$15 Off Food,7/21/2025 0:00,7/24/2025 23:59
$15 Off Food - Week 5,Spirit Mountain Casino,"27100 SW Salmon River Hwy, Grand Ronde, OR 97347",$15 Off Food,7/28/2025 0:00,7/31/2025 23:59
10X Points Multiplier,Legends Casino,"580 Fort Road, Toppenish, WA",Earn 10X points using your rewards card,7/9/2025 18:00,7/9/2025 23:59
Gift Giveaway: Stand Fan,Legends Casino,"580 Fort Road, Toppenish, WA","Redeem 60 points for Stand Fan, one per person, while supplies last",7/8/2025 10:00,7/8/2025 23:59
Gift Giveaway: Fishing Pole,Legends Casino,"580 Fort Road, Toppenish, WA","Redeem 60 points for Fishing Pole, one per person, while supplies last",7/22/2025 10:00,7/22/2025 23:59
Gift Giveaway: Oscillating Fan,Legends Casino,"580 Fort Road, Toppenish, WA","Redeem 60 points for Oscillating Fan, one per person, while supplies last",7/2/2025 10:00,7/2/2025 23:59
Random Rewards Tuesday,Legends Casino,"580 Fort Road, Toppenish, WA","$500 or $1,000 random rewards hourly",7/15/2025 12:00,7/15/2025 20:00
2X Points Tuesday,Legends Casino,"580 Fort Road, Toppenish, WA",Earn 2X points while gaming with rewards card,7/15/2025 10:00,7/15/2025 23:59
Xtra Rewards Free Play,Legends Casino,"580 Fort Road, Toppenish, WA","$85 in free play added weekly, playable via slot machines only",7/7/2025 10:00,7/13/2025 23:59
Xtra Rewards Free Play,Legends Casino,"580 Fort Road, Toppenish, WA","$85 in free play added weekly, playable via slot machines only",7/14/2025 10:00,7/20/2025 23:59
Xtra Rewards Free Play,Legends Casino,"580 Fort Road, Toppenish, WA","$85 in free play added weekly, playable via slot machines only",7/21/2025 10:00,7/27/2025 23:59
Xtra Rewards Free Play,Legends Casino,"580 Fort Road, Toppenish, WA","$85 in free play added weekly, playable via slot machines only",7/28/2025 10:00,8/3/2025 23:59
Chariots of Cash,Legends Casino,"580 Fort Road, Toppenish, WA","Two cash prize winners 6pm–8pm, $5,000 winner at 9pm",7/3/2025 18:00,7/3/2025 21:00
Chariots of Cash,Legends Casino,"580 Fort Road, Toppenish, WA","Two cash prize winners 6pm–8pm, $5,000 winner at 9pm",7/10/2025 18:00,7/10/2025 21:00
Chariots of Cash,Legends Casino,"580 Fort Road, Toppenish, WA","Two cash prize winners 6pm–8pm, $5,000 winner at 9pm",7/17/2025 18:00,7/17/2025 21:00
Chariots of Cash,Legends Casino,"580 Fort Road, Toppenish, WA","Two cash prize winners 6pm–8pm, $5,000 winner at 9pm",7/24/2025 18:00,7/24/2025 21:00
Chariots of Cash Grand Finale,Legends Casino,"580 Fort Road, Toppenish, WA","Two cash prize winners 6pm–8pm, 2025 Ford Maverick grand prize at 9pm",7/31/2025 18:00,7/31/2025 21:00
SagSpa Summer Offer,Legends Casino,"580 Fort Road, Toppenish, WA","Enjoy three free services: Sage Day Pass with Wellness Pool, Aqua Glow Facial, Deluxe Mani & Pedi. Choose one multiple times or all three. Mention code 'SUMMER'",7/1/2025 0:00,9/30/2025 23:59
"$15,000 Mission Foods Machine Tournament",Muckleshoot Casino,"3402 Auburn Way South, Auburn, WA 98002",Free registration with Muckleshoot Rewards card,7/17/2025 13:00,7/17/2025 17:00
"$50,000 Secrets of the Pyramid - Night of 100 Mummies",Muckleshoot Casino,"3402 Auburn Way South, Auburn, WA 98002","Win your share of $50,000 in Free Play; drawings",7/18/2025 17:00,7/18/2025 21:30
"$50,000 Secrets of the Pyramid - Night of 100 Mummies",Muckleshoot Casino,"3402 Auburn Way South, Auburn, WA 98002","Win your share of $50,000 in Free Play; drawings",7/25/2025 17:00,7/25/2025 21:30
"$50,000 Cash & Free Play Giveaway",Muckleshoot Casino,"3402 Auburn Way South, Auburn, WA 98002","Win your share of over $50,000 in cash and free play; drawings",7/19/2025 17:00,7/19/2025 21:00
Toyota Tundra Giveaway,Muckleshoot Casino,"3402 Auburn Way South, Auburn, WA 98002",Win a brand-new Toyota Tundra; 5 winners every half hour,7/26/2025 16:00,7/26/2025 20:30
$20 Free Play Coupon,Muckleshoot Casino,"3402 Auburn Way South, Auburn, WA 98002",One-time valid offer,7/4/2025 7:00,7/7/2025 23:59
$20 Free Play Coupon,Muckleshoot Casino,"3402 Auburn Way South, Auburn, WA 98002",One-time valid offer,7/8/2025 7:00,7/11/2025 23:59
$20 Free Play Coupon,Muckleshoot Casino,"3402 Auburn Way South, Auburn, WA 98002",One-time valid offer,7/14/2025 7:00,7/19/2025 23:59
$20 Free Play Coupon,Muckleshoot Casino,"3402 Auburn Way South, Auburn, WA 98002",One-time valid offer,7/21/2025 7:00,7/27/2025 23:59
King Tut’s Mystery Free Play,Muckleshoot Casino,"3402 Auburn Way South, Auburn, WA 98002","Win up to $5,000 in cash; 6 winners every hour",7/2/2025 17:00,7/2/2025 21:00
King Tut’s Mystery Free Play,Muckleshoot Casino,"3402 Auburn Way South, Auburn, WA 98002","Win up to $5,000 in cash; 6 winners every hour",7/9/2025 17:00,7/9/2025 21:00
King Tut’s Mystery Free Play,Muckleshoot Casino,"3402 Auburn Way South, Auburn, WA 98002","Win up to $5,000 in cash; 6 winners every hour",7/16/2025 17:00,7/16/2025 21:00
King Tut’s Mystery Free Play,Muckleshoot Casino,"3402 Auburn Way South, Auburn, WA 98002","Win up to $5,000 in cash; 6 winners every hour",7/23/2025 17:00,7/23/2025 21:00
King Tut’s Mystery Free Play,Muckleshoot Casino,"3402 Auburn Way South, Auburn, WA 98002","Win up to $5,000 in cash; 6 winners every hour",7/30/2025 17:00,7/30/2025 21:00
"$1,000 Free Play Swipe Promotion",Muckleshoot Casino,"3402 Auburn Way South, Auburn, WA 98002",Swipe Muckleshoot Rewards card at kiosk,7/1/2025 7:00,7/1/2025 23:59
"$100,000 Cash & Free Play Giveaway",Muckleshoot Casino,"3402 Auburn Way South, Auburn, WA 98002",6 winners every hour; drawings,7/5/2025 14:00,7/5/2025 21:00
"$100,000 Cash & Free Play Giveaway",Muckleshoot Casino,"3402 Auburn Way South, Auburn, WA 98002",6 winners every hour; drawings,7/6/2025 14:00,7/6/2025 21:00
2x Points for Military,Muckleshoot Casino,"3402 Auburn Way South, Auburn, WA 98002",Military ID required,7/4/2025 7:00,7/4/2025 23:00
Monthly Gift Redemption - Black+Decker Bathroom Set,Muckleshoot Casino,"3402 Auburn Way South, Auburn, WA 98002","Earn 1,200 base points to redeem gift",7/10/2025 12:00,7/10/2025 21:00
Monthly Gift Redemption - Black+Decker Bathroom Set,Muckleshoot Casino,"3402 Auburn Way South, Auburn, WA 98002","Earn 1,200 base points to redeem gift",7/11/2025 10:00,7/11/2025 14:00
Monthly Gift Redemption - Black+Decker Bathroom Set,Muckleshoot Casino,"3402 Auburn Way South, Auburn, WA 98002","Earn 1,200 base points to redeem gift",7/17/2025 12:00,7/17/2025 21:00
Monthly Gift Redemption - Black+Decker Bathroom Set,Muckleshoot Casino,"3402 Auburn Way South, Auburn, WA 98002","Earn 1,200 base points to redeem gift",7/18/2025 10:00,7/18/2025 14:00
Monthly Gift Redemption - Black+Decker Bathroom Set,Muckleshoot Casino,"3402 Auburn Way South, Auburn, WA 98002","Earn 1,200 base points to redeem gift",7/24/2025 12:00,7/24/2025 21:00
Monthly Gift Redemption - Black+Decker Bathroom Set,Muckleshoot Casino,"3402 Auburn Way South, Auburn, WA 98002","Earn 1,200 base points to redeem gift",7/25/2025 10:00,7/25/2025 14:00
Monthly Gift Redemption - Black+Decker Bathroom Set,Muckleshoot Casino,"3402 Auburn Way South, Auburn, WA 98002","Earn 1,200 base points to redeem gift",7/31/2025 12:00,7/31/2025 21:00
Free Vanessa Williams Bracelet & Necklace Set,Muckleshoot Casino,"3402 Auburn Way South, Auburn, WA 98002",Redeem voucher at Muckleshoot Rewards Center,7/6/2025 10:00,7/6/2025 20:00
Free Frigidaire Portable Neck Cooling Fan,Muckleshoot Casino,"3402 Auburn Way South, Auburn, WA 98002",Redeem voucher at Muckleshoot Rewards Center,7/4/2025 10:00,7/4/2025 20:00
Spin the Super Prize Wheel,Little Creek Casino,"91 West State Route 108, Shelton, WA 98504","$100,000 in cash drawings every hour",7/4/2025 12:00,7/4/2025 19:00
Guaranteed Grand Prize – Tap & Dash,Little Creek Casino,"91 West State Route 108, Shelton, WA 98504","$1,000 prize drawing; earn 300 points between 3pm-5pm",7/7/2025 15:00,7/7/2025 20:00
Forever Crumbl Cookies & Drawings,Little Creek Casino,"91 West State Route 108, Shelton, WA 98504","Guests 50+ get cookie and entries; $1,000 in Freeplay drawings",7/1/2025 10:00,7/1/2025 19:00
Cornhole Final Grand Prize Tournament,Little Creek Casino,"91 West State Route 108, Shelton, WA 98504","$7,000 cash & $2,900 Freeplay",7/30/2025 0:00,7/30/2025 23:59
Countertop Collection Gift Giveaway,Little Creek Casino,"91 West State Route 108, Shelton, WA 98504","Earn 1,500 tier points to receive a gift; Sundays & Thursdays",7/3/2025 13:00,7/3/2025 21:00
Countertop Collection Gift Giveaway,Little Creek Casino,"91 West State Route 108, Shelton, WA 98504","Earn 1,500 tier points to receive a gift; Sundays & Thursdays",7/6/2025 13:00,7/6/2025 21:00
Countertop Collection Gift Giveaway,Little Creek Casino,"91 West State Route 108, Shelton, WA 98504","Earn 1,500 tier points to receive a gift; Sundays & Thursdays",7/10/2025 13:00,7/10/2025 21:00
Countertop Collection Gift Giveaway,Little Creek Casino,"91 West State Route 108, Shelton, WA 98504","Earn 1,500 tier points to receive a gift; Sundays & Thursdays",7/13/2025 13:00,7/13/2025 21:00
Countertop Collection Gift Giveaway,Little Creek Casino,"91 West State Route 108, Shelton, WA 98504","Earn 1,500 tier points to receive a gift; Sundays & Thursdays",7/17/2025 13:00,7/17/2025 21:00
Countertop Collection Gift Giveaway,Little Creek Casino,"91 West State Route 108, Shelton, WA 98504","Earn 1,500 tier points to receive a gift; Sundays & Thursdays",7/20/2025 13:00,7/20/2025 21:00
Countertop Collection Gift Giveaway,Little Creek Casino,"91 West State Route 108, Shelton, WA 98504","Earn 1,500 tier points to receive a gift; Sundays & Thursdays",7/24/2025 13:00,7/24/2025 21:00
Countertop Collection Gift Giveaway,Little Creek Casino,"91 West State Route 108, Shelton, WA 98504","Earn 1,500 tier points to receive a gift; Sundays & Thursdays",7/27/2025 13:00,7/27/2025 21:00
July 4th Swipe & Win,Little Creek Casino,"91 West State Route 108, Shelton, WA 98504","Swipe kiosk game and win up to $5,000",7/4/2025 9:00,7/4/2025 23:59
Jackpot Giveaway Event,Little Creek Casino,"91 West State Route 108, Shelton, WA 98504","$12,000 cash drawings for jackpot winners",7/6/2025 14:00,7/6/2025 18:00
Freeplay Offer,Little Creek Casino,"91 West State Route 108, Shelton, WA 98504",$20 Freeplay,6/30/2025 0:00,7/6/2025 23:59
Freeplay Offer,Little Creek Casino,"91 West State Route 108, Shelton, WA 98504",$20 Freeplay,7/7/2025 0:00,7/13/2025 23:59
Freeplay Offer,Little Creek Casino,"91 West State Route 108, Shelton, WA 98504",$20 Freeplay,7/14/2025 0:00,7/20/2025 23:59
Freeplay Offer,Little Creek Casino,"91 West State Route 108, Shelton, WA 98504",$20 Freeplay,7/21/2025 0:00,7/27/2025 23:59
Deluxe or Premium Room Offer,Little Creek Casino,"91 West State Route 108, Shelton, WA 98504",1 free deluxe/premium room (1 night) or RV stay,6/30/2025 0:00,7/24/2025 23:59
Picnic Party Scratchers,Red Wind Casino,"12819 Yelm Hwy. SE, Olympia, WA 98513","$10,000 cash prize each week, minimum $30 Slot Free Play",7/9/2025 14:00,7/9/2025 19:00
Picnic Party Scratchers,Red Wind Casino,"12819 Yelm Hwy. SE, Olympia, WA 98513","$10,000 cash prize each week, minimum $30 Slot Free Play",7/16/2025 14:00,7/16/2025 19:00
Picnic Party Second Chance Drawing 1,Red Wind Casino,"12819 Yelm Hwy. SE, Olympia, WA 98513","$5,000 Second Chance Drawing",7/9/2025 19:00,7/9/2025 19:00
Picnic Party Second Chance Drawing 2,Red Wind Casino,"12819 Yelm Hwy. SE, Olympia, WA 98513","$5,000 Second Chance Drawing",7/16/2025 19:00,7/16/2025 19:00
Summer Blast Slot Tournament,Wildhorse Casino,"46510 Wildhorse Blvd. Pendleton, OR 97801","$1,199 awarded per game",7/19/2025 0:00,7/20/2025 23:59
Bigfoot Bounty Progressive,Wildhorse Casino,"46510 Wildhorse Blvd. Pendleton, OR 97801","Up to $10,000 cash & freeplay awarded",7/4/2025 19:00,7/4/2025 22:00
Bigfoot Bounty Progressive,Wildhorse Casino,"46510 Wildhorse Blvd. Pendleton, OR 97801","Up to $10,000 cash & freeplay awarded",7/5/2025 19:00,7/5/2025 22:00
Bigfoot Bounty Progressive,Wildhorse Casino,"46510 Wildhorse Blvd. Pendleton, OR 97801","Up to $10,000 cash & freeplay awarded",7/6/2025 16:00,7/6/2025 19:00
Bigfoot Bounty Finale,Wildhorse Casino,"46510 Wildhorse Blvd. Pendleton, OR 97801","$15,000 cash awarded",7/26/2025 22:30,7/26/2025 22:30
10x Entry Multiplier,Wildhorse Casino,"46510 Wildhorse Blvd. Pendleton, OR 97801",Multiply entries by 10x,7/7/2025 4:00,7/7/2025 23:59
10x Entry Multiplier,Wildhorse Casino,"46510 Wildhorse Blvd. Pendleton, OR 97801",Multiply entries by 10x,7/14/2025 4:00,7/14/2025 23:59
10x Entry Multiplier,Wildhorse Casino,"46510 Wildhorse Blvd. Pendleton, OR 97801",Multiply entries by 10x,7/21/2025 4:00,7/21/2025 23:59
10x Entry Multiplier,Wildhorse Casino,"46510 Wildhorse Blvd. Pendleton, OR 97801",Multiply entries by 10x,7/28/2025 4:00,7/28/2025 23:59
Bigfoot Freeplay Drawings,Wildhorse Casino,"46510 Wildhorse Blvd. Pendleton, OR 97801",Win up to $500 freeplay,7/3/2025 17:00,7/3/2025 20:00
Bigfoot Freeplay Drawings,Wildhorse Casino,"46510 Wildhorse Blvd. Pendleton, OR 97801",Win up to $500 freeplay,7/10/2025 17:00,7/10/2025 20:00
Bigfoot Freeplay Drawings,Wildhorse Casino,"46510 Wildhorse Blvd. Pendleton, OR 97801",Win up to $500 freeplay,7/17/2025 17:00,7/17/2025 20:00
Bigfoot Freeplay Drawings,Wildhorse Casino,"46510 Wildhorse Blvd. Pendleton, OR 97801",Win up to $500 freeplay,7/24/2025 17:00,7/24/2025 20:00
Bigfoot Freeplay Drawings,Wildhorse Casino,"46510 Wildhorse Blvd. Pendleton, OR 97801",Win up to $500 freeplay,7/31/2025 17:00,7/31/2025 20:00
Independence Day Freeplay Drawings,Wildhorse Casino,"46510 Wildhorse Blvd. Pendleton, OR 97801",Win up to $500 freeplay,7/4/2025 12:00,7/4/2025 16:00
Row Slot Player Cash Drawings,Wildhorse Casino,"46510 Wildhorse Blvd. Pendleton, OR 97801",Win up to $100 cash every 30 minutes,7/19/2025 13:00,7/19/2025 19:00
Slot Tournament,Wildhorse Casino,"46510 Wildhorse Blvd. Pendleton, OR 97801","Top place wins $3,000 cash",7/2/2025 19:00,7/2/2025 21:00
Slot Tournament Finals,Wildhorse Casino,"46510 Wildhorse Blvd. Pendleton, OR 97801",Finals for slot tournament,7/2/2025 21:30,7/2/2025 21:30
Freeplay Offer,Wildhorse Casino,"46510 Wildhorse Blvd. Pendleton, OR 97801",$40 total freeplay per offer period,7/1/2025 4:00,8/31/2025 23:59
Tower Hotel Offer,Wildhorse Casino,"46510 Wildhorse Blvd. Pendleton, OR 97801","Two standard room nights, Sun-Thur",7/1/2025 0:00,8/28/2025 23:59
Concert Series,Snoqualmie Casino,"37500 SE North Bend Way, Snoqualmie, WA 98065","$200 Freeplay for 50 guests; $1,000 Freeplay for 1 Elite Plus winner at 6 PM, 8 PM, 10 PM & Midnight",7/5/2025 18:00,7/5/2025 23:59
Concert Series,Snoqualmie Casino,"37500 SE North Bend Way, Snoqualmie, WA 98065","$200 Freeplay for 50 guests; $1,000 Freeplay for 1 Elite Plus winner at 6 PM, 8 PM, 10 PM & Midnight",7/12/2025 18:00,7/12/2025 23:59
Concert Series,Snoqualmie Casino,"37500 SE North Bend Way, Snoqualmie, WA 98065","$200 Freeplay for 50 guests; $1,000 Freeplay for 1 Elite Plus winner at 6 PM, 8 PM, 10 PM & Midnight",7/19/2025 18:00,7/19/2025 23:59
Concert Series,Snoqualmie Casino,"37500 SE North Bend Way, Snoqualmie, WA 98065","$200 Freeplay for 50 guests; $1,000 Freeplay for 1 Elite Plus winner at 6 PM, 8 PM, 10 PM & Midnight",7/26/2025 18:00,7/26/2025 23:59
$20 Freeplay,Snoqualmie Casino,"37500 SE North Bend Way, Snoqualmie, WA 98065",$20 Freeplay,6/30/2025 0:00,7/27/2025 23:59
Buffet or Dining Offer,Snoqualmie Casino,"37500 SE North Bend Way, Snoqualmie, WA 98065",One (1) buffet or $35 off dining (excludes Vista),6/30/2025 0:00,7/27/2025 23:59
Bonus Cash Offer,Snoqualmie Casino,"37500 SE North Bend Way, Snoqualmie, WA 98065",Earn $30 cash for 900 base points,7/1/2025 0:00,7/31/2025 23:59
4X Points Tuesdays,Snoqualmie Casino,"37500 SE North Bend Way, Snoqualmie, WA 98065",Earn 4x points from 8 AM-Noon and 10 PM-2 AM,7/1/2025 8:00,7/1/2025 12:00
4X Points Tuesdays,Snoqualmie Casino,"37500 SE North Bend Way, Snoqualmie, WA 98065",Earn 4x points from 8 AM-Noon and 10 PM-2 AM,7/1/2025 22:00,7/2/2025 2:00
4X Points Tuesdays,Snoqualmie Casino,"37500 SE North Bend Way, Snoqualmie, WA 98065",Earn 4x points from 8 AM-Noon and 10 PM-2 AM,7/15/2025 8:00,7/15/2025 12:00
4X Points Tuesdays,Snoqualmie Casino,"37500 SE North Bend Way, Snoqualmie, WA 98065",Earn 4x points from 8 AM-Noon and 10 PM-2 AM,7/15/2025 22:00,7/16/2025 2:00
4X Points Tuesdays,Snoqualmie Casino,"37500 SE North Bend Way, Snoqualmie, WA 98065",Earn 4x points from 8 AM-Noon and 10 PM-2 AM,7/29/2025 8:00,7/29/2025 12:00
4X Points Tuesdays,Snoqualmie Casino,"37500 SE North Bend Way, Snoqualmie, WA 98065",Earn 4x points from 8 AM-Noon and 10 PM-2 AM,7/29/2025 22:00,7/30/2025 2:00
Luxury Getaway Giveaway,Snoqualmie Casino,"37500 SE North Bend Way, Snoqualmie, WA 98065","4 guests win $6,000 luxury getaway",7/10/2025 18:00,7/10/2025 21:00
Luxury Getaway Giveaway,Snoqualmie Casino,"37500 SE North Bend Way, Snoqualmie, WA 98065","4 guests win $6,000 luxury getaway",7/17/2025 18:00,7/17/2025 21:00
Luxury Getaway Giveaway,Snoqualmie Casino,"37500 SE North Bend Way, Snoqualmie, WA 98065","4 guests win $6,000 luxury getaway",7/24/2025 18:00,7/24/2025 21:00
Luxury Getaway Giveaway,Snoqualmie Casino,"37500 SE North Bend Way, Snoqualmie, WA 98065","4 guests win $6,000 luxury getaway",7/31/2025 18:00,7/31/2025 21:00
Unforgettable Getaway Giveaway,Snoqualmie Casino,"37500 SE North Bend Way, Snoqualmie, WA 98065","4 guests win $13,000 getaway incl. suite, spa, freeplay, dining, VIP concert",8/7/2025 18:00,8/7/2025 21:00
Guaranteed Free Play Frenzy,Muckleshoot Casino,"3402 Auburn Way South, Auburn, WA 98002","Guaranteed $15 Free Play with chance up to $7,500",7/20/2025 7:00,7/20/2025 23:59
Bonus Free Play,Muckleshoot Casino,"3402 Auburn Way South, Auburn, WA 98002",$15 Bonus Free Play,7/12/2025 7:00,7/12/2025 23:59
Jackpot Celebration,Muckleshoot Casino,"3402 Auburn Way South, Auburn, WA 98002","Win up to $5,000 Cash",7/15/2025 17:00,7/15/2025 21:00
Stampede Spin & Win,ilani,"1 Cowlitz Way, Ridgefield, WA 98642","Guaranteed $20–$1,000 in Promo Play",8/10/2025 0:00,8/10/2025 23:59
"$168,000 Beat the Heat",ilani,"1 Cowlitz Way, Ridgefield, WA 98642","$1,000 Promo Play Hot Seats + $5,000 Cash Grand Prize",8/7/2025 19:00,8/7/2025 22:00
"$168,000 Beat the Heat",ilani,"1 Cowlitz Way, Ridgefield, WA 98642","$1,000 Promo Play Hot Seats + $5,000 Cash Grand Prize",8/14/2025 19:00,8/14/2025 22:00
"$168,000 Beat the Heat",ilani,"1 Cowlitz Way, Ridgefield, WA 98642","$1,000 Promo Play Hot Seats + $5,000 Cash Grand Prize",8/28/2025 19:00,8/28/2025 22:00
Lightweight Travel Set Giveaway,ilani,"1 Cowlitz Way, Ridgefield, WA 98642",Metro Laptop Backpack,8/5/2025 12:00,8/5/2025 20:00
Lightweight Travel Set Giveaway,ilani,"1 Cowlitz Way, Ridgefield, WA 98642",Metro Laptop Backpack,8/6/2025 12:00,8/6/2025 20:00
Lightweight Travel Set Giveaway,ilani,"1 Cowlitz Way, Ridgefield, WA 98642",Urban Trek Duffle,8/12/2025 12:00,8/12/2025 20:00
Lightweight Travel Set Giveaway,ilani,"1 Cowlitz Way, Ridgefield, WA 98642",Urban Trek Duffle,8/13/2025 12:00,8/13/2025 20:00
Lightweight Travel Set Giveaway,ilani,"1 Cowlitz Way, Ridgefield, WA 98642",Urban Trek Gear Tote,8/19/2025 12:00,8/19/2025 20:00
Lightweight Travel Set Giveaway,ilani,"1 Cowlitz Way, Ridgefield, WA 98642",Urban Trek Gear Tote,8/20/2025 12:00,8/20/2025 20:00
Lightweight Travel Set Giveaway,ilani,"1 Cowlitz Way, Ridgefield, WA 98642",Urban Trek Backpack,8/26/2025 12:00,8/26/2025 20:00
Lightweight Travel Set Giveaway,ilani,"1 Cowlitz Way, Ridgefield, WA 98642",Urban Trek Backpack,8/27/2025 12:00,8/27/2025 20:00
Double Rewards Dollars,ilani,"1 Cowlitz Way, Ridgefield, WA 98642",2x Rewards Dollars,8/5/2025 6:00,8/7/2025 5:59
Double Rewards Dollars,ilani,"1 Cowlitz Way, Ridgefield, WA 98642",2x Rewards Dollars,8/19/2025 6:00,8/21/2025 5:59
2x Status Points,ilani,"1 Cowlitz Way, Ridgefield, WA 98642",2x Status Points,8/12/2025 6:00,8/14/2025 5:59
2x Status Points,ilani,"1 Cowlitz Way, Ridgefield, WA 98642",2x Status Points,8/26/2025 6:00,8/28/2025 5:59
Free Play,ilani,"1 Cowlitz Way, Ridgefield, WA 98642",$35 Slot Play,8/17/2025 6:00,8/19/2025 5:59
Free Play,ilani,"1 Cowlitz Way, Ridgefield, WA 98642",$35 Slot Play,8/21/2025 6:00,8/23/2025 5:59
Free Play,ilani,"1 Cowlitz Way, Ridgefield, WA 98642",$35 Slot Play,8/24/2025 6:00,8/26/2025 5:59
Free Play,ilani,"1 Cowlitz Way, Ridgefield, WA 98642",$35 Slot Play,8/28/2025 6:00,8/29/2025 5:59
Free Play,ilani,"1 Cowlitz Way, Ridgefield, WA 98642",$35 Slot Play,8/29/2025 6:00,8/31/2025 5:59
Dining & Shopping Rewards,ilani,"1 Cowlitz Way, Ridgefield, WA 98642",$15 Dining & Shopping Rewards,8/1/2025 0:00,8/16/2025 23:59
Dining & Shopping Rewards,ilani,"1 Cowlitz Way, Ridgefield, WA 98642",$15 Dining & Shopping Rewards,8/17/2025 0:00,8/31/2025 23:59
Vault of Riches Bonus Game,ilani,"1 Cowlitz Way, Ridgefield, WA 98642","Win up to $5,000 in Slot Play",8/23/2025 6:00,8/24/2025 5:59
Acadia Adventure Sweepstakes,ilani,"1 Cowlitz Way, Ridgefield, WA 98642",Entry Multiplier Sundays & Mondays,8/1/2025 0:00,9/1/2025 23:59
Acadia Adventure Grand Finale,ilani,"1 Cowlitz Way, Ridgefield, WA 98642","$1,000 Promo Play + GMC Acadia Grand Prize",9/1/2025 15:00,9/1/2025 20:00
7 Status Point Challenge,ilani,"1 Cowlitz Way, Ridgefield, WA 98642",$10 Promo Play for 10 Status Points,8/1/2025 6:00,9/1/2025 5:59
Club Red VIP Promotional Gift,Red Wind Casino,"12819 Yelm Hwy. SE, Olympia, WA 98513",Exclusive gift mailed to home after kiosk redemption,7/23/2025 14:00,7/23/2025 19:00
Club Red VIP Promotional Gift,Red Wind Casino,"12819 Yelm Hwy. SE, Olympia, WA 98513",Exclusive gift mailed to home after kiosk redemption,7/30/2025 14:00,7/30/2025 19:00
Payback Drawing,Spirit Mountain Casino,"27100 SW Salmon River Hwy, Grand Ronde, OR 97347","$10,000 cash guaranteed prize pool; 10 winners • $1,000 cash prize",7/24/2025 18:00,7/24/2025 20:00
18K Golden Chef Collection - Week 1 Gift,Little Creek Casino,"91 West State Route 108, Shelton, WA 98504",Parini Gift,7/31/2025 13:00,7/31/2025 21:00
18K Golden Chef Collection - Week 1 Gift,Little Creek Casino,"91 West State Route 108, Shelton, WA 98504",Parini Gift,8/3/2025 13:00,8/3/2025 21:00
18K Golden Chef Collection - Week 2 Gift,Little Creek Casino,"91 West State Route 108, Shelton, WA 98504",Parini Gift,8/7/2025 13:00,8/7/2025 21:00
18K Golden Chef Collection - Week 2 Gift,Little Creek Casino,"91 West State Route 108, Shelton, WA 98504",Parini Gift,8/10/2025 13:00,8/10/2025 21:00
18K Golden Chef Collection - Week 3 Gift,Little Creek Casino,"91 West State Route 108, Shelton, WA 98504",Parini Gift,8/14/2025 13:00,8/14/2025 21:00
18K Golden Chef Collection - Week 3 Gift,Little Creek Casino,"91 West State Route 108, Shelton, WA 98504",Parini Gift,8/17/2025 13:00,8/17/2025 21:00
18K Golden Chef Collection - Week 4 Gift,Little Creek Casino,"91 West State Route 108, Shelton, WA 98504",Parini Gift,8/21/2025 13:00,8/21/2025 21:00
18K Golden Chef Collection - Week 4 Gift,Little Creek Casino,"91 West State Route 108, Shelton, WA 98504",Parini Gift,8/24/2025 13:00,8/24/2025 21:00
18K Golden Chef Collection - Week 5 Mystery Gift,Little Creek Casino,"91 West State Route 108, Shelton, WA 98504",Mystery Gift,8/28/2025 13:00,8/28/2025 21:00
18K Golden Chef Collection - Week 5 Gift,Little Creek Casino,"91 West State Route 108, Shelton, WA 98504",Parini Gift,8/31/2025 13:00,8/31/2025 21:00
Kitchen Essentials Giveaway - Robert Irvine Hand Mixer,Emerald Queen Casino,"1820 East 29th Street, Tacoma, WA 98404",Gift Grab,7/21/2025 12:00,7/21/2025 20:00
Kitchen Essentials Giveaway - 16-piece Bake & Store Set,Emerald Queen Casino,"1820 East 29th Street, Tacoma, WA 98404",Gift Grab,7/28/2025 12:00,7/28/2025 20:00
Gear Up & Go,Angel of the Winds Casino,"3438 Stoluckquamish Lane, Arlington, Washington 98223",Redeem at Players Club East; Weather resistant canopy,8/3/2025 10:00,8/3/2025 20:00
Gear Up & Go,Angel of the Winds Casino,"3438 Stoluckquamish Lane, Arlington, Washington 98223",Redeem at Players Club East; Weather resistant canopy,8/4/2025 10:00,8/4/2025 20:00
Gear Up & Go,Angel of the Winds Casino,"3438 Stoluckquamish Lane, Arlington, Washington 98223",Redeem at Players Club East; Weather resistant canopy,8/10/2025 10:00,8/10/2025 20:00
Gear Up & Go,Angel of the Winds Casino,"3438 Stoluckquamish Lane, Arlington, Washington 98223",Redeem at Players Club East; Weather resistant canopy,8/11/2025 10:00,8/11/2025 20:00
Gear Up & Go,Angel of the Winds Casino,"3438 Stoluckquamish Lane, Arlington, Washington 98223",Redeem at Players Club East; Weather resistant canopy,8/17/2025 10:00,8/17/2025 20:00
Gear Up & Go,Angel of the Winds Casino,"3438 Stoluckquamish Lane, Arlington, Washington 98223",Redeem at Players Club East; Weather resistant canopy,8/18/2025 10:00,8/18/2025 20:00
Gear Up & Go,Angel of the Winds Casino,"3438 Stoluckquamish Lane, Arlington, Washington 98223",Redeem at Players Club East; Weather resistant canopy,8/24/2025 10:00,8/24/2025 20:00
Gear Up & Go,Angel of the Winds Casino,"3438 Stoluckquamish Lane, Arlington, Washington 98223",Redeem at Players Club East; Weather resistant canopy,8/25/2025 10:00,8/25/2025 20:00
Gear Up & Go,Angel of the Winds Casino,"3438 Stoluckquamish Lane, Arlington, Washington 98223",Redeem at Players Club East; Weather resistant canopy,8/31/2025 10:00,8/31/2025 20:00
$5 Weekly Free Play,Angel of the Winds Casino,"3438 Stoluckquamish Lane, Arlington, Washington 98223","Win your share of $760,500 in promo chips; Earn 25 base points at any table game",7/30/2025 9:00,7/30/2025 21:00
$5 Weekly Free Play,Angel of the Winds Casino,"3438 Stoluckquamish Lane, Arlington, Washington 98223","Win your share of $760,500 in promo chips; Earn 25 base points at any table game",8/6/2025 9:00,8/6/2025 21:00
$5 Weekly Free Play,Angel of the Winds Casino,"3438 Stoluckquamish Lane, Arlington, Washington 98223","Win your share of $760,500 in promo chips; Earn 25 base points at any table game",8/13/2025 9:00,8/13/2025 21:00
$5 Weekly Free Play,Angel of the Winds Casino,"3438 Stoluckquamish Lane, Arlington, Washington 98223","Win your share of $760,500 in promo chips; Earn 25 base points at any table game",8/20/2025 9:00,8/20/2025 21:00
$5 Weekly Free Play,Angel of the Winds Casino,"3438 Stoluckquamish Lane, Arlington, Washington 98223","Win your share of $760,500 in promo chips; Earn 25 base points at any table game",8/27/2025 9:00,8/27/2025 21:00
Summer Stack-Up,Angel of the Winds Casino,"3438 Stoluckquamish Lane, Arlington, Washington 98223","Win up to $5,000 Free Play weekly; Earn 750 base points playing slots to receive a wheel spin; Up to 3 spins per week",7/30/2025 8:00,7/30/2025 20:00
Summer Stack-Up,Angel of the Winds Casino,"3438 Stoluckquamish Lane, Arlington, Washington 98223","Win up to $5,000 Free Play weekly; Earn 750 base points playing slots to receive a wheel spin; Up to 3 spins per week",8/6/2025 8:00,8/6/2025 20:00
Summer Stack-Up,Angel of the Winds Casino,"3438 Stoluckquamish Lane, Arlington, Washington 98223","Win up to $5,000 Free Play weekly; Earn 750 base points playing slots to receive a wheel spin; Up to 3 spins per week",8/13/2025 8:00,8/13/2025 20:00
Summer Stack-Up,Angel of the Winds Casino,"3438 Stoluckquamish Lane, Arlington, Washington 98223","Win up to $5,000 Free Play weekly; Earn 750 base points playing slots to receive a wheel spin; Up to 3 spins per week",8/20/2025 8:00,8/20/2025 20:00
Summer Stack-Up,Angel of the Winds Casino,"3438 Stoluckquamish Lane, Arlington, Washington 98223","Win up to $5,000 Free Play weekly; Earn 750 base points playing slots to receive a wheel spin; Up to 3 spins per week",8/27/2025 8:00,8/27/2025 20:00
Bar Bar Dar,Angel of the Winds Casino,"3438 Stoluckquamish Lane, Arlington, Washington 98223",,8/1/2025 16:00,8/1/2025 22:00
Bar Bar Dar,Angel of the Winds Casino,"3438 Stoluckquamish Lane, Arlington, Washington 98223",,8/8/2025 16:00,8/8/2025 22:00
Bar Bar Dar,Angel of the Winds Casino,"3438 Stoluckquamish Lane, Arlington, Washington 98223",,8/15/2025 16:00,8/15/2025 22:00
Bar Bar Dar,Angel of the Winds Casino,"3438 Stoluckquamish Lane, Arlington, Washington 98223",,8/22/2025 16:00,8/22/2025 22:00
Bar Bar Dar,Angel of the Winds Casino,"3438 Stoluckquamish Lane, Arlington, Washington 98223",,8/29/2025 16:00,8/29/2025 22:00
B-Day Bonus,Emerald Queen Casino,"1820 East 29th Street, Tacoma, WA 98404","Win up to $2,000 free play every drawing hour! Your age = your number of entries!",8/25/2025 16:00,8/25/2025 17:59
B-Day Bonus,Emerald Queen Casino,"1820 East 29th Street, Tacoma, WA 98404","Win up to $2,000 free play every drawing hour! Your age = your number of entries!",8/25/2025 18:00,8/25/2025 19:59
B-Day Bonus,Emerald Queen Casino,"1820 East 29th Street, Tacoma, WA 98404","Win up to $2,000 free play every drawing hour! Your age = your number of entries!",8/25/2025 20:00,8/25/2025 21:59
Pit Stop Point Multiplier,Emerald Queen Casino,"1820 East 29th Street, Tacoma, WA 98404",Earn up to 25x rewards points!,8/7/2025 0:00,8/7/2025 23:59
Pit Stop Point Multiplier,Emerald Queen Casino,"1820 East 29th Street, Tacoma, WA 98404",Earn up to 25x rewards points!,8/14/2025 0:00,8/14/2025 23:59
Pit Stop Point Multiplier,Emerald Queen Casino,"1820 East 29th Street, Tacoma, WA 98404",Earn up to 25x rewards points!,8/21/2025 0:00,8/21/2025 23:59
Pit Stop Point Multiplier,Emerald Queen Casino,"1820 East 29th Street, Tacoma, WA 98404",Earn up to 25x rewards points!,8/28/2025 0:00,8/28/2025 23:59
Prize on the Rise Progressive Drawing,Emerald Queen Casino,"1820 East 29th Street, Tacoma, WA 98404","Drawings start at $1,000 free play. 1 free entry every week. 5x entries on Fridays. 400 points = 1 additional entry. The stakes grow every hour. Second-place winners score $500 free play guaranteed.",8/6/2025 15:00,8/6/2025 20:00
Prize on the Rise Progressive Drawing,Emerald Queen Casino,"1820 East 29th Street, Tacoma, WA 98404","Drawings start at $1,000 free play. 1 free entry every week. 5x entries on Fridays. 400 points = 1 additional entry. The stakes grow every hour. Second-place winners score $500 free play guaranteed.",8/13/2025 15:00,8/13/2025 20:00
Prize on the Rise Progressive Drawing,Emerald Queen Casino,"1820 East 29th Street, Tacoma, WA 98404","Drawings start at $1,000 free play. 1 free entry every week. 5x entries on Fridays. 400 points = 1 additional entry. The stakes grow every hour. Second-place winners score $500 free play guaranteed.",8/20/2025 15:00,8/20/2025 20:00
Prize on the Rise Progressive Drawing,Emerald Queen Casino,"1820 East 29th Street, Tacoma, WA 98404","Drawings start at $1,000 free play. 1 free entry every week. 5x entries on Fridays. 400 points = 1 additional entry. The stakes grow every hour. Second-place winners score $500 free play guaranteed.",8/27/2025 15:00,8/27/2025 20:00
Gift Grab,Emerald Queen Casino,"1820 East 29th Street, Tacoma, WA 98404",Qualified guests will receive a weekly gift!,8/4/2025 12:00,8/4/2025 20:00
Gift Grab,Emerald Queen Casino,"1820 East 29th Street, Tacoma, WA 98404",Qualified guests will receive a weekly gift!,8/5/2025 12:00,8/5/2025 20:00
Gift Grab,Emerald Queen Casino,"1820 East 29th Street, Tacoma, WA 98404",Qualified guests will receive a weekly gift!,8/11/2025 12:00,8/11/2025 20:00
Gift Grab,Emerald Queen Casino,"1820 East 29th Street, Tacoma, WA 98404",Qualified guests will receive a weekly gift!,8/12/2025 12:00,8/12/2025 20:00
Gift Grab,Emerald Queen Casino,"1820 East 29th Street, Tacoma, WA 98404",Qualified guests will receive a weekly gift!,8/18/2025 12:00,8/18/2025 20:00
Gift Grab,Emerald Queen Casino,"1820 East 29th Street, Tacoma, WA 98404",Qualified guests will receive a weekly gift!,8/19/2025 12:00,8/19/2025 20:00
Gift Grab,Emerald Queen Casino,"1820 East 29th Street, Tacoma, WA 98404",Qualified guests will receive a weekly gift!,8/25/2025 12:00,8/25/2025 20:00
Gift Grab,Emerald Queen Casino,"1820 East 29th Street, Tacoma, WA 98404",Qualified guests will receive a weekly gift!,8/26/2025 12:00,8/26/2025 20:00
Jupiter’s Jackpot,Legends Casino,"580 Fort Road, Toppenish, WA","Two cash prize winners 6pm-8pm and one $6,000 winner at 9pm",8/7/2025 18:00,8/7/2025 21:00
Jupiter’s Jackpot,Legends Casino,"580 Fort Road, Toppenish, WA","Two cash prize winners 6pm-8pm and one $6,000 winner at 9pm",8/14/2025 18:00,8/14/2025 21:00
Jupiter’s Jackpot,Legends Casino,"580 Fort Road, Toppenish, WA","Two cash prize winners 6pm-8pm and one $6,000 winner at 9pm",8/21/2025 18:00,8/21/2025 21:00
Jupiter’s Jackpot,Legends Casino,"580 Fort Road, Toppenish, WA",Two cash prize winners 6pm-8pm and one Jeep Wrangler grand prize winner at 9pm,8/28/2025 18:00,8/28/2025 21:00
Gift Giveaway - 3pc Oval Casserole Dish,Legends Casino,"580 Fort Road, Toppenish, WA","60 points required, one per person, while supplies last",8/12/2025 10:00,8/12/2025 23:59
Gift Giveaway - 3pc Rectangular Casserole Dish,Legends Casino,"580 Fort Road, Toppenish, WA","60 points required, one per person, while supplies last",8/26/2025 10:00,8/26/2025 23:59
Sturgeon Full Moon 10x Points,Legends Casino,"580 Fort Road, Toppenish, WA",Earn ten times more points using your rewards card,8/9/2025 18:00,8/9/2025 23:59
Hourly Cash Prizes,Legends Casino,"580 Fort Road, Toppenish, WA","Win $500 or $1,000 cash every hour, must be actively gaming on a slot machine with your rewards card",9/1/2025 12:00,9/1/2025 20:00
$50 Xtra Rewards,Legends Casino,"580 Fort Road, Toppenish, WA",$50 Xtra Rewards free play added to your account each week,8/4/2025 10:00,8/10/2025 23:59
$50 Xtra Rewards,Legends Casino,"580 Fort Road, Toppenish, WA",$50 Xtra Rewards free play added to your account each week,8/11/2025 10:00,8/17/2025 23:59
$50 Xtra Rewards,Legends Casino,"580 Fort Road, Toppenish, WA",$50 Xtra Rewards free play added to your account each week,8/18/2025 10:00,8/24/2025 23:59
$50 Xtra Rewards,Legends Casino,"580 Fort Road, Toppenish, WA",$50 Xtra Rewards free play added to your account each week,8/25/2025 10:00,8/31/2025 23:59
U-Spin Instant Win,Snoqualmie Casino,"37500 SE North Bend Way, Snoqualmie, WA 98065",Watch your U-Spin progress bar countdown for instant wins at slot machines,8/14/2025 10:00,8/14/2025 23:59
U-Spin Instant Win,Snoqualmie Casino,"37500 SE North Bend Way, Snoqualmie, WA 98065",Watch your U-Spin progress bar countdown for instant wins at slot machines,8/21/2025 10:00,8/21/2025 23:59
U-Spin Instant Win,Snoqualmie Casino,"37500 SE North Bend Way, Snoqualmie, WA 98065",Watch your U-Spin progress bar countdown for instant wins at slot machines,8/28/2025 10:00,8/28/2025 23:59
Grand Opening Hot Seats,Snoqualmie Casino,"37500 SE North Bend Way, Snoqualmie, WA 98065",100 guests win $500 freeplay,8/8/2025 16:00,8/8/2025 23:59
"$7,000,000 Celebration Drawings",Snoqualmie Casino,"37500 SE North Bend Way, Snoqualmie, WA 98065","10 guests win up to $50,000 freeplay",8/10/2025 17:00,8/10/2025 22:00
"$7,000,000 Celebration Drawings",Snoqualmie Casino,"37500 SE North Bend Way, Snoqualmie, WA 98065","10 guests win up to $50,000 freeplay",8/11/2025 17:00,8/11/2025 22:00
"$7,000,000 Celebration Drawings",Snoqualmie Casino,"37500 SE North Bend Way, Snoqualmie, WA 98065","10 guests win up to $50,000 freeplay",8/12/2025 17:00,8/12/2025 22:00
"$7,000,000 Celebration Drawings",Snoqualmie Casino,"37500 SE North Bend Way, Snoqualmie, WA 98065","10 guests win up to $50,000 freeplay",8/13/2025 17:00,8/13/2025 22:00
"$7,000,000 Celebration Drawings",Snoqualmie Casino,"37500 SE North Bend Way, Snoqualmie, WA 98065","10 guests win up to $50,000 freeplay",8/14/2025 17:00,8/14/2025 22:00
"$7,000,000 Celebration Drawings",Snoqualmie Casino,"37500 SE North Bend Way, Snoqualmie, WA 98065","10 guests win up to $50,000 freeplay",8/15/2025 17:00,8/15/2025 22:00
"$7,000,000 Celebration Drawings",Snoqualmie Casino,"37500 SE North Bend Way, Snoqualmie, WA 98065","10 guests win up to $50,000 freeplay",8/16/2025 17:00,8/16/2025 22:00
"$7,000,000 Celebration Drawings",Snoqualmie Casino,"37500 SE North Bend Way, Snoqualmie, WA 98065","10 guests win up to $50,000 freeplay",8/17/2025 17:00,8/17/2025 22:00
"$7,000,000 Celebration Drawings",Snoqualmie Casino,"37500 SE North Bend Way, Snoqualmie, WA 98065","10 guests win up to $50,000 freeplay",8/18/2025 17:00,8/18/2025 22:00
"$7,000,000 Celebration Drawings",Snoqualmie Casino,"37500 SE North Bend Way, Snoqualmie, WA 98065","10 guests win up to $50,000 freeplay",8/19/2025 17:00,8/19/2025 22:00
"$7,000,000 Celebration Drawings",Snoqualmie Casino,"37500 SE North Bend Way, Snoqualmie, WA 98065","10 guests win up to $50,000 freeplay",8/20/2025 17:00,8/20/2025 22:00
"$7,000,000 Celebration Drawings",Snoqualmie Casino,"37500 SE North Bend Way, Snoqualmie, WA 98065","10 guests win up to $50,000 freeplay",8/21/2025 17:00,8/21/2025 22:00
"$7,000,000 Celebration Drawings",Snoqualmie Casino,"37500 SE North Bend Way, Snoqualmie, WA 98065","10 guests win up to $50,000 freeplay",8/22/2025 17:00,8/22/2025 22:00
"$7,000,000 Celebration Drawings",Snoqualmie Casino,"37500 SE North Bend Way, Snoqualmie, WA 98065","10 guests win up to $50,000 freeplay",8/23/2025 17:00,8/23/2025 22:00
"$7,000,000 Celebration Drawings",Snoqualmie Casino,"37500 SE North Bend Way, Snoqualmie, WA 98065","10 guests win up to $50,000 freeplay",8/24/2025 17:00,8/24/2025 22:00
"$7,000,000 Celebration Drawings",Snoqualmie Casino,"37500 SE North Bend Way, Snoqualmie, WA 98065","10 guests win up to $50,000 freeplay",8/25/2025 17:00,8/25/2025 22:00
"$7,000,000 Celebration Drawings",Snoqualmie Casino,"37500 SE North Bend Way, Snoqualmie, WA 98065","10 guests win up to $50,000 freeplay",8/26/2025 17:00,8/26/2025 22:00
"$7,000,000 Celebration Drawings",Snoqualmie Casino,"37500 SE North Bend Way, Snoqualmie, WA 98065","10 guests win up to $50,000 freeplay",8/27/2025 17:00,8/27/2025 22:00
"$7,000,000 Celebration Drawings",Snoqualmie Casino,"37500 SE North Bend Way, Snoqualmie, WA 98065","10 guests win up to $50,000 freeplay",8/28/2025 17:00,8/28/2025 22:00
"$7,000,000 Celebration Drawings",Snoqualmie Casino,"37500 SE North Bend Way, Snoqualmie, WA 98065","10 guests win up to $50,000 freeplay",8/29/2025 17:00,8/29/2025 22:00
"$7,000,000 Celebration Drawings",Snoqualmie Casino,"37500 SE North Bend Way, Snoqualmie, WA 98065","10 guests win up to $50,000 freeplay",8/30/2025 17:00,8/30/2025 22:00
"$7,000,000 Celebration Drawings",Snoqualmie Casino,"37500 SE North Bend Way, Snoqualmie, WA 98065","10 guests win up to $50,000 freeplay",8/31/2025 17:00,8/31/2025 22:00
Nightly Grand Prize Cash Vault,Snoqualmie Casino,"37500 SE North Bend Way, Snoqualmie, WA 98065","Win up to $200,000",8/10/2025 22:00,8/10/2025 23:59
Nightly Grand Prize Cash Vault,Snoqualmie Casino,"37500 SE North Bend Way, Snoqualmie, WA 98065","Win up to $200,000",8/11/2025 22:00,8/11/2025 23:59
Nightly Grand Prize Cash Vault,Snoqualmie Casino,"37500 SE North Bend Way, Snoqualmie, WA 98065","Win up to $200,000",8/12/2025 22:00,8/12/2025 23:59
Nightly Grand Prize Cash Vault,Snoqualmie Casino,"37500 SE North Bend Way, Snoqualmie, WA 98065","Win up to $200,000",8/13/2025 22:00,8/13/2025 23:59
Nightly Grand Prize Cash Vault,Snoqualmie Casino,"37500 SE North Bend Way, Snoqualmie, WA 98065","Win up to $200,000",8/14/2025 22:00,8/14/2025 23:59
Nightly Grand Prize Cash Vault,Snoqualmie Casino,"37500 SE North Bend Way, Snoqualmie, WA 98065","Win up to $200,000",8/15/2025 22:00,8/15/2025 23:59
Nightly Grand Prize Cash Vault,Snoqualmie Casino,"37500 SE North Bend Way, Snoqualmie, WA 98065","Win up to $200,000",8/16/2025 22:00,8/16/2025 23:59
Nightly Grand Prize Cash Vault,Snoqualmie Casino,"37500 SE North Bend Way, Snoqualmie, WA 98065","Win up to $200,000",8/17/2025 22:00,8/17/2025 23:59
Nightly Grand Prize Cash Vault,Snoqualmie Casino,"37500 SE North Bend Way, Snoqualmie, WA 98065","Win up to $200,000",8/18/2025 22:00,8/18/2025 23:59
Nightly Grand Prize Cash Vault,Snoqualmie Casino,"37500 SE North Bend Way, Snoqualmie, WA 98065","Win up to $200,000",8/19/2025 22:00,8/19/2025 23:59
Nightly Grand Prize Cash Vault,Snoqualmie Casino,"37500 SE North Bend Way, Snoqualmie, WA 98065","Win up to $200,000",8/20/2025 22:00,8/20/2025 23:59
Nightly Grand Prize Cash Vault,Snoqualmie Casino,"37500 SE North Bend Way, Snoqualmie, WA 98065","Win up to $200,000",8/21/2025 22:00,8/21/2025 23:59
Nightly Grand Prize Cash Vault,Snoqualmie Casino,"37500 SE North Bend Way, Snoqualmie, WA 98065","Win up to $200,000",8/22/2025 22:00,8/22/2025 23:59
Nightly Grand Prize Cash Vault,Snoqualmie Casino,"37500 SE North Bend Way, Snoqualmie, WA 98065","Win up to $200,000",8/23/2025 22:00,8/23/2025 23:59
Nightly Grand Prize Cash Vault,Snoqualmie Casino,"37500 SE North Bend Way, Snoqualmie, WA 98065","Win up to $200,000",8/24/2025 22:00,8/24/2025 23:59
Nightly Grand Prize Cash Vault,Snoqualmie Casino,"37500 SE North Bend Way, Snoqualmie, WA 98065","Win up to $200,000",8/25/2025 22:00,8/25/2025 23:59
Nightly Grand Prize Cash Vault,Snoqualmie Casino,"37500 SE North Bend Way, Snoqualmie, WA 98065","Win up to $200,000",8/26/2025 22:00,8/26/2025 23:59
Nightly Grand Prize Cash Vault,Snoqualmie Casino,"37500 SE North Bend Way, Snoqualmie, WA 98065","Win up to $200,000",8/27/2025 22:00,8/27/2025 23:59
Nightly Grand Prize Cash Vault,Snoqualmie Casino,"37500 SE North Bend Way, Snoqualmie, WA 98065","Win up to $200,000",8/28/2025 22:00,8/28/2025 23:59
Nightly Grand Prize Cash Vault,Snoqualmie Casino,"37500 SE North Bend Way, Snoqualmie, WA 98065","Win up to $200,000",8/29/2025 22:00,8/29/2025 23:59
Nightly Grand Prize Cash Vault,Snoqualmie Casino,"37500 SE North Bend Way, Snoqualmie, WA 98065","Win up to $200,000",8/30/2025 22:00,8/30/2025 23:59
Nightly Grand Prize Cash Vault,Snoqualmie Casino,"37500 SE North Bend Way, Snoqualmie, WA 98065","Win up to $200,000",8/31/2025 22:00,8/31/2025 23:59
Saturday Hot Seats,Snoqualmie Casino,"37500 SE North Bend Way, Snoqualmie, WA 98065","38 winners get $200 freeplay; 1 elite winner gets $1,000 freeplay hourly",8/2/2025 19:00,8/3/2025 2:00
Saturday Hot Seats,Snoqualmie Casino,"37500 SE North Bend Way, Snoqualmie, WA 98065","38 winners get $200 freeplay; 1 elite winner gets $1,000 freeplay hourly",8/9/2025 19:00,8/10/2025 2:00
Ortum Dragon Wheel,Red Wind Casino,"12819 Yelm Hwy. SE, Olympia, WA 98513","Win up to $5,000; free entry with Club Red swipe; bonus entries for points",8/5/2025 18:00,8/5/2025 21:00
Ortum Dragon Wheel,Red Wind Casino,"12819 Yelm Hwy. SE, Olympia, WA 98513","Win up to $5,000; free entry with Club Red swipe; bonus entries for points",8/19/2025 18:00,8/19/2025 21:00
Ortum Dragon Wheel,Red Wind Casino,"12819 Yelm Hwy. SE, Olympia, WA 98513","Win up to $5,000; free entry with Club Red swipe; bonus entries for points",8/26/2025 18:00,8/26/2025 21:00
Ortum Dragon Wheel,Red Wind Casino,"12819 Yelm Hwy. SE, Olympia, WA 98513","Win up to $5,000; free entry with Club Red swipe; bonus entries for points",8/7/2025 18:00,8/7/2025 21:00
Ortum Dragon Wheel,Red Wind Casino,"12819 Yelm Hwy. SE, Olympia, WA 98513","Win up to $5,000; free entry with Club Red swipe; bonus entries for points",8/14/2025 18:00,8/14/2025 21:00
Ortum Dragon Wheel,Red Wind Casino,"12819 Yelm Hwy. SE, Olympia, WA 98513","Win up to $5,000; free entry with Club Red swipe; bonus entries for points",8/21/2025 18:00,8/21/2025 21:00
Ortum Dragon Wheel,Red Wind Casino,"12819 Yelm Hwy. SE, Olympia, WA 98513","Win up to $5,000; free entry with Club Red swipe; bonus entries for points",8/28/2025 18:00,8/28/2025 21:00
Weekly Loyalty Offer,Red Wind Casino,"12819 Yelm Hwy. SE, Olympia, WA 98513",$20 Free Play,7/30/2025 0:00,8/5/2025 23:59
Weekly Loyalty Offer,Red Wind Casino,"12819 Yelm Hwy. SE, Olympia, WA 98513",$20 Free Play,8/7/2025 0:00,8/12/2025 23:59
Weekly Loyalty Offer,Red Wind Casino,"12819 Yelm Hwy. SE, Olympia, WA 98513",$20 Free Play,8/13/2025 0:00,8/19/2025 23:59
Weekly Loyalty Offer,Red Wind Casino,"12819 Yelm Hwy. SE, Olympia, WA 98513",$20 Free Play,8/20/2025 0:00,8/26/2025 23:59
Weekly Loyalty Offer,Red Wind Casino,"12819 Yelm Hwy. SE, Olympia, WA 98513",$20 Free Play,8/27/2025 0:00,9/2/2025 23:59
Allstars Grand Prize Drawing,Red Wind Casino,"12819 Yelm Hwy. SE, Olympia, WA 98513","4 winners of $25,000; free entry with Club Red swipe; bonus entries for points",8/2/2025 21:00,8/2/2025 21:00
Allstars Grand Prize Drawing,Red Wind Casino,"12819 Yelm Hwy. SE, Olympia, WA 98513","4 winners of $25,000; free entry with Club Red swipe; bonus entries for points",8/9/2025 21:00,8/9/2025 21:00
Allstars Grand Prize Drawing,Red Wind Casino,"12819 Yelm Hwy. SE, Olympia, WA 98513","4 winners of $25,000; free entry with Club Red swipe; bonus entries for points",8/16/2025 21:00,8/16/2025 21:00
Allstars Grand Prize Drawing,Red Wind Casino,"12819 Yelm Hwy. SE, Olympia, WA 98513","4 winners of $25,000; free entry with Club Red swipe; bonus entries for points",8/23/2025 21:00,8/23/2025 21:00
$20K Cash Drawing,Red Wind Casino,"12819 Yelm Hwy. SE, Olympia, WA 98513","$20,000 cash prize; $20 slot free play",8/6/2025 20:00,8/6/2025 20:00
VIP Offer - Free Entry and Food Credits,ilani,"1 Cowlitz Way, Ridgefield, WA 98642","Free entry for two to one session of Wine & Food Festival, $30 food credits, VIP drink pass available for $10",9/19/2025 0:00,9/19/2025 23:59
VIP Offer - Free Entry and Food Credits,ilani,"1 Cowlitz Way, Ridgefield, WA 98642","Free entry for two to one session of Wine & Food Festival, $30 food credits, VIP drink pass available for $10",9/20/2025 0:00,9/20/2025 23:59
VIP Offer - Free Entry and Food Credits,ilani,"1 Cowlitz Way, Ridgefield, WA 98642","Free entry for two to one session of Wine & Food Festival, $30 food credits, VIP drink pass available for $10",9/21/2025 0:00,9/21/2025 23:59
"$68,000 Winefest Giveaway",ilani,"1 Cowlitz Way, Ridgefield, WA 98642","$1,000 promo play hot seats every 20 minutes, $25,000 cash grand prize at 18:30",9/20/2025 15:30,9/20/2025 18:30
"$68,000 Winefest Giveaway",ilani,"1 Cowlitz Way, Ridgefield, WA 98642","$1,000 promo play hot seats every 20 minutes, $25,000 cash grand prize at 18:30",9/21/2025 15:30,9/21/2025 18:30
Wine & Food Festival - Grand Tasting Session One,ilani,"1 Cowlitz Way, Ridgefield, WA 98642",$10 promo play upon entry,9/20/2025 12:00,9/20/2025 16:00
Vintage Elite Crue Performance,ilani,"1 Cowlitz Way, Ridgefield, WA 98642",,9/20/2025 16:00,9/20/2025 17:30
Wine & Food Festival - Grand Tasting Session Two,ilani,"1 Cowlitz Way, Ridgefield, WA 98642",$10 promo play upon entry,9/20/2025 17:00,9/20/2025 21:00
Wine & Food Festival - Grand Tasting Sunday Session,ilani,"1 Cowlitz Way, Ridgefield, WA 98642",$10 promo play upon entry,9/21/2025 13:00,9/21/2025 17:00
"$35,000 VIP Slot Tournament",ilani,"1 Cowlitz Way, Ridgefield, WA 98642","Grand prize $10,000 cash; 2nd $5,000 cash; 3rd $3,000 cash; 4th-6th $2,000 cash; 7th-18th $1,000 cash",9/6/2025 12:00,9/6/2025 18:00
Star Mail Bonus Free Play,Lucky Eagle Casino,"12888 188th Avenue SW, Rochester, WA 98579",$10 Free Play,8/6/2025 10:00,8/6/2025 23:59
Star Mail Bonus Free Play,Lucky Eagle Casino,"12888 188th Avenue SW, Rochester, WA 98579",$10 Free Play,8/13/2025 10:00,8/13/2025 23:59
Star Mail Bonus Free Play,Lucky Eagle Casino,"12888 188th Avenue SW, Rochester, WA 98579",$10 Free Play,8/20/2025 10:00,8/20/2025 23:59
Star Mail Bonus Free Play,Lucky Eagle Casino,"12888 188th Avenue SW, Rochester, WA 98579",$10 Free Play,8/27/2025 10:00,8/27/2025 23:59
Star Mail Offer Free Play,Lucky Eagle Casino,"12888 188th Avenue SW, Rochester, WA 98579",$15 Free Play,8/2/2025 10:00,8/8/2025 23:59
Star Mail Offer Free Play,Lucky Eagle Casino,"12888 188th Avenue SW, Rochester, WA 98579",$15 Free Play,8/9/2025 10:00,8/15/2025 23:59
Star Mail Offer Free Play,Lucky Eagle Casino,"12888 188th Avenue SW, Rochester, WA 98579",$15 Free Play,8/16/2025 10:00,8/22/2025 23:59
Star Mail Offer Free Play,Lucky Eagle Casino,"12888 188th Avenue SW, Rochester, WA 98579",$15 Free Play,8/23/2025 10:00,8/29/2025 23:59
Outta This World Wins,Lucky Eagle Casino,"12888 188th Avenue SW, Rochester, WA 98579","Drawings every 30 minutes with $15,000 grand prize",8/23/2025 17:00,8/23/2025 21:00
Beach Day Essentials Giveaway,Lucky Eagle Casino,"12888 188th Avenue SW, Rochester, WA 98579",Collect weekly items,8/3/2025 12:00,8/3/2025 20:00
Beach Day Essentials Giveaway,Lucky Eagle Casino,"12888 188th Avenue SW, Rochester, WA 98579",Collect weekly items,8/5/2025 12:00,8/5/2025 20:00
Beach Day Essentials Giveaway,Lucky Eagle Casino,"12888 188th Avenue SW, Rochester, WA 98579",Collect weekly items,8/10/2025 12:00,8/10/2025 20:00
Beach Day Essentials Giveaway,Lucky Eagle Casino,"12888 188th Avenue SW, Rochester, WA 98579",Collect weekly items,8/12/2025 12:00,8/12/2025 20:00
Beach Day Essentials Giveaway,Lucky Eagle Casino,"12888 188th Avenue SW, Rochester, WA 98579",Collect weekly items,8/17/2025 12:00,8/17/2025 20:00
Beach Day Essentials Giveaway,Lucky Eagle Casino,"12888 188th Avenue SW, Rochester, WA 98579",Collect weekly items,8/19/2025 12:00,8/19/2025 20:00
Beach Day Essentials Giveaway,Lucky Eagle Casino,"12888 188th Avenue SW, Rochester, WA 98579",Collect weekly items,8/24/2025 12:00,8/24/2025 20:00
Beach Day Essentials Giveaway,Lucky Eagle Casino,"12888 188th Avenue SW, Rochester, WA 98579",Collect weekly items,8/26/2025 12:00,8/26/2025 20:00
Beach Day Essentials Giveaway,Lucky Eagle Casino,"12888 188th Avenue SW, Rochester, WA 98579",Collect weekly items,8/31/2025 12:00,8/31/2025 20:00
2x Your Choice,Spirit Mountain Casino,"27100 SW Salmon River Hwy, Grand Ronde, OR 97347",Choose either $25 free play or 2x slot points once per week,8/1/2025 0:00,8/3/2025 23:59
2x Your Choice,Spirit Mountain Casino,"27100 SW Salmon River Hwy, Grand Ronde, OR 97347",Choose either $25 free play or 2x slot points once per week,8/4/2025 0:00,8/10/2025 23:59
2x Your Choice,Spirit Mountain Casino,"27100 SW Salmon River Hwy, Grand Ronde, OR 97347",Choose either $25 free play or 2x slot points once per week,8/11/2025 0:00,8/17/2025 23:59
2x Your Choice,Spirit Mountain Casino,"27100 SW Salmon River Hwy, Grand Ronde, OR 97347",Choose either $25 free play or 2x slot points once per week,8/18/2025 0:00,8/24/2025 23:59
2x Your Choice,Spirit Mountain Casino,"27100 SW Salmon River Hwy, Grand Ronde, OR 97347",Choose either $25 free play or 2x slot points once per week,8/25/2025 0:00,8/31/2025 23:59
$15 Off Food,Spirit Mountain Casino,"27100 SW Salmon River Hwy, Grand Ronde, OR 97347",$15 off food once per week,8/4/2025 0:00,8/7/2025 23:59
$15 Off Food,Spirit Mountain Casino,"27100 SW Salmon River Hwy, Grand Ronde, OR 97347",$15 off food once per week,8/11/2025 0:00,8/14/2025 23:59
$15 Off Food,Spirit Mountain Casino,"27100 SW Salmon River Hwy, Grand Ronde, OR 97347",$15 off food once per week,8/18/2025 0:00,8/21/2025 23:59
$15 Off Food,Spirit Mountain Casino,"27100 SW Salmon River Hwy, Grand Ronde, OR 97347",$15 off food once per week,8/25/2025 0:00,8/28/2025 23:59
Pepsi Giveaway,Spirit Mountain Casino,"27100 SW Salmon River Hwy, Grand Ronde, OR 97347","Earn 500 points between 00:00-19:59, redeem 10:00-20:00 for a 12-pack of Pepsi products (limit 4 packs)",8/6/2025 10:00,8/6/2025 20:00
Pepsi Giveaway,Spirit Mountain Casino,"27100 SW Salmon River Hwy, Grand Ronde, OR 97347","Earn 500 points between 00:00-19:59, redeem 10:00-20:00 for a 12-pack of Pepsi products (limit 4 packs)",8/13/2025 10:00,8/13/2025 20:00
Pepsi Giveaway,Spirit Mountain Casino,"27100 SW Salmon River Hwy, Grand Ronde, OR 97347","Earn 500 points between 00:00-19:59, redeem 10:00-20:00 for a 12-pack of Pepsi products (limit 4 packs)",8/20/2025 10:00,8/20/2025 20:00
Pepsi Giveaway,Spirit Mountain Casino,"27100 SW Salmon River Hwy, Grand Ronde, OR 97347","Earn 500 points between 00:00-19:59, redeem 10:00-20:00 for a 12-pack of Pepsi products (limit 4 packs)",8/27/2025 10:00,8/27/2025 20:00
Multiplier Thursdays,Spirit Mountain Casino,"27100 SW Salmon River Hwy, Grand Ronde, OR 97347","Slot point multipliers up to 5x; 2x on first Thursday, increasing each week if consecutive",8/7/2025 0:00,8/7/2025 23:59
Multiplier Thursdays,Spirit Mountain Casino,"27100 SW Salmon River Hwy, Grand Ronde, OR 97347","Slot point multipliers up to 5x; 2x on first Thursday, increasing each week if consecutive",8/14/2025 0:00,8/14/2025 23:59
Multiplier Thursdays,Spirit Mountain Casino,"27100 SW Salmon River Hwy, Grand Ronde, OR 97347","Slot point multipliers up to 5x; 2x on first Thursday, increasing each week if consecutive",8/21/2025 0:00,8/21/2025 23:59
Multiplier Thursdays,Spirit Mountain Casino,"27100 SW Salmon River Hwy, Grand Ronde, OR 97347","Slot point multipliers up to 5x; 2x on first Thursday, increasing each week if consecutive",8/28/2025 0:00,8/28/2025 23:59
Winning Race Kiosk Game,Spirit Mountain Casino,"27100 SW Salmon River Hwy, Grand Ronde, OR 97347","Earn 1,500 points to play; win prizes or up to $1,000 free play (up to 6 plays per Sunday)",8/3/2025 0:00,8/3/2025 23:59
Winning Race Kiosk Game,Spirit Mountain Casino,"27100 SW Salmon River Hwy, Grand Ronde, OR 97347","Earn 1,500 points to play; win prizes or up to $1,000 free play (up to 6 plays per Sunday)",8/10/2025 0:00,8/10/2025 23:59
Winning Race Kiosk Game,Spirit Mountain Casino,"27100 SW Salmon River Hwy, Grand Ronde, OR 97347","Earn 1,500 points to play; win prizes or up to $1,000 free play (up to 6 plays per Sunday)",8/17/2025 0:00,8/17/2025 23:59
Winning Race Kiosk Game,Spirit Mountain Casino,"27100 SW Salmon River Hwy, Grand Ronde, OR 97347","Earn 1,500 points to play; win prizes or up to $1,000 free play (up to 6 plays per Sunday)",8/24/2025 0:00,8/24/2025 23:59
Winning Race Kiosk Game,Spirit Mountain Casino,"27100 SW Salmon River Hwy, Grand Ronde, OR 97347","Earn 1,500 points to play; win prizes or up to $1,000 free play (up to 6 plays per Sunday)",8/31/2025 0:00,8/31/2025 23:59
Ride and Win Kiosk Game,Spirit Mountain Casino,"27100 SW Salmon River Hwy, Grand Ronde, OR 97347","Earn 250/500/1000 points to play; win up to $3,000 free play; max 5 laps per week",8/4/2025 0:00,8/4/2025 23:59
Ride and Win Kiosk Game,Spirit Mountain Casino,"27100 SW Salmon River Hwy, Grand Ronde, OR 97347","Earn 250/500/1000 points to play; win up to $3,000 free play; max 5 laps per week",8/5/2025 0:00,8/5/2025 23:59
Ride and Win Kiosk Game,Spirit Mountain Casino,"27100 SW Salmon River Hwy, Grand Ronde, OR 97347","Earn 250/500/1000 points to play; win up to $3,000 free play; max 5 laps per week",8/11/2025 0:00,8/11/2025 23:59
Ride and Win Kiosk Game,Spirit Mountain Casino,"27100 SW Salmon River Hwy, Grand Ronde, OR 97347","Earn 250/500/1000 points to play; win up to $3,000 free play; max 5 laps per week",8/12/2025 0:00,8/12/2025 23:59
Ride and Win Kiosk Game,Spirit Mountain Casino,"27100 SW Salmon River Hwy, Grand Ronde, OR 97347","Earn 250/500/1000 points to play; win up to $3,000 free play; max 5 laps per week",8/18/2025 0:00,8/18/2025 23:59
Ride and Win Kiosk Game,Spirit Mountain Casino,"27100 SW Salmon River Hwy, Grand Ronde, OR 97347","Earn 250/500/1000 points to play; win up to $3,000 free play; max 5 laps per week",8/19/2025 0:00,8/19/2025 23:59
Ride and Win Kiosk Game,Spirit Mountain Casino,"27100 SW Salmon River Hwy, Grand Ronde, OR 97347","Earn 250/500/1000 points to play; win up to $3,000 free play; max 5 laps per week",8/25/2025 0:00,8/25/2025 23:59
Ride and Win Kiosk Game,Spirit Mountain Casino,"27100 SW Salmon River Hwy, Grand Ronde, OR 97347","Earn 250/500/1000 points to play; win up to $3,000 free play; max 5 laps per week",8/26/2025 0:00,8/26/2025 23:59
Winner Bingo Loco,Spirit Mountain Casino,"27100 SW Salmon River Hwy, Grand Ronde, OR 97347",World’s largest bingo party,8/9/2025 19:00,8/9/2025 23:59
Classic August Nights,Spirit Mountain Casino,"27100 SW Salmon River Hwy, Grand Ronde, OR 97347","Win a share of $25,000 in prizes or a classic car; 5 drawings",8/29/2025 19:00,8/29/2025 23:59
The Price Is Right Live,Spirit Mountain Casino,"27100 SW Salmon River Hwy, Grand Ronde, OR 97347",Television’s most famous pricing games; win prizes including cars,10/3/2025 20:00,10/3/2025 23:59
The Price Is Right Live,Spirit Mountain Casino,"27100 SW Salmon River Hwy, Grand Ronde, OR 97347",Television’s most famous pricing games; win prizes including cars,10/4/2025 15:00,10/4/2025 18:00
Endless Summer T-Shirt Giveaway,ilani,"1 Cowlitz Way, Ridgefield, WA 98642",Earn 8 Status Points to Receive a T-Shirt,8/1/2025 6:00,8/1/2025 20:00
Endless Summer T-Shirt Giveaway,ilani,"1 Cowlitz Way, Ridgefield, WA 98642",Earn 8 Status Points to Receive a T-Shirt,8/8/2025 6:00,8/8/2025 20:00
Endless Summer T-Shirt Giveaway,ilani,"1 Cowlitz Way, Ridgefield, WA 98642",Earn 8 Status Points to Receive a T-Shirt,8/15/2025 6:00,8/15/2025 20:00
Monthly Slot Play,ilani,"1 Cowlitz Way, Ridgefield, WA 98642",$35 Slot Play,8/1/2025 6:00,8/3/2025 5:59
Monthly Slot Play,ilani,"1 Cowlitz Way, Ridgefield, WA 98642",$35 Slot Play,8/4/2025 6:00,8/5/2025 5:59
Monthly Slot Play,ilani,"1 Cowlitz Way, Ridgefield, WA 98642",$35 Slot Play,8/7/2025 6:00,8/10/2025 5:59
Monthly Slot Play,ilani,"1 Cowlitz Way, Ridgefield, WA 98642",$35 Slot Play,8/11/2025 6:00,8/12/2025 5:59
Monthly Slot Play,ilani,"1 Cowlitz Way, Ridgefield, WA 98642",$35 Slot Play,8/14/2025 6:00,8/17/2025 5:59
Monthly Slot Play,ilani,"1 Cowlitz Way, Ridgefield, WA 98642",$35 Slot Play,8/17/2025 6:00,8/19/2025 5:59
Monthly Slot Play,ilani,"1 Cowlitz Way, Ridgefield, WA 98642",$35 Slot Play,8/21/2025 6:00,8/23/2025 5:59
Monthly Slot Play,ilani,"1 Cowlitz Way, Ridgefield, WA 98642",$35 Slot Play,8/24/2025 6:00,8/26/2025 5:59
Monthly Slot Play,ilani,"1 Cowlitz Way, Ridgefield, WA 98642",$35 Slot Play,8/28/2025 6:00,8/29/2025 5:59
Monthly Slot Play,ilani,"1 Cowlitz Way, Ridgefield, WA 98642",$35 Slot Play,8/29/2025 6:00,8/31/2025 5:59
Daytime Bonus Slot Play,ilani,"1 Cowlitz Way, Ridgefield, WA 98642",$40 Slot Play,8/3/2025 6:00,8/3/2025 18:00
Daytime Bonus Slot Play,ilani,"1 Cowlitz Way, Ridgefield, WA 98642",$40 Slot Play,8/31/2025 6:00,8/31/2025 18:00
Acadia Adventure Sweepstakes,ilani,"1 Cowlitz Way, Ridgefield, WA 98642",Entry Earned Daily + Multipliers on Sundays & Mondays,8/1/2025 0:00,9/1/2025 23:59
7 Status Point Challenge,ilani,"1 Cowlitz Way, Ridgefield, WA 98642","Earn 10 Points, Get $10 Promo Play (Redeem Sept 7–12)",8/1/2025 6:00,9/1/2025 5:59
Monthly Gift - 4qt Dutch Oven & Glass Lid,Muckleshoot Casino,"3402 Auburn Way South, Auburn, WA 98002",Pick up gift,8/7/2025 12:00,8/7/2025 21:00
Monthly Gift - 4qt Dutch Oven & Glass Lid,Muckleshoot Casino,"3402 Auburn Way South, Auburn, WA 98002",Pick up gift,8/8/2025 10:00,8/8/2025 14:00
"Monthly Gift - 11"" Hybrid Frying Pan",Muckleshoot Casino,"3402 Auburn Way South, Auburn, WA 98002",Pick up gift,8/14/2025 12:00,8/14/2025 21:00
"Monthly Gift - 11"" Hybrid Frying Pan",Muckleshoot Casino,"3402 Auburn Way South, Auburn, WA 98002",Pick up gift,8/15/2025 10:00,8/15/2025 14:00
Monthly Gift - 2qt Sauce Pot & Glass Lid,Muckleshoot Casino,"3402 Auburn Way South, Auburn, WA 98002",Pick up gift,8/21/2025 12:00,8/21/2025 21:00
Monthly Gift - 2qt Sauce Pot & Glass Lid,Muckleshoot Casino,"3402 Auburn Way South, Auburn, WA 98002",Pick up gift,8/22/2025 10:00,8/22/2025 14:00
"Monthly Gift - 9.5"" Hybrid Frying Pan",Muckleshoot Casino,"3402 Auburn Way South, Auburn, WA 98002",Pick up gift,8/28/2025 12:00,8/28/2025 21:00
"Monthly Gift - 9.5"" Hybrid Frying Pan",Muckleshoot Casino,"3402 Auburn Way South, Auburn, WA 98002",Pick up gift,8/29/2025 10:00,8/29/2025 14:00
$15 Free Play,Muckleshoot Casino,"3402 Auburn Way South, Auburn, WA 98002",$15 free play,8/1/2025 7:00,8/6/2025 23:59
$10 Free Play,Muckleshoot Casino,"3402 Auburn Way South, Auburn, WA 98002",$10 free play,8/9/2025 7:00,8/14/2025 23:59
$10 Free Play,Muckleshoot Casino,"3402 Auburn Way South, Auburn, WA 98002",$10 free play,8/18/2025 7:00,8/23/2025 23:59
$15 Free Play,Muckleshoot Casino,"3402 Auburn Way South, Auburn, WA 98002",$15 free play,8/25/2025 7:00,8/29/2025 23:59
Level Up Multiplier,Muckleshoot Casino,"3402 Auburn Way South, Auburn, WA 98002",Earn up to 5x points,8/4/2025 10:00,8/4/2025 20:00
Level Up Multiplier,Muckleshoot Casino,"3402 Auburn Way South, Auburn, WA 98002",Earn up to 5x points,8/11/2025 10:00,8/11/2025 20:00
Level Up Multiplier,Muckleshoot Casino,"3402 Auburn Way South, Auburn, WA 98002",Earn up to 5x points,8/18/2025 10:00,8/18/2025 20:00
Walk of Fame & Fortune 10x Entries,Muckleshoot Casino,"3402 Auburn Way South, Auburn, WA 98002",5 winners every hour,8/20/2025 10:00,8/20/2025 20:00
"$50,000 Guaranteed Giveaway",Muckleshoot Casino,"3402 Auburn Way South, Auburn, WA 98002","Win up to $25,000 in cash",8/23/2025 15:00,8/23/2025 21:00
Cruisin' with the King Cadillac Giveaway,Muckleshoot Casino,"3402 Auburn Way South, Auburn, WA 98002",Win a classic Cadillac,8/31/2025 15:00,8/31/2025 18:00
Cruisin' with the King Cadillac Giveaway Grand Prize,Muckleshoot Casino,"3402 Auburn Way South, Auburn, WA 98002",Grand prize drawing,8/31/2025 19:00,8/31/2025 19:00
Swipe It! Win It! Receive It!,Muckleshoot Casino,"3402 Auburn Way South, Auburn, WA 98002","Win up to $1,500 free play or other prizes",8/2/2025 10:00,8/2/2025 22:00
Jail House Rock & Riches,Muckleshoot Casino,"3402 Auburn Way South, Auburn, WA 98002","Win share of over $130,000",8/6/2025 17:00,8/6/2025 21:00
Jail House Rock & Riches,Muckleshoot Casino,"3402 Auburn Way South, Auburn, WA 98002","Win share of over $130,000",8/13/2025 17:00,8/13/2025 21:00
Jail House Rock & Riches,Muckleshoot Casino,"3402 Auburn Way South, Auburn, WA 98002","Win share of over $130,000",8/20/2025 17:00,8/20/2025 21:00
Jail House Rock & Riches,Muckleshoot Casino,"3402 Auburn Way South, Auburn, WA 98002","Win share of over $130,000",8/27/2025 17:00,8/27/2025 21:00
Blue Suede Spins,Muckleshoot Casino,"3402 Auburn Way South, Auburn, WA 98002","Win up to $2,500 in free play",8/15/2025 17:00,8/15/2025 21:30
Blue Suede Spins,Muckleshoot Casino,"3402 Auburn Way South, Auburn, WA 98002","Win up to $2,500 in free play",8/29/2025 17:00,8/29/2025 21:30
Lucky Envelope Mystery Free Play,Muckleshoot Casino,"3402 Auburn Way South, Auburn, WA 98002","Receive $15 to $8,888 in mystery free play",8/8/2025 7:00,8/8/2025 23:59
Free Farberware 20-piece Flatware Set,Muckleshoot Casino,"3402 Auburn Way South, Auburn, WA 98002",Farberware 20-piece flatware set,8/10/2025 10:00,8/10/2025 20:00
$25 Lucky Bucks,Lucky Dog Casino,"19330 N US HWY 101, Skokomish, WA 98584",$25 Lucky Bucks one-time offer,8/1/2025 0:00,8/3/2025 23:59
$25 Lucky Bucks,Lucky Dog Casino,"19330 N US HWY 101, Skokomish, WA 98584",$25 Lucky Bucks one-time offer,8/4/2025 0:00,8/7/2025 23:59
$25 Lucky Bucks,Lucky Dog Casino,"19330 N US HWY 101, Skokomish, WA 98584",$25 Lucky Bucks one-time offer,8/9/2025 0:00,8/10/2025 23:59
$25 Lucky Bucks,Lucky Dog Casino,"19330 N US HWY 101, Skokomish, WA 98584",$25 Lucky Bucks one-time offer,8/11/2025 0:00,8/14/2025 23:59
$25 Lucky Bucks,Lucky Dog Casino,"19330 N US HWY 101, Skokomish, WA 98584",$25 Lucky Bucks one-time offer,8/16/2025 0:00,8/17/2025 23:59
$25 Lucky Bucks,Lucky Dog Casino,"19330 N US HWY 101, Skokomish, WA 98584",$25 Lucky Bucks one-time offer,8/18/2025 0:00,8/21/2025 23:59
$25 Lucky Bucks,Lucky Dog Casino,"19330 N US HWY 101, Skokomish, WA 98584",$25 Lucky Bucks one-time offer,8/23/2025 0:00,8/24/2025 23:59
$25 Lucky Bucks,Lucky Dog Casino,"19330 N US HWY 101, Skokomish, WA 98584",$25 Lucky Bucks one-time offer,8/25/2025 0:00,8/28/2025 23:59
$25 Lucky Bucks,Lucky Dog Casino,"19330 N US HWY 101, Skokomish, WA 98584",$25 Lucky Bucks one-time offer,8/30/2025 0:00,8/31/2025 23:59
Club Lucky Multiplier,Lucky Dog Casino,"19330 N US HWY 101, Skokomish, WA 98584",Exclusive multiplier based on Club Lucky level,8/5/2025 10:00,8/5/2025 18:00
Club Lucky Multiplier,Lucky Dog Casino,"19330 N US HWY 101, Skokomish, WA 98584",Exclusive multiplier based on Club Lucky level,8/12/2025 10:00,8/12/2025 18:00
Club Lucky Multiplier,Lucky Dog Casino,"19330 N US HWY 101, Skokomish, WA 98584",Exclusive multiplier based on Club Lucky level,8/19/2025 10:00,8/19/2025 18:00
Club Lucky Multiplier,Lucky Dog Casino,"19330 N US HWY 101, Skokomish, WA 98584",Exclusive multiplier based on Club Lucky level,8/26/2025 10:00,8/26/2025 18:00
Road Trip Fill Up,Lucky Dog Casino,"19330 N US HWY 101, Skokomish, WA 98584",$25 Twin Totems Sinclair Gas Gift Card,8/7/2025 14:00,8/7/2025 20:00
Road Trip Fill Up,Lucky Dog Casino,"19330 N US HWY 101, Skokomish, WA 98584",$25 Starbucks Gift Card,8/14/2025 14:00,8/14/2025 20:00
Road Trip Fill Up,Lucky Dog Casino,"19330 N US HWY 101, Skokomish, WA 98584",$25 Amazon Gift Card,8/21/2025 14:00,8/21/2025 20:00
Road Trip Fill Up,Lucky Dog Casino,"19330 N US HWY 101, Skokomish, WA 98584",$25 Lucky Bucks Alternative Gift,8/28/2025 14:00,8/28/2025 20:00
Wearable Wednesdays,Lucky Dog Casino,"19330 N US HWY 101, Skokomish, WA 98584",Earn 50 base points and get a free wearable,8/6/2025 10:00,8/6/2025 20:00
Wearable Wednesdays,Lucky Dog Casino,"19330 N US HWY 101, Skokomish, WA 98584",Earn 50 base points and get a free wearable,8/13/2025 10:00,8/13/2025 20:00
Wearable Wednesdays,Lucky Dog Casino,"19330 N US HWY 101, Skokomish, WA 98584",Earn 50 base points and get a free wearable,8/20/2025 10:00,8/20/2025 20:00
Wearable Wednesdays,Lucky Dog Casino,"19330 N US HWY 101, Skokomish, WA 98584",Earn 50 base points and get a free wearable,8/27/2025 10:00,8/27/2025 20:00
Yesteryear Car Show,Lucky Dog Casino,"19330 N US HWY 101, Skokomish, WA 98584","All makes and models welcome, $20 entry fee, free viewing",8/16/2025 9:00,8/16/2025 15:00
Car Show Spin & Win,Lucky Dog Casino,"19330 N US HWY 101, Skokomish, WA 98584","Win up to $1,000 cash, one free gameplay",8/16/2025 9:00,8/16/2025 16:00
Road Trippin’,Lucky Dog Casino,"19330 N US HWY 101, Skokomish, WA 98584","Drawings every 30 minutes. Win up to $2,500",8/2/2025 18:00,8/2/2025 21:00
Road Trippin’,Lucky Dog Casino,"19330 N US HWY 101, Skokomish, WA 98584","Drawings every 30 minutes. Win up to $2,500",8/9/2025 18:00,8/9/2025 21:00
Road Trippin’,Lucky Dog Casino,"19330 N US HWY 101, Skokomish, WA 98584","Drawings every 30 minutes. Win up to $2,500",8/16/2025 18:00,8/16/2025 21:00
Road Trippin’,Lucky Dog Casino,"19330 N US HWY 101, Skokomish, WA 98584","Drawings every 30 minutes. Win up to $2,500",8/23/2025 18:00,8/23/2025 21:00
Road Trippin’,Lucky Dog Casino,"19330 N US HWY 101, Skokomish, WA 98584","Drawings every 30 minutes. Win up to $2,500",8/30/2025 18:00,8/30/2025 21:00
LDC 24th Birthday Bonus,Lucky Dog Casino,"19330 N US HWY 101, Skokomish, WA 98584",10x Lucky Points,8/31/2025 10:00,8/31/2025 16:00
Park Trip Pull Tabs,Lucky Dog Casino,"19330 N US HWY 101, Skokomish, WA 98584","Each pull tab worth $2,500",8/8/2025 11:00,8/8/2025 21:00
Park Trip Pull Tabs,Lucky Dog Casino,"19330 N US HWY 101, Skokomish, WA 98584","Each pull tab worth $2,500",8/15/2025 11:00,8/15/2025 21:00
Park Trip Pull Tabs,Lucky Dog Casino,"19330 N US HWY 101, Skokomish, WA 98584","Each pull tab worth $2,500",8/22/2025 11:00,8/22/2025 21:00
Park Trip Pull Tabs,Lucky Dog Casino,"19330 N US HWY 101, Skokomish, WA 98584","Each pull tab worth $2,500",8/29/2025 11:00,8/29/2025 21:00
"$2,500 Second Chance Drawing",Lucky Dog Casino,"19330 N US HWY 101, Skokomish, WA 98584",Need not be present to win. Claim by August 30,8/29/2025 21:00,8/29/2025 21:00
"All Shook Up Bonus Free Play","Muckleshoot Casino","3402 Auburn Way South, Auburn, WA 98002","$10 Bonus Free Play + 100 Bonus Entries into Cruisin' with the King Cadillac Giveaway","8/16/2025 07:00","8/17/2025 23:59"
"Cruisin' with the King Cadillac Giveaway Bonus Entries","Muckleshoot Casino","3402 Auburn Way South, Auburn, WA 98002","100 Bonus Entries into Cadillac Giveaway","8/31/2025 00:00","8/31/2025 23:59"
"Acadia Adventure Sweepstakes","ilani","1 Cowlitz Way, Ridgefield, WA 98642","Play throughout August for a chance to win a 2025 GMC Acadia Denali. Free entry each day with ilani rewards account plus additional entries for every status point earned.","8/1/2025 00:00","8/31/2025 23:59"
"Entry Multiplier","ilani","1 Cowlitz Way, Ridgefield, WA 98642","Receive multiple entries for every status point earned.","8/3/2025 00:00","8/3/2025 23:59"
"Entry Multiplier","ilani","1 Cowlitz Way, Ridgefield, WA 98642","Receive multiple entries for every status point earned.","8/4/2025 00:00","8/4/2025 23:59"
"Entry Multiplier","ilani","1 Cowlitz Way, Ridgefield, WA 98642","Receive multiple entries for every status point earned.","8/10/2025 00:00","8/10/2025 23:59"
"Entry Multiplier","ilani","1 Cowlitz Way, Ridgefield, WA 98642","Receive multiple entries for every status point earned.","8/11/2025 00:00","8/11/2025 23:59"
"Entry Multiplier","ilani","1 Cowlitz Way, Ridgefield, WA 98642","Receive multiple entries for every status point earned.","8/17/2025 00:00","8/17/2025 23:59"
"Entry Multiplier","ilani","1 Cowlitz Way, Ridgefield, WA 98642","Receive multiple entries for every status point earned.","8/18/2025 00:00","8/18/2025 23:59"
"Entry Multiplier","ilani","1 Cowlitz Way, Ridgefield, WA 98642","Receive multiple entries for every status point earned.","8/24/2025 00:00","8/24/2025 23:59"
"Entry Multiplier","ilani","1 Cowlitz Way, Ridgefield, WA 98642","Receive multiple entries for every status point earned.","8/25/2025 00:00","8/25/2025 23:59"
"Entry Multiplier","ilani","1 Cowlitz Way, Ridgefield, WA 98642","Receive multiple entries for every status point earned.","8/31/2025 00:00","8/31/2025 23:59"
"Grand Finale - Entry Activation","ilani","1 Cowlitz Way, Ridgefield, WA 98642","Activate entries for finale.","9/1/2025 15:00","9/1/2025 19:40"
"Grand Finale - Promo Play Hot Seats","ilani","1 Cowlitz Way, Ridgefield, WA 98642","$1,000 Promo Play Hot Seats every 20 minutes.","9/1/2025 16:00","9/1/2025 19:40"
"Grand Finale - 2025 Acadia Denali Grand Prize","ilani","1 Cowlitz Way, Ridgefield, WA 98642","Grand prize giveaway.","9/1/2025 20:00","9/1/2025 20:00"
"Rock & Brews Daytime Bonus","ilani","1 Cowlitz Way, Ridgefield, WA 98642","$40 in slot play bonus. Claim at kiosk. Valid 6:00am–6:00pm.","8/31/2025 06:00","8/31/2025 18:00"
"$35 Slot Play","ilani","1 Cowlitz Way, Ridgefield, WA 98642","$35 slot play","9/4/2025 06:00","9/5/2025 05:59"
"$35 Slot Play","ilani","1 Cowlitz Way, Ridgefield, WA 98642","$35 slot play","9/5/2025 06:00","9/7/2025 05:59"
"$35 Slot Play","ilani","1 Cowlitz Way, Ridgefield, WA 98642","$35 slot play","9/7/2025 06:00","9/9/2025 05:59"
"$35 Slot Play","ilani","1 Cowlitz Way, Ridgefield, WA 98642","$35 slot play","9/11/2025 06:00","9/13/2025 05:59"
"$35 Slot Play","ilani","1 Cowlitz Way, Ridgefield, WA 98642","$35 slot play","9/14/2025 06:00","9/16/2025 05:59"
"$35 Slot Play","ilani","1 Cowlitz Way, Ridgefield, WA 98642","$35 slot play","9/18/2025 06:00","9/19/2025 05:59"
"$35 Slot Play","ilani","1 Cowlitz Way, Ridgefield, WA 98642","$35 slot play","9/22/2025 06:00","9/23/2025 05:59"
"$35 Slot Play","ilani","1 Cowlitz Way, Ridgefield, WA 98642","$35 slot play","9/25/2025 06:00","9/27/2025 05:59"
"$35 Slot Play","ilani","1 Cowlitz Way, Ridgefield, WA 98642","$35 slot play","9/27/2025 06:00","9/28/2025 05:59"
"$35 Slot Play","ilani","1 Cowlitz Way, Ridgefield, WA 98642","$35 slot play","9/29/2025 06:00","9/30/2025 05:59"
"Dining & Shopping Rewards","ilani","1 Cowlitz Way, Ridgefield, WA 98642","$15 dining & shopping rewards","9/1/2025 00:00","9/15/2025 23:59"
"Dining & Shopping Rewards","ilani","1 Cowlitz Way, Ridgefield, WA 98642","$15 dining & shopping rewards","9/16/2025 00:00","9/30/2025 23:59"
"Daytime Bonus Slot Play","ilani","1 Cowlitz Way, Ridgefield, WA 98642","$40 slot play","9/13/2025 06:00","9/13/2025 18:00"
"Daytime Bonus Slot Play","ilani","1 Cowlitz Way, Ridgefield, WA 98642","$40 slot play","9/28/2025 06:00","9/28/2025 18:00"
"Extended Summer Sweepstakes","ilani","1 Cowlitz Way, Ridgefield, WA 98642","Win share of $52,000 in cash & prizes","9/2/2025 00:00","9/27/2025 23:59"
"Extended Summer Sweepstakes Multiplier","ilani","1 Cowlitz Way, Ridgefield, WA 98642","Entry multiplier","9/5/2025 00:00","9/5/2025 23:59"
"Extended Summer Sweepstakes Multiplier","ilani","1 Cowlitz Way, Ridgefield, WA 98642","Entry multiplier","9/12/2025 00:00","9/12/2025 23:59"
"Extended Summer Sweepstakes Multiplier","ilani","1 Cowlitz Way, Ridgefield, WA 98642","Entry multiplier","9/19/2025 00:00","9/19/2025 23:59"
"Extended Summer Sweepstakes Multiplier","ilani","1 Cowlitz Way, Ridgefield, WA 98642","Entry multiplier","9/26/2025 00:00","9/26/2025 23:59"
"Extended Summer Sweepstakes Multiplier","ilani","1 Cowlitz Way, Ridgefield, WA 98642","Entry multiplier","9/7/2025 00:00","9/7/2025 23:59"
"Extended Summer Sweepstakes Multiplier","ilani","1 Cowlitz Way, Ridgefield, WA 98642","Entry multiplier","9/14/2025 00:00","9/14/2025 23:59"
"Extended Summer Sweepstakes Multiplier","ilani","1 Cowlitz Way, Ridgefield, WA 98642","Entry multiplier","9/21/2025 00:00","9/21/2025 23:59"
"Extended Summer Sweepstakes Grand Finale","ilani","1 Cowlitz Way, Ridgefield, WA 98642","$40,000 grand prize drawing + hot seats","9/27/2025 15:00","9/27/2025 20:00"
"Hell’s Kitchen Gift Giveaway","ilani","1 Cowlitz Way, Ridgefield, WA 98642","Fiery stoneware set","9/2/2025 12:00","9/2/2025 20:00"
"Hell’s Kitchen Gift Giveaway","ilani","1 Cowlitz Way, Ridgefield, WA 98642","Fiery stoneware set","9/3/2025 12:00","9/3/2025 20:00"
"Hell’s Kitchen Gift Giveaway","ilani","1 Cowlitz Way, Ridgefield, WA 98642","Fiery stoneware set","9/9/2025 12:00","9/9/2025 20:00"
"Hell’s Kitchen Gift Giveaway","ilani","1 Cowlitz Way, Ridgefield, WA 98642","Fiery stoneware set","9/10/2025 12:00","9/10/2025 20:00"
"Hell’s Kitchen Gift Giveaway","ilani","1 Cowlitz Way, Ridgefield, WA 98642","Fiery stoneware set","9/16/2025 12:00","9/16/2025 20:00"
"Hell’s Kitchen Gift Giveaway","ilani","1 Cowlitz Way, Ridgefield, WA 98642","Fiery stoneware set","9/17/2025 12:00","9/17/2025 20:00"
"Hell’s Kitchen Gift Giveaway","ilani","1 Cowlitz Way, Ridgefield, WA 98642","Fiery stoneware set","9/23/2025 12:00","9/23/2025 20:00"
"Hell’s Kitchen Gift Giveaway","ilani","1 Cowlitz Way, Ridgefield, WA 98642","Fiery stoneware set","9/24/2025 12:00","9/24/2025 20:00"
"Hell’s Kitchen Gift Giveaway","ilani","1 Cowlitz Way, Ridgefield, WA 98642","Fiery stoneware set","9/30/2025 12:00","9/30/2025 20:00"
"Fall Slot Tournament","ilani","1 Cowlitz Way, Ridgefield, WA 98642","$3,500 in slot play every hour","9/4/2025 19:00","9/4/2025 22:00"
"Fall Slot Tournament","ilani","1 Cowlitz Way, Ridgefield, WA 98642","$3,500 in slot play every hour","9/11/2025 19:00","9/11/2025 22:00"
"Fall Slot Tournament","ilani","1 Cowlitz Way, Ridgefield, WA 98642","$3,500 in slot play every hour","9/18/2025 19:00","9/18/2025 22:00"
"Fall Slot Tournament","ilani","1 Cowlitz Way, Ridgefield, WA 98642","$3,500 in slot play every hour","9/25/2025 19:00","9/25/2025 22:00"
"Double Rewards Dollars","ilani","1 Cowlitz Way, Ridgefield, WA 98642","2x status points","9/2/2025 06:00","9/3/2025 05:59"
"Double Rewards Dollars","ilani","1 Cowlitz Way, Ridgefield, WA 98642","2x status points","9/3/2025 06:00","9/4/2025 05:59"
"Double Rewards Dollars","ilani","1 Cowlitz Way, Ridgefield, WA 98642","2x status points","9/9/2025 06:00","9/10/2025 05:59"
"Double Rewards Dollars","ilani","1 Cowlitz Way, Ridgefield, WA 98642","2x status points","9/10/2025 06:00","9/11/2025 05:59"
"Double Rewards Dollars","ilani","1 Cowlitz Way, Ridgefield, WA 98642","2x status points","9/16/2025 06:00","9/17/2025 05:59"
"Double Rewards Dollars","ilani","1 Cowlitz Way, Ridgefield, WA 98642","2x status points","9/17/2025 06:00","9/18/2025 05:59"
"Double Rewards Dollars","ilani","1 Cowlitz Way, Ridgefield, WA 98642","2x status points","9/23/2025 06:00","9/24/2025 05:59"
"Double Rewards Dollars","ilani","1 Cowlitz Way, Ridgefield, WA 98642","2x status points","9/24/2025 06:00","9/25/2025 05:59"
"Double Rewards Dollars","ilani","1 Cowlitz Way, Ridgefield, WA 98642","2x status points","9/30/2025 06:00","10/1/2025 05:59"
"Golden Fruit","ilani","1 Cowlitz Way, Ridgefield, WA 98642","Free pick for up to $1,000 promo play (min $20)","9/19/2025 00:00","9/19/2025 23:59"
"Wine & Food Festival","ilani","1 Cowlitz Way, Ridgefield, WA 98642","Sip, sample & savor hundreds of wines, beers, spirits","9/20/2025 00:00","9/21/2025 23:59"
"Gift Card Giveaway","ilani","1 Cowlitz Way, Ridgefield, WA 98642","$40 in free gift cards + up to 5 earned gift cards","9/26/2025 12:00","9/26/2025 20:00"
"Complimentary Night Stay","ilani","1 Cowlitz Way, Ridgefield, WA 98642","One complimentary night stay (reservation required, subject to availability)","8/25/2025 00:00","8/28/2025 23:59"
"Complimentary Night Stay","ilani","1 Cowlitz Way, Ridgefield, WA 98642","One complimentary night stay (reservation required, subject to availability)","9/2/2025 00:00","9/4/2025 23:59"
"Complimentary Night Stay","ilani","1 Cowlitz Way, Ridgefield, WA 98642","One complimentary night stay (reservation required, subject to availability)","9/8/2025 00:00","9/11/2025 23:59"
"Complimentary Night Stay","ilani","1 Cowlitz Way, Ridgefield, WA 98642","Complimentary night stay with reservation required","9/1/2025 00:00","9/4/2025 23:59"
"Complimentary Night Stay","ilani","1 Cowlitz Way, Ridgefield, WA 98642","Complimentary night stay with reservation required","9/15/2025 00:00","9/18/2025 23:59"
"Presto Nomad Traveling Portable Food Warmer Giveaway","Muckleshoot Casino","3402 Auburn Way South, Auburn, WA 98002","Free Presto Nomad Traveling Portable Food Warmer","9/1/2025 12:00","9/1/2025 21:00"
"Let's Play Thursdays","Legends Casino","580 Fort Road, Toppenish, WA","One winner every hour — 6pm: $4,000 • 7pm: $6,000 • 8pm: $8,000 • 9pm: $10,000","9/4/2025 18:00","9/4/2025 21:00"
"Let's Play Thursdays","Legends Casino","580 Fort Road, Toppenish, WA","One winner every hour — 6pm: $4,000 • 7pm: $6,000 • 8pm: $8,000 • 9pm: $10,000","9/11/2025 18:00","9/11/2025 21:00"
"Let's Play Thursdays","Legends Casino","580 Fort Road, Toppenish, WA","One winner every hour — 6pm: $4,000 • 7pm: $6,000 • 8pm: $8,000 • 9pm: $10,000","9/18/2025 18:00","9/18/2025 21:00"
"Let's Play Thursdays","Legends Casino","580 Fort Road, Toppenish, WA","One winner every hour — 6pm: $4,000 • 7pm: $6,000 • 8pm: $8,000 • 9pm: $10,000","9/25/2025 18:00","9/25/2025 21:00"
"Weekly $20 Xtra Rewards Free Play","Legends Casino","580 Fort Road, Toppenish, WA","$20 Xtra Rewards Free Play added to your account","9/1/2025 10:00","9/7/2025 23:59"
"Weekly $20 Xtra Rewards Free Play","Legends Casino","580 Fort Road, Toppenish, WA","$20 Xtra Rewards Free Play added to your account","9/8/2025 10:00","9/14/2025 23:59"
"Weekly $20 Xtra Rewards Free Play","Legends Casino","580 Fort Road, Toppenish, WA","$20 Xtra Rewards Free Play added to your account","9/15/2025 10:00","9/21/2025 23:59"
"Weekly $20 Xtra Rewards Free Play","Legends Casino","580 Fort Road, Toppenish, WA","$20 Xtra Rewards Free Play added to your account","9/22/2025 10:00","9/28/2025 23:59"
"Weekly $20 Xtra Rewards Free Play","Legends Casino","580 Fort Road, Toppenish, WA","$20 Xtra Rewards Free Play added to your account","9/29/2025 10:00","10/5/2025 23:59"
"Harvest Full Moon Bonus","Legends Casino","580 Fort Road, Toppenish, WA","Earn 10X more points","9/7/2025 18:00","9/7/2025 23:59"
"2X Tuesdays","Legends Casino","580 Fort Road, Toppenish, WA","Earn 2X points","9/16/2025 10:00","9/16/2025 23:59"
"2X Tuesdays","Legends Casino","580 Fort Road, Toppenish, WA","Earn 2X points","9/30/2025 10:00","9/30/2025 23:59"
"Gift Giveaway - Hand Mixer","Legends Casino","580 Fort Road, Toppenish, WA","60 points for Hand Mixer • One per person • While supplies last","9/9/2025 10:00","9/9/2025 23:59"
"Gift Giveaway - Electric Blender","Legends Casino","580 Fort Road, Toppenish, WA","Electric Blender • One per person • While supplies last","9/23/2025 10:00","9/23/2025 23:59"
"Diamonds Drawing","Red Wind Casino","12819 Yelm Hwy. SE, Olympia, WA 98513","One guest guaranteed to win $20,000 cash. Plus $20 in slot free play loaded to account.","9/3/2025 20:00","9/3/2025 20:00"
"Free Gifts - Bakeware Sets","Spirit Mountain Casino","27100 SW Salmon River Hwy, Grand Ronde, OR 97347","Bundt Pan, Muffin Pan, Loaf Pan Set, Pie Pan Set; limit one per person, per week; while supplies last","9/7/2025 10:00","9/7/2025 20:00"
"Free Gifts - Bakeware Sets","Spirit Mountain Casino","27100 SW Salmon River Hwy, Grand Ronde, OR 97347","Bundt Pan, Muffin Pan, Loaf Pan Set, Pie Pan Set; limit one per person, per week; while supplies last","9/8/2025 10:00","9/8/2025 20:00"
"Free Gifts - Bakeware Sets","Spirit Mountain Casino","27100 SW Salmon River Hwy, Grand Ronde, OR 97347","Bundt Pan, Muffin Pan, Loaf Pan Set, Pie Pan Set; limit one per person, per week; while supplies last","9/14/2025 10:00","9/14/2025 20:00"
"Free Gifts - Bakeware Sets","Spirit Mountain Casino","27100 SW Salmon River Hwy, Grand Ronde, OR 97347","Bundt Pan, Muffin Pan, Loaf Pan Set, Pie Pan Set; limit one per person, per week; while supplies last","9/15/2025 10:00","9/15/2025 20:00"
"Free Gifts - Bakeware Sets","Spirit Mountain Casino","27100 SW Salmon River Hwy, Grand Ronde, OR 97347","Bundt Pan, Muffin Pan, Loaf Pan Set, Pie Pan Set; limit one per person, per week; while supplies last","9/21/2025 10:00","9/21/2025 20:00"
"Free Gifts - Bakeware Sets","Spirit Mountain Casino","27100 SW Salmon River Hwy, Grand Ronde, OR 97347","Bundt Pan, Muffin Pan, Loaf Pan Set, Pie Pan Set; limit one per person, per week; while supplies last","9/22/2025 10:00","9/22/2025 20:00"
"Free Gifts - Bakeware Sets","Spirit Mountain Casino","27100 SW Salmon River Hwy, Grand Ronde, OR 97347","Bundt Pan, Muffin Pan, Loaf Pan Set, Pie Pan Set; limit one per person, per week; while supplies last","9/28/2025 10:00","9/28/2025 20:00"
"Free Gifts - Bakeware Sets","Spirit Mountain Casino","27100 SW Salmon River Hwy, Grand Ronde, OR 97347","Bundt Pan, Muffin Pan, Loaf Pan Set, Pie Pan Set; limit one per person, per week; while supplies last","9/29/2025 10:00","9/29/2025 20:00"
"Thursday Night Lights Drawings","Spirit Mountain Casino","27100 SW Salmon River Hwy, Grand Ronde, OR 97347","Win up to $4,000 cash plus pro team helmets & jerseys","9/4/2025 18:00","9/4/2025 19:00"
"Thursday Night Lights Drawings","Spirit Mountain Casino","27100 SW Salmon River Hwy, Grand Ronde, OR 97347","Win up to $4,000 cash plus pro team helmets & jerseys","9/11/2025 18:00","9/11/2025 19:00"
"Thursday Night Lights Drawings","Spirit Mountain Casino","27100 SW Salmon River Hwy, Grand Ronde, OR 97347","Win up to $4,000 cash plus pro team helmets & jerseys","9/18/2025 18:00","9/18/2025 19:00"
"Thursday Night Lights Drawings","Spirit Mountain Casino","27100 SW Salmon River Hwy, Grand Ronde, OR 97347","Win up to $4,000 cash plus pro team helmets & jerseys","9/25/2025 18:00","9/25/2025 19:00"
"Golden Scales Kiosk Game","Spirit Mountain Casino","27100 SW Salmon River Hwy, Grand Ronde, OR 97347","Win food & free play prizes; play up to 8 times each day by earning 1,500 points","9/3/2025 00:00","9/3/2025 23:59"
"Golden Scales Kiosk Game","Spirit Mountain Casino","27100 SW Salmon River Hwy, Grand Ronde, OR 97347","Win food & free play prizes; play up to 8 times each day by earning 1,500 points","9/10/2025 00:00","9/10/2025 23:59"
"Golden Scales Kiosk Game","Spirit Mountain Casino","27100 SW Salmon River Hwy, Grand Ronde, OR 97347","Win food & free play prizes; play up to 8 times each day by earning 1,500 points","9/17/2025 00:00","9/17/2025 23:59"
"Golden Scales Kiosk Game","Spirit Mountain Casino","27100 SW Salmon River Hwy, Grand Ronde, OR 97347","Win food & free play prizes; play up to 8 times each day by earning 1,500 points","9/24/2025 00:00","9/24/2025 23:59"
"Labor Day Hot Seats","Spirit Mountain Casino","27100 SW Salmon River Hwy, Grand Ronde, OR 97347","20 winners randomly selected to receive $500 cash; must be actively playing with club card inserted","9/1/2025 16:00","9/1/2025 20:00"
"Tasty Tuesdays - Free Ice Cream","Spirit Mountain Casino","27100 SW Salmon River Hwy, Grand Ronde, OR 97347","One free ice cream cup per person per week","9/2/2025 10:00","9/2/2025 20:00"
"Tasty Tuesdays - Free Ice Cream","Spirit Mountain Casino","27100 SW Salmon River Hwy, Grand Ronde, OR 97347","One free ice cream cup per person per week","9/9/2025 10:00","9/9/2025 20:00"
"Tasty Tuesdays - Free Ice Cream","Spirit Mountain Casino","27100 SW Salmon River Hwy, Grand Ronde, OR 97347","One free ice cream cup per person per week","9/16/2025 10:00","9/16/2025 20:00"
"Tasty Tuesdays - Free Ice Cream","Spirit Mountain Casino","27100 SW Salmon River Hwy, Grand Ronde, OR 97347","One free ice cream cup per person per week","9/23/2025 10:00","9/23/2025 20:00"
"Tasty Tuesdays - Free Ice Cream","Spirit Mountain Casino","27100 SW Salmon River Hwy, Grand Ronde, OR 97347","One free ice cream cup per person per week","9/30/2025 10:00","9/30/2025 20:00"
"Ruby Exclusive Kiosk Game","Spirit Mountain Casino","27100 SW Salmon River Hwy, Grand Ronde, OR 97347","Exclusive kiosk game for Ruby members to win food or free play","9/13/2025 00:00","9/13/2025 23:59"
"Oregon State Rivalry Game","Spirit Mountain Casino","27100 SW Salmon River Hwy, Grand Ronde, OR 97347","All-you-can-eat buffet of tailgate favorites; 3 drawing tickets to win Duck or Beaver prizes; tickets $45","9/20/2025 00:00","9/20/2025 23:59"
"Your Choice Promotion","Spirit Mountain Casino","27100 SW Salmon River Hwy, Grand Ronde, OR 97347","Choose $25 free play or 2x slot points once per week","9/1/2025 00:00","9/7/2025 23:59"
"Your Choice Promotion","Spirit Mountain Casino","27100 SW Salmon River Hwy, Grand Ronde, OR 97347","Choose $25 free play or 2x slot points once per week","9/8/2025 00:00","9/14/2025 23:59"
"Your Choice Promotion","Spirit Mountain Casino","27100 SW Salmon River Hwy, Grand Ronde, OR 97347","Choose $25 free play or 2x slot points once per week","9/15/2025 00:00","9/21/2025 23:59"
"Your Choice Promotion","Spirit Mountain Casino","27100 SW Salmon River Hwy, Grand Ronde, OR 97347","Choose $25 free play or 2x slot points once per week","9/22/2025 00:00","9/28/2025 23:59"
"Your Choice Promotion","Spirit Mountain Casino","27100 SW Salmon River Hwy, Grand Ronde, OR 97347","Choose $25 free play or 2x slot points once per week","9/29/2025 00:00","9/30/2025 23:59"
"$15 Off Food Voucher","Spirit Mountain Casino","27100 SW Salmon River Hwy, Grand Ronde, OR 97347","$15 off food once per week","9/1/2025 00:00","9/4/2025 23:59"
"$15 Off Food Voucher","Spirit Mountain Casino","27100 SW Salmon River Hwy, Grand Ronde, OR 97347","$15 off food once per week","9/8/2025 00:00","9/11/2025 23:59"
"$15 Off Food Voucher","Spirit Mountain Casino","27100 SW Salmon River Hwy, Grand Ronde, OR 97347","$15 off food once per week","9/15/2025 00:00","9/18/2025 23:59"
"$15 Off Food Voucher","Spirit Mountain Casino","27100 SW Salmon River Hwy, Grand Ronde, OR 97347","$15 off food once per week","9/22/2025 00:00","9/25/2025 23:59"
"$15 Off Food Voucher","Spirit Mountain Casino","27100 SW Salmon River Hwy, Grand Ronde, OR 97347","$15 off food once per week","9/29/2025 00:00","9/30/2025 23:59"
"Free Topgolf Swing Suite","Spirit Mountain Casino","27100 SW Salmon River Hwy, Grand Ronde, OR 97347","1 hour of free Topgolf Swing Suite playtime for you and up to 3 guests, valid once per week","9/1/2025 00:00","9/7/2025 23:59"
"Free Topgolf Swing Suite","Spirit Mountain Casino","27100 SW Salmon River Hwy, Grand Ronde, OR 97347","1 hour of free Topgolf Swing Suite playtime for you and up to 3 guests, valid once per week","9/8/2025 00:00","9/14/2025 23:59"
"Free Topgolf Swing Suite","Spirit Mountain Casino","27100 SW Salmon River Hwy, Grand Ronde, OR 97347","1 hour of free Topgolf Swing Suite playtime for you and up to 3 guests, valid once per week","9/15/2025 00:00","9/21/2025 23:59"
"Free Topgolf Swing Suite","Spirit Mountain Casino","27100 SW Salmon River Hwy, Grand Ronde, OR 97347","1 hour of free Topgolf Swing Suite playtime for you and up to 3 guests, valid once per week","9/22/2025 00:00","9/28/2025 23:59"
"Free Topgolf Swing Suite","Spirit Mountain Casino","27100 SW Salmon River Hwy, Grand Ronde, OR 97347","1 hour of free Topgolf Swing Suite playtime for you and up to 3 guests, valid once per week","9/29/2025 00:00","9/30/2025 23:59"
"Poppin’ Poro Payouts","Muckleshoot Casino","3402 Auburn Way South, Auburn, WA 98002","Win up to $4,500 in cash! 6 winners every hour","9/3/2025 17:00","9/3/2025 21:00"
"Poppin’ Poro Payouts","Muckleshoot Casino","3402 Auburn Way South, Auburn, WA 98002","Win up to $4,500 in cash! 6 winners every hour","9/10/2025 17:00","9/10/2025 21:00"
"Poppin’ Poro Payouts","Muckleshoot Casino","3402 Auburn Way South, Auburn, WA 98002","Win up to $4,500 in cash! 6 winners every hour","9/17/2025 17:00","9/17/2025 21:00"
"Poppin’ Poro Payouts","Muckleshoot Casino","3402 Auburn Way South, Auburn, WA 98002","Win up to $4,500 in cash! 6 winners every hour","9/24/2025 17:00","9/24/2025 21:00"
"Midway Money","Muckleshoot Casino","3402 Auburn Way South, Auburn, WA 98002","Win up to $15,000 in cash! 5 winners every hour","9/6/2025 15:00","9/6/2025 21:00"
"Ferris Wheel Free Play","Muckleshoot Casino","3402 Auburn Way South, Auburn, WA 98002","Win your share of $50,000 in free play! 10 winners every half hour","9/12/2025 17:00","9/12/2025 21:30"
"Ferris Wheel Free Play","Muckleshoot Casino","3402 Auburn Way South, Auburn, WA 98002","Win your share of $50,000 in free play! 10 winners every half hour","9/26/2025 17:00","9/26/2025 21:30"
"Ferris Reels and Four Wheels","Muckleshoot Casino","3402 Auburn Way South, Auburn, WA 98002","Win a brand-new Jeep Wrangler Rubicon! 10 winners every hour","9/20/2025 17:00","9/20/2025 20:00"
"Your Gift: Your Choice","Muckleshoot Casino","3402 Auburn Way South, Auburn, WA 98002","Earn 1 gift every 750 base points (limit 4 gifts)","9/23/2025 11:00","9/23/2025 19:00"
"Military 2X Points","Muckleshoot Casino","3402 Auburn Way South, Auburn, WA 98002","2X points for military personnel with ID","9/5/2025 07:00","9/5/2025 23:00"
"Level Up Multiplier","Muckleshoot Casino","3402 Auburn Way South, Auburn, WA 98002","Earn up to 5X points","9/15/2025 10:00","9/15/2025 20:00"
"Level Up Multiplier","Muckleshoot Casino","3402 Auburn Way South, Auburn, WA 98002","Earn up to 5X points","9/22/2025 10:00","9/22/2025 20:00"
"Monthly Gift Giveaway","Muckleshoot Casino","3402 Auburn Way South, Auburn, WA 98002","Gift: 2-pack decorative pillows","9/4/2025 12:00","9/4/2025 21:00"
"Monthly Gift Giveaway","Muckleshoot Casino","3402 Auburn Way South, Auburn, WA 98002","Gift: Queen comforter","9/5/2025 10:00","9/5/2025 14:00"
"Monthly Gift Giveaway","Muckleshoot Casino","3402 Auburn Way South, Auburn, WA 98002","Gift: 4-piece queen sheet set","9/11/2025 12:00","9/11/2025 21:00"
"Monthly Gift Giveaway","Muckleshoot Casino","3402 Auburn Way South, Auburn, WA 98002","Gift: Flannel fleece throw blanket","9/12/2025 10:00","9/12/2025 14:00"
"Monthly Gift Giveaway","Muckleshoot Casino","3402 Auburn Way South, Auburn, WA 98002","Gift: 2-pack decorative pillows","9/18/2025 12:00","9/18/2025 21:00"
"Monthly Gift Giveaway","Muckleshoot Casino","3402 Auburn Way South, Auburn, WA 98002","Gift: Queen comforter","9/19/2025 10:00","9/19/2025 14:00"
"Monthly Gift Giveaway","Muckleshoot Casino","3402 Auburn Way South, Auburn, WA 98002","Gift: 4-piece queen sheet set","9/25/2025 12:00","9/25/2025 21:00"
"Monthly Gift Giveaway","Muckleshoot Casino","3402 Auburn Way South, Auburn, WA 98002","Gift: Flannel fleece throw blanket","9/26/2025 10:00","9/26/2025 14:00"
"$20 Free Play Offer","Muckleshoot Casino","3402 Auburn Way South, Auburn, WA 98002","$20 free play valid one time","9/2/2025 07:00","9/6/2025 23:59"
"$20 Free Play Offer","Muckleshoot Casino","3402 Auburn Way South, Auburn, WA 98002","$20 free play valid one time","9/9/2025 07:00","9/15/2025 23:59"
"$20 Free Play Offer","Muckleshoot Casino","3402 Auburn Way South, Auburn, WA 98002","$20 free play valid one time","9/19/2025 07:00","9/23/2025 23:59"
"$20 Free Play Offer","Muckleshoot Casino","3402 Auburn Way South, Auburn, WA 98002","$20 free play valid one time","9/24/2025 07:00","9/29/2025 23:59"
"Collect Your Free Play","Muckleshoot Casino","3402 Auburn Way South, Auburn, WA 98002","Guaranteed Free Play for all participants","9/14/2025 10:00","9/14/2025 18:00"
"Collect Your Free Play","Muckleshoot Casino","3402 Auburn Way South, Auburn, WA 98002","Guaranteed Free Play for all participants","9/28/2025 10:00","9/28/2025 18:00"
"Wearable Wednesdays","Lucky Dog Casino","19330 N US HWY 101, Skokomish, WA 98584","Earn 50 base points. Get a free wearable (Big Football, Washington Football, Lake Cushman, Hood Canal T-shirt).","9/3/2025 10:00","9/3/2025 20:00"
"Wearable Wednesdays","Lucky Dog Casino","19330 N US HWY 101, Skokomish, WA 98584","Earn 50 base points. Get a free wearable (Big Football, Washington Football, Lake Cushman, Hood Canal T-shirt).","9/10/2025 10:00","9/10/2025 20:00"
"Wearable Wednesdays","Lucky Dog Casino","19330 N US HWY 101, Skokomish, WA 98584","Earn 50 base points. Get a free wearable (Big Football, Washington Football, Lake Cushman, Hood Canal T-shirt).","9/17/2025 10:00","9/17/2025 20:00"
"Wearable Wednesdays","Lucky Dog Casino","19330 N US HWY 101, Skokomish, WA 98584","Earn 50 base points. Get a free wearable (Big Football, Washington Football, Lake Cushman, Hood Canal T-shirt).","9/24/2025 10:00","9/24/2025 20:00"
"Treasure Hunter","Lucky Dog Casino","19330 N US HWY 101, Skokomish, WA 98584","Free treasure hunt game. Win up to $2,000 in Lucky Bucks. Bonus game with 101 points.","9/4/2025 14:00","9/4/2025 20:00"
"Treasure Hunter","Lucky Dog Casino","19330 N US HWY 101, Skokomish, WA 98584","Free treasure hunt game. Win up to $2,000 in Lucky Bucks. Bonus game with 101 points.","9/11/2025 14:00","9/11/2025 20:00"
"Treasure Hunter","Lucky Dog Casino","19330 N US HWY 101, Skokomish, WA 98584","Free treasure hunt game. Win up to $2,000 in Lucky Bucks. Bonus game with 101 points.","9/18/2025 14:00","9/18/2025 20:00"
"Treasure Hunter","Lucky Dog Casino","19330 N US HWY 101, Skokomish, WA 98584","Free treasure hunt game. Win up to $2,000 in Lucky Bucks. Bonus game with 101 points.","9/25/2025 14:00","9/25/2025 20:00"
"Club Lucky Drawings","Lucky Dog Casino","19330 N US HWY 101, Skokomish, WA 98584","Cash hot seat drawings based on tier. Bonus cash drawing at 9pm.","9/5/2025 18:00","9/5/2025 21:00"
"Club Lucky Drawings","Lucky Dog Casino","19330 N US HWY 101, Skokomish, WA 98584","Cash hot seat drawings based on tier. Bonus cash drawing at 9pm.","9/12/2025 18:00","9/12/2025 21:00"
"Club Lucky Drawings","Lucky Dog Casino","19330 N US HWY 101, Skokomish, WA 98584","Cash hot seat drawings based on tier. Bonus cash drawing at 9pm.","9/19/2025 18:00","9/19/2025 21:00"
"Club Lucky Drawings","Lucky Dog Casino","19330 N US HWY 101, Skokomish, WA 98584","Cash hot seat drawings based on tier. Bonus cash drawing at 9pm.","9/26/2025 18:00","9/26/2025 21:00"
"Thursday Night Watch Party","Lucky Dog Casino","19330 N US HWY 101, Skokomish, WA 98584","Seattle football game kick-off. Drawings for team gear + $50 Drift gift card.","9/25/2025 17:15","9/25/2025 23:59"
"Princess® Win a Cruise Giveaway","Lucky Dog Casino","19330 N US HWY 101, Skokomish, WA 98584","Win Lucky Bucks or a cruise & cash. Winners selected at 7pm, 7:30pm, 8pm, 8:30pm, cruise + $500 cash at 9pm.","9/6/2025 19:00","9/6/2025 21:00"
"Princess® Win a Cruise Giveaway","Lucky Dog Casino","19330 N US HWY 101, Skokomish, WA 98584","Win Lucky Bucks or a cruise & cash. Winners selected at 7pm, 7:30pm, 8pm, 8:30pm, cruise + $500 cash at 9pm.","9/13/2025 19:00","9/13/2025 21:00"
"Princess® Win a Cruise Giveaway","Lucky Dog Casino","19330 N US HWY 101, Skokomish, WA 98584","Win Lucky Bucks or a cruise & cash. Winners selected at 7pm, 7:30pm, 8pm, 8:30pm, cruise + $500 cash at 9pm.","9/20/2025 19:00","9/20/2025 21:00"
"Princess® Win a Cruise Giveaway","Lucky Dog Casino","19330 N US HWY 101, Skokomish, WA 98584","Win Lucky Bucks or a cruise & cash. Winners selected at 7pm, 7:30pm, 8pm, 8:30pm, cruise + $500 cash at 9pm.","9/27/2025 19:00","9/27/2025 21:00"
"Lucky’s Sunday Football Pick ‘Em Game","Lucky Dog Casino","19330 N US HWY 101, Skokomish, WA 98584","Weekly football pick’em game with cash, free play, and Drift gift card prizes. Over $10,000 awarded across season.","9/1/2025 00:00","9/30/2025 23:59"
"Drift $15 Lucky Bucks","Lucky Dog Casino","19330 N US HWY 101, Skokomish, WA 98584","$15 Lucky Bucks valid Mon 9/1 - Thu 9/4.","9/1/2025 00:00","9/4/2025 23:59"
"Drift $15 Lucky Bucks","Lucky Dog Casino","19330 N US HWY 101, Skokomish, WA 98584","$15 Lucky Bucks valid Fri 9/5 - Sun 9/7.","9/5/2025 00:00","9/7/2025 23:59"
"Drift $15 Lucky Bucks","Lucky Dog Casino","19330 N US HWY 101, Skokomish, WA 98584","$15 Lucky Bucks valid Mon 9/8 - Thu 9/11.","9/8/2025 00:00","9/11/2025 23:59"
"Drift $15 Lucky Bucks","Lucky Dog Casino","19330 N US HWY 101, Skokomish, WA 98584","$15 Lucky Bucks valid Fri 9/12 - Sun 9/14.","9/12/2025 00:00","9/14/2025 23:59"
"Drift $15 Lucky Bucks","Lucky Dog Casino","19330 N US HWY 101, Skokomish, WA 98584","$15 Lucky Bucks valid Mon 9/15 - Thu 9/18.","9/15/2025 00:00","9/18/2025 23:59"
"Drift $15 Lucky Bucks","Lucky Dog Casino","19330 N US HWY 101, Skokomish, WA 98584","$15 Lucky Bucks valid Fri 9/19 - Sun 9/21.","9/19/2025 00:00","9/21/2025 23:59"
"Drift $15 Lucky Bucks","Lucky Dog Casino","19330 N US HWY 101, Skokomish, WA 98584","$15 Lucky Bucks valid Mon 9/22 - Thu 9/25.","9/22/2025 00:00","9/25/2025 23:59"
"Drift $15 Lucky Bucks","Lucky Dog Casino","19330 N US HWY 101, Skokomish, WA 98584","$15 Lucky Bucks valid Fri 9/26 - Sun 9/28.","9/26/2025 00:00","9/28/2025 23:59"
"Drift $15 Lucky Bucks","Lucky Dog Casino","19330 N US HWY 101, Skokomish, WA 98584","$15 Lucky Bucks valid Mon 9/29 - Tue 9/30.","9/29/2025 00:00","9/30/2025 23:59"
"Tailgate Gifting","Lucky Dog Casino","19330 N US HWY 101, Skokomish, WA 98584","Free gift: Football shaped serving board.","9/7/2025 12:00","9/7/2025 18:00"
"Tailgate Gifting","Lucky Dog Casino","19330 N US HWY 101, Skokomish, WA 98584","Free gift: 20 oz. mini football themed warmer.","9/14/2025 12:00","9/14/2025 18:00"
"Tailgate Gifting","Lucky Dog Casino","19330 N US HWY 101, Skokomish, WA 98584","Free gift: Four-piece football serving bowls.","9/21/2025 12:00","9/21/2025 18:00"
"Tailgate Gifting","Lucky Dog Casino","19330 N US HWY 101, Skokomish, WA 98584","Free gift: 4 qt football themed slow cooker.","9/28/2025 12:00","9/28/2025 18:00"
"Prime Rib Special","Lucky Dog Casino","19330 N US HWY 101, Skokomish, WA 98584","$5 off prime rib with Club Lucky card.","9/5/2025 00:00","9/6/2025 23:59"
"Prime Rib Special","Lucky Dog Casino","19330 N US HWY 101, Skokomish, WA 98584","$5 off prime rib with Club Lucky card.","9/12/2025 00:00","9/13/2025 23:59"
"Prime Rib Special","Lucky Dog Casino","19330 N US HWY 101, Skokomish, WA 98584","$5 off prime rib with Club Lucky card.","9/19/2025 00:00","9/20/2025 23:59"
"Prime Rib Special","Lucky Dog Casino","19330 N US HWY 101, Skokomish, WA 98584","$5 off prime rib with Club Lucky card.","9/26/2025 00:00","9/27/2025 23:59"
"Club Lucky Multiplier","Lucky Dog Casino","19330 N US HWY 101, Skokomish, WA 98584","2x-4x lucky points multiplier based on Club Lucky level.","9/2/2025 10:00","9/2/2025 18:00"
"Club Lucky Multiplier","Lucky Dog Casino","19330 N US HWY 101, Skokomish, WA 98584","2x-4x lucky points multiplier based on Club Lucky level.","9/9/2025 10:00","9/9/2025 18:00"
"Club Lucky Multiplier","Lucky Dog Casino","19330 N US HWY 101, Skokomish, WA 98584","2x-4x lucky points multiplier based on Club Lucky level.","9/16/2025 10:00","9/16/2025 18:00"
"Club Lucky Multiplier","Lucky Dog Casino","19330 N US HWY 101, Skokomish, WA 98584","2x-4x lucky points multiplier based on Club Lucky level.","9/23/2025 10:00","9/23/2025 18:00"
"Club Lucky Multiplier","Lucky Dog Casino","19330 N US HWY 101, Skokomish, WA 98584","2x-4x lucky points multiplier based on Club Lucky level.","9/30/2025 10:00","9/30/2025 18:00"
"$40 Free Play Wednesdays","Lucky Eagle Casino","12888 188th Avenue SW, Rochester, WA 98579","$40 Free Play if you play every Wednesday in September","9/3/2025 10:00","9/3/2025 23:59"
"$40 Free Play Wednesdays","Lucky Eagle Casino","12888 188th Avenue SW, Rochester, WA 98579","$40 Free Play if you play every Wednesday in September","9/10/2025 10:00","9/10/2025 23:59"
"$40 Free Play Wednesdays","Lucky Eagle Casino","12888 188th Avenue SW, Rochester, WA 98579","$40 Free Play if you play every Wednesday in September","9/17/2025 10:00","9/17/2025 23:59"
"$40 Free Play Wednesdays","Lucky Eagle Casino","12888 188th Avenue SW, Rochester, WA 98579","$40 Free Play if you play every Wednesday in September","9/24/2025 10:00","9/24/2025 23:59"
"Gift Card Earning Promotion","ilani","1 Cowlitz Way, Ridgefield, WA 98642","Earn $20 Amazon or Visa gift card for every 25 status points (up to 5 additional gift cards)","9/26/2025 06:00","9/26/2025 20:00"
"Merge Dice Mobile App Game","Wildhorse Casino","46510 Wildhorse Blvd. Pendleton, OR 97801","Play daily on the Wildhorse app to win instant prizes plus earn bonus entries into $50,000 Roll for the Royal. Limit one win per player per day.","9/1/2025 04:00","10/31/2025 23:59"
"$40 Freeplay Offer","Wildhorse Casino","46510 Wildhorse Blvd. Pendleton, OR 97801","Automatically loads to Club Wild account. Valid once per offer period.","9/1/2025 04:00","10/31/2025 23:59"
"Two Standard Room Nights Hotel Offer","Wildhorse Casino","46510 Wildhorse Blvd. Pendleton, OR 97801","Two standard room nights per offer period. Use offer code 91825. Valid Sun–Thur.","9/1/2025 00:00","10/30/2025 23:59"
"Backyard BBQ Earn & Get","Wildhorse Casino","46510 Wildhorse Blvd. Pendleton, OR 97801","Earn 650 slot points between 12–8pm to receive a stainless steel three-piece BBQ set.","9/1/2025 12:00","9/1/2025 20:00"
"Cozy Up With Rewards - Black Flannel Fringe Throw","Wildhorse Casino","46510 Wildhorse Blvd. Pendleton, OR 97801","Earn 650 slot points for a Black Flannel Fringe Throw.","9/3/2025 12:00","9/3/2025 21:00"
"Cozy Up With Rewards - Queen Ultra-Soft Sheet Set","Wildhorse Casino","46510 Wildhorse Blvd. Pendleton, OR 97801","Earn 900 slot points for a Queen Ultra-Soft Sheet Set.","9/10/2025 12:00","9/10/2025 21:00"
"Cozy Up With Rewards - Queen Three-Piece Quilted Coverlet & Shams","Wildhorse Casino","46510 Wildhorse Blvd. Pendleton, OR 97801","Earn 1,500 slot points for a Queen Three-Piece Quilted Coverlet & Shams.","9/17/2025 12:00","9/17/2025 21:00"
"Cozy Up With Rewards - Six-Piece Soft Bath Towel Set","Wildhorse Casino","46510 Wildhorse Blvd. Pendleton, OR 97801","Earn 1,100 slot points for a Six-Piece Soft Bath Towel Set.","9/24/2025 12:00","9/24/2025 21:00"
"Your Lucky Numbers Bingo","Wildhorse Casino","46510 Wildhorse Blvd. Pendleton, OR 97801","Win up to $1,100 per game. Doors open 11am, Warm Ups 2pm, Main Session 2:30pm.","9/7/2025 11:00","9/7/2025 23:59"
"$50,000 Roll for the Royal Drawings","Wildhorse Casino","46510 Wildhorse Blvd. Pendleton, OR 97801","Roll dice to reveal a poker hand. Drawings every Friday & Saturday. 75 points per entry. 10x entry multiplier on Thursdays.","9/5/2025 18:00","9/27/2025 22:00"
"$50,000 Roll for the Royal Grand Prize Drawing","Wildhorse Casino","46510 Wildhorse Blvd. Pendleton, OR 97801","Grand prize drawing for up to $50,000 cash.","9/27/2025 22:30","9/27/2025 23:59"
"Gift Giveaway - Wireless Phone Charger Alarm Clock Radio / USB Humidifier / LED Dome Lamp & Speaker","Little Creek Casino","91 West State Route 108, Shelton, WA 98504","Visit weekly to collect the entire set - no point earning needed. Limit one gift per week, while supplies last.","9/4/2025 13:00","9/4/2025 21:00"
"Gift Giveaway - Wireless Phone Charger Alarm Clock Radio / USB Humidifier / LED Dome Lamp & Speaker","Little Creek Casino","91 West State Route 108, Shelton, WA 98504","Visit weekly to collect the entire set - no point earning needed. Limit one gift per week, while supplies last.","9/7/2025 13:00","9/7/2025 21:00"
"Gift Giveaway - Wireless Phone Charger Alarm Clock Radio / USB Humidifier / LED Dome Lamp & Speaker","Little Creek Casino","91 West State Route 108, Shelton, WA 98504","Visit weekly to collect the entire set - no point earning needed. Limit one gift per week, while supplies last.","9/11/2025 13:00","9/11/2025 21:00"
"Gift Giveaway - Wireless Phone Charger Alarm Clock Radio / USB Humidifier / LED Dome Lamp & Speaker","Little Creek Casino","91 West State Route 108, Shelton, WA 98504","Visit weekly to collect the entire set - no point earning needed. Limit one gift per week, while supplies last.","9/14/2025 13:00","9/14/2025 21:00"
"Gift Giveaway - Wireless Phone Charger Alarm Clock Radio / USB Humidifier / LED Dome Lamp & Speaker","Little Creek Casino","91 West State Route 108, Shelton, WA 98504","Visit weekly to collect the entire set - no point earning needed. Limit one gift per week, while supplies last.","9/18/2025 13:00","9/18/2025 21:00"
"Gift Giveaway - Wireless Phone Charger Alarm Clock Radio / USB Humidifier / LED Dome Lamp & Speaker","Little Creek Casino","91 West State Route 108, Shelton, WA 98504","Visit weekly to collect the entire set - no point earning needed. Limit one gift per week, while supplies last.","9/21/2025 13:00","9/21/2025 21:00"
"Gift Giveaway - Wireless Phone Charger Alarm Clock Radio / USB Humidifier / LED Dome Lamp & Speaker","Little Creek Casino","91 West State Route 108, Shelton, WA 98504","Visit weekly to collect the entire set - no point earning needed. Limit one gift per week, while supplies last.","9/25/2025 13:00","9/25/2025 21:00"
"Gift Giveaway - Wireless Phone Charger Alarm Clock Radio / USB Humidifier / LED Dome Lamp & Speaker","Little Creek Casino","91 West State Route 108, Shelton, WA 98504","Visit weekly to collect the entire set - no point earning needed. Limit one gift per week, while supplies last.","9/28/2025 13:00","9/28/2025 21:00"
"An Epic Evening Gift Giveaway - Week 1","Lucky Eagle Casino","12888 188th Avenue SW, Rochester, WA 98579","Free gift with voucher; Versace sunglasses, Coach purse, chance at $18,000 cash grand prize","9/7/2025 10:00","9/7/2025 20:00"
"An Epic Evening Gift Giveaway - Week 1","Lucky Eagle Casino","12888 188th Avenue SW, Rochester, WA 98579","Free gift with voucher; Versace sunglasses, Coach purse, chance at $18,000 cash grand prize","9/9/2025 10:00","9/9/2025 20:00"
"An Epic Evening Gift Giveaway - Week 2","Lucky Eagle Casino","12888 188th Avenue SW, Rochester, WA 98579","Free gift with voucher; Versace sunglasses, Coach purse, chance at $18,000 cash grand prize","9/14/2025 10:00","9/14/2025 20:00"
"An Epic Evening Gift Giveaway - Week 2","Lucky Eagle Casino","12888 188th Avenue SW, Rochester, WA 98579","Free gift with voucher; Versace sunglasses, Coach purse, chance at $18,000 cash grand prize","9/16/2025 10:00","9/16/2025 20:00"
"An Epic Evening Gift Giveaway - Week 3","Lucky Eagle Casino","12888 188th Avenue SW, Rochester, WA 98579","Free gift with voucher; Versace sunglasses, Coach purse, chance at $18,000 cash grand prize","9/21/2025 10:00","9/21/2025 20:00"
"An Epic Evening Gift Giveaway - Week 3","Lucky Eagle Casino","12888 188th Avenue SW, Rochester, WA 98579","Free gift with voucher; Versace sunglasses, Coach purse, chance at $18,000 cash grand prize","9/23/2025 10:00","9/23/2025 20:00"
"An Epic Evening Gift Giveaway - Week 4","Lucky Eagle Casino","12888 188th Avenue SW, Rochester, WA 98579","Free gift with voucher; Versace sunglasses, Coach purse, chance at $18,000 cash grand prize","9/28/2025 10:00","9/28/2025 20:00"
"An Epic Evening Gift Giveaway - Week 4","Lucky Eagle Casino","12888 188th Avenue SW, Rochester, WA 98579","Free gift with voucher; Versace sunglasses, Coach purse, chance at $18,000 cash grand prize","9/30/2025 10:00","9/30/2025 20:00"
"Lucky Star Rewards Drawings","Lucky Eagle Casino","12888 188th Avenue SW, Rochester, WA 98579","Drawings every 30 minutes; prizes up to $500 Free Play and grand prize $18,000 cash","9/27/2025 17:00","9/27/2025 21:00"
"Lucky Star Rewards Drawings","Lucky Eagle Casino","12888 188th Avenue SW, Rochester, WA 98579","Drawings every 30 minutes; prizes up to $500 Free Play and grand prize $18,000 cash","10/25/2025 17:00","10/25/2025 21:00"
"Oktoberfest Hot Seats","Lucky Eagle Casino","12888 188th Avenue SW, Rochester, WA 98579","Hot seat winners every 30 minutes","9/20/2025 16:00","9/20/2025 21:00"
"VIP Exclusive Invite - Dude Kick Back in Style Fitting","Lucky Eagle Casino","12888 188th Avenue SW, Rochester, WA 98579","Exclusive fitting event (invite only)","9/13/2025 00:00","9/13/2025 23:59"
"VIP Exclusive Invite - Dude Kick Back in Style Pick-up","Lucky Eagle Casino","12888 188th Avenue SW, Rochester, WA 98579","Exclusive item pick-up (invite only)","10/1/2025 00:00","10/1/2025 23:59"
"$20 Free Play","Lucky Eagle Casino","12888 188th Avenue SW, Rochester, WA 98579","$20 Free Play","8/30/2025 10:00","9/5/2025 23:59"
"$20 Free Play","Lucky Eagle Casino","12888 188th Avenue SW, Rochester, WA 98579","$20 Free Play","9/6/2025 10:00","9/12/2025 23:59"
"$20 Free Play","Lucky Eagle Casino","12888 188th Avenue SW, Rochester, WA 98579","$20 Free Play","9/13/2025 10:00","9/19/2025 23:59"
"$20 Free Play","Lucky Eagle Casino","12888 188th Avenue SW, Rochester, WA 98579","$20 Free Play","9/20/2025 10:00","9/26/2025 23:59"
"$20 Free Play","Lucky Eagle Casino","12888 188th Avenue SW, Rochester, WA 98579","$20 Free Play","9/27/2025 10:00","10/3/2025 23:59"
"Stay ’N Play - 2 Free Standard Rooms","Lucky Eagle Casino","12888 188th Avenue SW, Rochester, WA 98579","2 free standard rooms (valid Sun-Thurs)","8/31/2025 00:00","10/2/2025 23:59"
"Stay ’N Play - 2 Free RV Stays","Lucky Eagle Casino","12888 188th Avenue SW, Rochester, WA 98579","2 free RV stays (valid any day)","8/30/2025 00:00","10/3/2025 23:59"
"Reels Mile of Fortune Grand Prize Drawings","Red Wind Casino","12819 Yelm Hwy. SE, Olympia, WA 98513","Win $25,000 Grand Prize Cash","9/6/2025 21:00","9/6/2025 21:00"
"Reels Mile of Fortune Grand Prize Drawings","Red Wind Casino","12819 Yelm Hwy. SE, Olympia, WA 98513","Win $25,000 Grand Prize Cash","9/13/2025 21:00","9/13/2025 21:00"
"Reels Mile of Fortune Grand Prize Drawings","Red Wind Casino","12819 Yelm Hwy. SE, Olympia, WA 98513","Win $25,000 Grand Prize Cash","9/20/2025 21:00","9/20/2025 21:00"
"Reels Mile of Fortune Grand Prize Drawings","Red Wind Casino","12819 Yelm Hwy. SE, Olympia, WA 98513","Win $25,000 Grand Prize Cash","9/27/2025 21:00","9/27/2025 21:00"
"Closet Clean Out Gift Giveaway","Red Wind Casino","12819 Yelm Hwy. SE, Olympia, WA 98513","Earn 25,000 points to receive a Foot Spa","9/19/2025 12:00","9/19/2025 20:00"
"Closet Clean Out Gift Giveaway","Red Wind Casino","12819 Yelm Hwy. SE, Olympia, WA 98513","Earn 5,000 points to receive a Free Gift","9/24/2025 12:00","9/24/2025 20:00"
"Weekly Loyalty Offer","Red Wind Casino","12819 Yelm Hwy. SE, Olympia, WA 98513","$20 Free Play","9/4/2025 00:00","9/9/2025 23:59"
"Weekly Loyalty Offer","Red Wind Casino","12819 Yelm Hwy. SE, Olympia, WA 98513","$20 Free Play","9/10/2025 00:00","9/16/2025 23:59"
"Weekly Loyalty Offer","Red Wind Casino","12819 Yelm Hwy. SE, Olympia, WA 98513","$20 Free Play","9/17/2025 00:00","9/23/2025 23:59"
"Weekly Loyalty Offer","Red Wind Casino","12819 Yelm Hwy. SE, Olympia, WA 98513","$20 Free Play","9/24/2025 00:00","9/30/2025 23:59"
"Fortune Drawings","Red Wind Casino","12819 Yelm Hwy. SE, Olympia, WA 98513","Win up to $5,000 every 30 minutes","9/2/2025 18:00","9/2/2025 21:00"
"Fortune Drawings","Red Wind Casino","12819 Yelm Hwy. SE, Olympia, WA 98513","Win up to $5,000 every 30 minutes","9/4/2025 18:00","9/4/2025 21:00"
"Fortune Drawings","Red Wind Casino","12819 Yelm Hwy. SE, Olympia, WA 98513","Win up to $5,000 every 30 minutes","9/9/2025 18:00","9/9/2025 21:00"
"Fortune Drawings","Red Wind Casino","12819 Yelm Hwy. SE, Olympia, WA 98513","Win up to $5,000 every 30 minutes","9/11/2025 18:00","9/11/2025 21:00"
"Fortune Drawings","Red Wind Casino","12819 Yelm Hwy. SE, Olympia, WA 98513","Win up to $5,000 every 30 minutes","9/16/2025 18:00","9/16/2025 21:00"
"Fortune Drawings","Red Wind Casino","12819 Yelm Hwy. SE, Olympia, WA 98513","Win up to $5,000 every 30 minutes","9/18/2025 18:00","9/18/2025 21:00"
"Fortune Drawings","Red Wind Casino","12819 Yelm Hwy. SE, Olympia, WA 98513","Win up to $5,000 every 30 minutes","9/23/2025 18:00","9/23/2025 21:00"
"Fortune Drawings","Red Wind Casino","12819 Yelm Hwy. SE, Olympia, WA 98513","Win up to $5,000 every 30 minutes","9/25/2025 18:00","9/25/2025 21:00"
"Fortune Drawings","Red Wind Casino","12819 Yelm Hwy. SE, Olympia, WA 98513","Win up to $5,000 every 30 minutes","9/30/2025 18:00","9/30/2025 21:00"
"Jackpot Win Again Drawings","Red Wind Casino","12819 Yelm Hwy. SE, Olympia, WA 98513","Win $5,000 at 6pm, 7pm, 8pm; Win $10,000 at 9pm","9/26/2025 18:00","9/26/2025 21:00"
"Ringer Entertainment Stay and Play - Complimentary Night Stay","ilani","1 Cowlitz Way, Ridgefield, WA 98642","Complimentary night stay with reservation required","9/7/2025 00:00","9/11/2025 23:59"
"Ringer Entertainment Stay and Play - Complimentary Night Stay","ilani","1 Cowlitz Way, Ridgefield, WA 98642","Complimentary night stay with reservation required","9/14/2025 00:00","9/18/2025 23:59"
"Ringer Entertainment Stay and Play - Complimentary Night Stay","ilani","1 Cowlitz Way, Ridgefield, WA 98642","Complimentary night stay with reservation required","9/22/2025 00:00","9/25/2025 23:59"
"$9000 Friendly Hot Seats","Wildhorse Casino","46510 Wildhorse Blvd. Pendleton, OR 97801","Win $200 freeplay and $50 freeplay for a friend. Drawings every 15 minutes 1–3pm. Limit one $200 freeplay win per player per day.","9/7/2025 13:00","9/7/2025 15:00"
"$9000 Friendly Hot Seats","Wildhorse Casino","46510 Wildhorse Blvd. Pendleton, OR 97801","Win $200 freeplay and $50 freeplay for a friend. Drawings every 15 minutes 1–3pm. Limit one $200 freeplay win per player per day.","9/14/2025 13:00","9/14/2025 15:00"
"$9000 Friendly Hot Seats","Wildhorse Casino","46510 Wildhorse Blvd. Pendleton, OR 97801","Win $200 freeplay and $50 freeplay for a friend. Drawings every 15 minutes 1–3pm. Limit one $200 freeplay win per player per day.","9/21/2025 13:00","9/21/2025 15:00"
"$9000 Friendly Hot Seats","Wildhorse Casino","46510 Wildhorse Blvd. Pendleton, OR 97801","Win $200 freeplay and $50 freeplay for a friend. Drawings every 15 minutes 1–3pm. Limit one $200 freeplay win per player per day.","9/28/2025 13:00","9/28/2025 15:00"
