EventName,Casino,Location,Offer,StartDate,EndDate,OfferType
Tower Hotel Offer,Wildhorse Casino,"46510 Wildhorse Blvd. Pendleton, OR 97801","Two standard room nights, Sun-Thur",2025-07-01 00:00:00,2025-08-28 23:59:00,Hospitality-Rewards
SagSpa Summer Offer,Legends Casino,"580 Fort Road, Toppenish, WA","Enjoy three free services: Sage Day Pass with Wellness Pool, Aqua Glow Facial, Deluxe Mani & Pedi. Choose one multiple times or all three. Mention code 'SUMMER'",2025-07-01 00:00:00,2025-09-30 23:59:00,Offer
Freeplay Offer,Wildhorse Casino,"46510 Wildhorse Blvd. Pendleton, OR 97801",$40 total freeplay per offer period,2025-07-01 04:00:00,2025-08-31 23:59:00,Free-Play
Dining & Shopping Rewards,ilani,"1 Cowlitz Way, Ridgefield, WA 98642",$15 Dining & Shopping Rewards,2025-08-01 00:00:00,2025-08-16 23:59:00,Hospitality-Rewards
Acadia Adventure Sweepstakes,ilani,"1 Cowlitz Way, Ridgefield, WA 98642",Play throughout August for a chance to win a 2025 GMC Acadia Denali. Free entry each day with ilani rewards account plus additional entries for every status point earned.,2025-08-01 00:00:00,2025-08-31 23:59:00,Giveaway
Acadia Adventure Sweepstakes,ilani,"1 Cowlitz Way, Ridgefield, WA 98642",Entry Multiplier Sundays & Mondays,2025-08-01 00:00:00,2025-09-01 23:59:00,Giveaway
Acadia Adventure Sweepstakes,ilani,"1 Cowlitz Way, Ridgefield, WA 98642",Entry Earned Daily + Multipliers on Sundays & Mondays,2025-08-01 00:00:00,2025-09-01 23:59:00,Giveaway
7 Status Point Challenge,ilani,"1 Cowlitz Way, Ridgefield, WA 98642",$10 Promo Play for 10 Status Points,2025-08-01 06:00:00,2025-09-01 05:59:00,Free-Play
7 Status Point Challenge,ilani,"1 Cowlitz Way, Ridgefield, WA 98642","Earn 10 Points, Get $10 Promo Play (Redeem Sept 7–12)",2025-08-01 06:00:00,2025-09-01 05:59:00,Giveaway
$10 Free Play,Muckleshoot Casino,"3402 Auburn Way South, Auburn, WA 98002",$10 free play,2025-08-09 07:00:00,2025-08-14 23:59:00,Free-Play
Star Mail Offer Free Play,Lucky Eagle Casino,"12888 188th Avenue SW, Rochester, WA 98579",$15 Free Play,2025-08-09 10:00:00,2025-08-15 23:59:00,Free-Play
$25 Lucky Bucks,Lucky Dog Casino,"19330 N US HWY 101, Skokomish, WA 98584",$25 Lucky Bucks one-time offer,2025-08-11 00:00:00,2025-08-14 23:59:00,Free-Play
$15 Off Food,Spirit Mountain Casino,"27100 SW Salmon River Hwy, Grand Ronde, OR 97347",$15 off food once per week,2025-08-11 00:00:00,2025-08-14 23:59:00,Hospitality-Rewards
2x Your Choice,Spirit Mountain Casino,"27100 SW Salmon River Hwy, Grand Ronde, OR 97347",Choose either $25 free play or 2x slot points once per week,2025-08-11 00:00:00,2025-08-17 23:59:00,Free-Play
$50 Xtra Rewards,Legends Casino,"580 Fort Road, Toppenish, WA",$50 Xtra Rewards free play added to your account each week,2025-08-11 10:00:00,2025-08-17 23:59:00,Free-Play
2x Status Points,ilani,"1 Cowlitz Way, Ridgefield, WA 98642",2x Status Points,2025-08-12 06:00:00,2025-08-14 05:59:00,Point-Based
Weekly Loyalty Offer,Red Wind Casino,"12819 Yelm Hwy. SE, Olympia, WA 98513",$20 Free Play,2025-08-13 00:00:00,2025-08-19 23:59:00,Free-Play
Summer Stack-Up,Angel of the Winds Casino,"3438 Stoluckquamish Lane, Arlington, Washington 98223","Win up to $5,000 Free Play weekly; Earn 750 base points playing slots to receive a wheel spin; Up to 3 spins per week",2025-08-13 08:00:00,2025-08-13 20:00:00,Free-Play
$5 Weekly Free Play,Angel of the Winds Casino,"3438 Stoluckquamish Lane, Arlington, Washington 98223","Win your share of $760,500 in promo chips; Earn 25 base points at any table game",2025-08-13 09:00:00,2025-08-13 21:00:00,Free-Play
Wearable Wednesdays,Lucky Dog Casino,"19330 N US HWY 101, Skokomish, WA 98584",Earn 50 base points and get a free wearable,2025-08-13 10:00:00,2025-08-13 20:00:00,Giveaway
Pepsi Giveaway,Spirit Mountain Casino,"27100 SW Salmon River Hwy, Grand Ronde, OR 97347","Earn 500 points between 00:00-19:59, redeem 10:00-20:00 for a 12-pack of Pepsi products (limit 4 packs)",2025-08-13 10:00:00,2025-08-13 20:00:00,Giveaway
Star Mail Bonus Free Play,Lucky Eagle Casino,"12888 188th Avenue SW, Rochester, WA 98579",$10 Free Play,2025-08-13 10:00:00,2025-08-13 23:59:00,Free-Play
Lightweight Travel Set Giveaway,ilani,"1 Cowlitz Way, Ridgefield, WA 98642",Urban Trek Duffle,2025-08-13 12:00:00,2025-08-13 20:00:00,Giveaway
Prize on the Rise Progressive Drawing,Emerald Queen Casino,"1820 East 29th Street, Tacoma, WA 98404","Drawings start at $1,000 free play. 1 free entry every week. 5x entries on Fridays. 400 points = 1 additional entry. The stakes grow every hour. Second-place winners score $500 free play guaranteed.",2025-08-13 15:00:00,2025-08-13 20:00:00,Giveaway
Jail House Rock & Riches,Muckleshoot Casino,"3402 Auburn Way South, Auburn, WA 98002","Win share of over $130,000",2025-08-13 17:00:00,2025-08-13 21:00:00,Offer
"$7,000,000 Celebration Drawings",Snoqualmie Casino,"37500 SE North Bend Way, Snoqualmie, WA 98065","10 guests win up to $50,000 freeplay",2025-08-13 17:00:00,2025-08-13 22:00:00,Free-Play
Nightly Grand Prize Cash Vault,Snoqualmie Casino,"37500 SE North Bend Way, Snoqualmie, WA 98065","Win up to $200,000",2025-08-13 22:00:00,2025-08-13 23:59:00,Giveaway
Pit Stop Point Multiplier,Emerald Queen Casino,"1820 East 29th Street, Tacoma, WA 98404",Earn up to 25x rewards points!,2025-08-14 00:00:00,2025-08-14 23:59:00,Point-Based
Multiplier Thursdays,Spirit Mountain Casino,"27100 SW Salmon River Hwy, Grand Ronde, OR 97347","Slot point multipliers up to 5x; 2x on first Thursday, increasing each week if consecutive",2025-08-14 00:00:00,2025-08-14 23:59:00,Point-Based
Monthly Slot Play,ilani,"1 Cowlitz Way, Ridgefield, WA 98642",$35 Slot Play,2025-08-14 06:00:00,2025-08-17 05:59:00,Free-Play
U-Spin Instant Win,Snoqualmie Casino,"37500 SE North Bend Way, Snoqualmie, WA 98065",Watch your U-Spin progress bar countdown for instant wins at slot machines,2025-08-14 10:00:00,2025-08-14 23:59:00,Offer
"Monthly Gift - 11"" Hybrid Frying Pan",Muckleshoot Casino,"3402 Auburn Way South, Auburn, WA 98002",Pick up gift,2025-08-14 12:00:00,2025-08-14 21:00:00,Giveaway
18K Golden Chef Collection - Week 3 Gift,Little Creek Casino,"91 West State Route 108, Shelton, WA 98504",Parini Gift,2025-08-14 13:00:00,2025-08-14 21:00:00,Giveaway
Road Trip Fill Up,Lucky Dog Casino,"19330 N US HWY 101, Skokomish, WA 98584",$25 Starbucks Gift Card,2025-08-14 14:00:00,2025-08-14 20:00:00,Giveaway
"$7,000,000 Celebration Drawings",Snoqualmie Casino,"37500 SE North Bend Way, Snoqualmie, WA 98065","10 guests win up to $50,000 freeplay",2025-08-14 17:00:00,2025-08-14 22:00:00,Free-Play
Jupiter’s Jackpot,Legends Casino,"580 Fort Road, Toppenish, WA","Two cash prize winners 6pm-8pm and one $6,000 winner at 9pm",2025-08-14 18:00:00,2025-08-14 21:00:00,Giveaway
Ortum Dragon Wheel,Red Wind Casino,"12819 Yelm Hwy. SE, Olympia, WA 98513","Win up to $5,000; free entry with Club Red swipe; bonus entries for points",2025-08-14 18:00:00,2025-08-14 21:00:00,Point-Based
"$168,000 Beat the Heat",ilani,"1 Cowlitz Way, Ridgefield, WA 98642","$1,000 Promo Play Hot Seats + $5,000 Cash Grand Prize",2025-08-14 19:00:00,2025-08-14 22:00:00,Giveaway
Nightly Grand Prize Cash Vault,Snoqualmie Casino,"37500 SE North Bend Way, Snoqualmie, WA 98065","Win up to $200,000",2025-08-14 22:00:00,2025-08-14 23:59:00,Giveaway
Endless Summer T-Shirt Giveaway,ilani,"1 Cowlitz Way, Ridgefield, WA 98642",Earn 8 Status Points to Receive a T-Shirt,2025-08-15 06:00:00,2025-08-15 20:00:00,Giveaway
"Monthly Gift - 11"" Hybrid Frying Pan",Muckleshoot Casino,"3402 Auburn Way South, Auburn, WA 98002",Pick up gift,2025-08-15 10:00:00,2025-08-15 14:00:00,Giveaway
Park Trip Pull Tabs,Lucky Dog Casino,"19330 N US HWY 101, Skokomish, WA 98584","Each pull tab worth $2,500",2025-08-15 11:00:00,2025-08-15 21:00:00,Hospitality-Rewards
Bar Bar Dar,Angel of the Winds Casino,"3438 Stoluckquamish Lane, Arlington, Washington 98223",,2025-08-15 16:00:00,2025-08-15 22:00:00,Offer
Blue Suede Spins,Muckleshoot Casino,"3402 Auburn Way South, Auburn, WA 98002","Win up to $2,500 in free play",2025-08-15 17:00:00,2025-08-15 21:30:00,Free-Play
"$7,000,000 Celebration Drawings",Snoqualmie Casino,"37500 SE North Bend Way, Snoqualmie, WA 98065","10 guests win up to $50,000 freeplay",2025-08-15 17:00:00,2025-08-15 22:00:00,Free-Play
Nightly Grand Prize Cash Vault,Snoqualmie Casino,"37500 SE North Bend Way, Snoqualmie, WA 98065","Win up to $200,000",2025-08-15 22:00:00,2025-08-15 23:59:00,Giveaway
$25 Lucky Bucks,Lucky Dog Casino,"19330 N US HWY 101, Skokomish, WA 98584",$25 Lucky Bucks one-time offer,2025-08-16 00:00:00,2025-08-17 23:59:00,Free-Play
All Shook Up Bonus Free Play,Muckleshoot Casino,"3402 Auburn Way South, Auburn, WA 98002",$10 Bonus Free Play + 100 Bonus Entries into Cruisin' with the King Cadillac Giveaway,2025-08-16 07:00:00,2025-08-17 23:59:00,Giveaway
Yesteryear Car Show,Lucky Dog Casino,"19330 N US HWY 101, Skokomish, WA 98584","All makes and models welcome, $20 entry fee, free viewing",2025-08-16 09:00:00,2025-08-16 15:00:00,Giveaway
Car Show Spin & Win,Lucky Dog Casino,"19330 N US HWY 101, Skokomish, WA 98584","Win up to $1,000 cash, one free gameplay",2025-08-16 09:00:00,2025-08-16 16:00:00,Giveaway
Star Mail Offer Free Play,Lucky Eagle Casino,"12888 188th Avenue SW, Rochester, WA 98579",$15 Free Play,2025-08-16 10:00:00,2025-08-22 23:59:00,Free-Play
"$7,000,000 Celebration Drawings",Snoqualmie Casino,"37500 SE North Bend Way, Snoqualmie, WA 98065","10 guests win up to $50,000 freeplay",2025-08-16 17:00:00,2025-08-16 22:00:00,Free-Play
Road Trippin’,Lucky Dog Casino,"19330 N US HWY 101, Skokomish, WA 98584","Drawings every 30 minutes. Win up to $2,500",2025-08-16 18:00:00,2025-08-16 21:00:00,Offer
Allstars Grand Prize Drawing,Red Wind Casino,"12819 Yelm Hwy. SE, Olympia, WA 98513","4 winners of $25,000; free entry with Club Red swipe; bonus entries for points",2025-08-16 21:00:00,2025-08-16 21:00:00,Giveaway
Nightly Grand Prize Cash Vault,Snoqualmie Casino,"37500 SE North Bend Way, Snoqualmie, WA 98065","Win up to $200,000",2025-08-16 22:00:00,2025-08-16 23:59:00,Giveaway
Entry Multiplier,ilani,"1 Cowlitz Way, Ridgefield, WA 98642",Receive multiple entries for every status point earned.,2025-08-17 00:00:00,2025-08-17 23:59:00,Point-Based
Winning Race Kiosk Game,Spirit Mountain Casino,"27100 SW Salmon River Hwy, Grand Ronde, OR 97347","Earn 1,500 points to play; win prizes or up to $1,000 free play (up to 6 plays per Sunday)",2025-08-17 00:00:00,2025-08-17 23:59:00,Free-Play
Dining & Shopping Rewards,ilani,"1 Cowlitz Way, Ridgefield, WA 98642",$15 Dining & Shopping Rewards,2025-08-17 00:00:00,2025-08-31 23:59:00,Hospitality-Rewards
Free Play,ilani,"1 Cowlitz Way, Ridgefield, WA 98642",$35 Slot Play,2025-08-17 06:00:00,2025-08-19 05:59:00,Free-Play
Monthly Slot Play,ilani,"1 Cowlitz Way, Ridgefield, WA 98642",$35 Slot Play,2025-08-17 06:00:00,2025-08-19 05:59:00,Free-Play
Gear Up & Go,Angel of the Winds Casino,"3438 Stoluckquamish Lane, Arlington, Washington 98223",Redeem at Players Club East; Weather resistant canopy,2025-08-17 10:00:00,2025-08-17 20:00:00,Giveaway
Beach Day Essentials Giveaway,Lucky Eagle Casino,"12888 188th Avenue SW, Rochester, WA 98579",Collect weekly items,2025-08-17 12:00:00,2025-08-17 20:00:00,Giveaway
18K Golden Chef Collection - Week 3 Gift,Little Creek Casino,"91 West State Route 108, Shelton, WA 98504",Parini Gift,2025-08-17 13:00:00,2025-08-17 21:00:00,Giveaway
"$7,000,000 Celebration Drawings",Snoqualmie Casino,"37500 SE North Bend Way, Snoqualmie, WA 98065","10 guests win up to $50,000 freeplay",2025-08-17 17:00:00,2025-08-17 22:00:00,Free-Play
Nightly Grand Prize Cash Vault,Snoqualmie Casino,"37500 SE North Bend Way, Snoqualmie, WA 98065","Win up to $200,000",2025-08-17 22:00:00,2025-08-17 23:59:00,Giveaway
Entry Multiplier,ilani,"1 Cowlitz Way, Ridgefield, WA 98642",Receive multiple entries for every status point earned.,2025-08-18 00:00:00,2025-08-18 23:59:00,Point-Based
Ride and Win Kiosk Game,Spirit Mountain Casino,"27100 SW Salmon River Hwy, Grand Ronde, OR 97347","Earn 250/500/1000 points to play; win up to $3,000 free play; max 5 laps per week",2025-08-18 00:00:00,2025-08-18 23:59:00,Free-Play
$25 Lucky Bucks,Lucky Dog Casino,"19330 N US HWY 101, Skokomish, WA 98584",$25 Lucky Bucks one-time offer,2025-08-18 00:00:00,2025-08-21 23:59:00,Free-Play
$15 Off Food,Spirit Mountain Casino,"27100 SW Salmon River Hwy, Grand Ronde, OR 97347",$15 off food once per week,2025-08-18 00:00:00,2025-08-21 23:59:00,Hospitality-Rewards
2x Your Choice,Spirit Mountain Casino,"27100 SW Salmon River Hwy, Grand Ronde, OR 97347",Choose either $25 free play or 2x slot points once per week,2025-08-18 00:00:00,2025-08-24 23:59:00,Free-Play
$10 Free Play,Muckleshoot Casino,"3402 Auburn Way South, Auburn, WA 98002",$10 free play,2025-08-18 07:00:00,2025-08-23 23:59:00,Free-Play
Gear Up & Go,Angel of the Winds Casino,"3438 Stoluckquamish Lane, Arlington, Washington 98223",Redeem at Players Club East; Weather resistant canopy,2025-08-18 10:00:00,2025-08-18 20:00:00,Giveaway
Level Up Multiplier,Muckleshoot Casino,"3402 Auburn Way South, Auburn, WA 98002",Earn up to 5x points,2025-08-18 10:00:00,2025-08-18 20:00:00,Point-Based
$50 Xtra Rewards,Legends Casino,"580 Fort Road, Toppenish, WA",$50 Xtra Rewards free play added to your account each week,2025-08-18 10:00:00,2025-08-24 23:59:00,Free-Play
Gift Grab,Emerald Queen Casino,"1820 East 29th Street, Tacoma, WA 98404",Qualified guests will receive a weekly gift!,2025-08-18 12:00:00,2025-08-18 20:00:00,Giveaway
"$7,000,000 Celebration Drawings",Snoqualmie Casino,"37500 SE North Bend Way, Snoqualmie, WA 98065","10 guests win up to $50,000 freeplay",2025-08-18 17:00:00,2025-08-18 22:00:00,Free-Play
Nightly Grand Prize Cash Vault,Snoqualmie Casino,"37500 SE North Bend Way, Snoqualmie, WA 98065","Win up to $200,000",2025-08-18 22:00:00,2025-08-18 23:59:00,Giveaway
Ride and Win Kiosk Game,Spirit Mountain Casino,"27100 SW Salmon River Hwy, Grand Ronde, OR 97347","Earn 250/500/1000 points to play; win up to $3,000 free play; max 5 laps per week",2025-08-19 00:00:00,2025-08-19 23:59:00,Free-Play
Double Rewards Dollars,ilani,"1 Cowlitz Way, Ridgefield, WA 98642",2x Rewards Dollars,2025-08-19 06:00:00,2025-08-21 05:59:00,Hospitality-Rewards
Club Lucky Multiplier,Lucky Dog Casino,"19330 N US HWY 101, Skokomish, WA 98584",Exclusive multiplier based on Club Lucky level,2025-08-19 10:00:00,2025-08-19 18:00:00,Point-Based
Gift Grab,Emerald Queen Casino,"1820 East 29th Street, Tacoma, WA 98404",Qualified guests will receive a weekly gift!,2025-08-19 12:00:00,2025-08-19 20:00:00,Giveaway
Lightweight Travel Set Giveaway,ilani,"1 Cowlitz Way, Ridgefield, WA 98642",Urban Trek Gear Tote,2025-08-19 12:00:00,2025-08-19 20:00:00,Giveaway
Beach Day Essentials Giveaway,Lucky Eagle Casino,"12888 188th Avenue SW, Rochester, WA 98579",Collect weekly items,2025-08-19 12:00:00,2025-08-19 20:00:00,Giveaway
"$7,000,000 Celebration Drawings",Snoqualmie Casino,"37500 SE North Bend Way, Snoqualmie, WA 98065","10 guests win up to $50,000 freeplay",2025-08-19 17:00:00,2025-08-19 22:00:00,Free-Play
Ortum Dragon Wheel,Red Wind Casino,"12819 Yelm Hwy. SE, Olympia, WA 98513","Win up to $5,000; free entry with Club Red swipe; bonus entries for points",2025-08-19 18:00:00,2025-08-19 21:00:00,Point-Based
Nightly Grand Prize Cash Vault,Snoqualmie Casino,"37500 SE North Bend Way, Snoqualmie, WA 98065","Win up to $200,000",2025-08-19 22:00:00,2025-08-19 23:59:00,Giveaway
Weekly Loyalty Offer,Red Wind Casino,"12819 Yelm Hwy. SE, Olympia, WA 98513",$20 Free Play,2025-08-20 00:00:00,2025-08-26 23:59:00,Free-Play
Summer Stack-Up,Angel of the Winds Casino,"3438 Stoluckquamish Lane, Arlington, Washington 98223","Win up to $5,000 Free Play weekly; Earn 750 base points playing slots to receive a wheel spin; Up to 3 spins per week",2025-08-20 08:00:00,2025-08-20 20:00:00,Free-Play
$5 Weekly Free Play,Angel of the Winds Casino,"3438 Stoluckquamish Lane, Arlington, Washington 98223","Win your share of $760,500 in promo chips; Earn 25 base points at any table game",2025-08-20 09:00:00,2025-08-20 21:00:00,Free-Play
Wearable Wednesdays,Lucky Dog Casino,"19330 N US HWY 101, Skokomish, WA 98584",Earn 50 base points and get a free wearable,2025-08-20 10:00:00,2025-08-20 20:00:00,Giveaway
Walk of Fame & Fortune 10x Entries,Muckleshoot Casino,"3402 Auburn Way South, Auburn, WA 98002",5 winners every hour,2025-08-20 10:00:00,2025-08-20 20:00:00,Offer
Pepsi Giveaway,Spirit Mountain Casino,"27100 SW Salmon River Hwy, Grand Ronde, OR 97347","Earn 500 points between 00:00-19:59, redeem 10:00-20:00 for a 12-pack of Pepsi products (limit 4 packs)",2025-08-20 10:00:00,2025-08-20 20:00:00,Giveaway
Star Mail Bonus Free Play,Lucky Eagle Casino,"12888 188th Avenue SW, Rochester, WA 98579",$10 Free Play,2025-08-20 10:00:00,2025-08-20 23:59:00,Free-Play
Lightweight Travel Set Giveaway,ilani,"1 Cowlitz Way, Ridgefield, WA 98642",Urban Trek Gear Tote,2025-08-20 12:00:00,2025-08-20 20:00:00,Giveaway
Prize on the Rise Progressive Drawing,Emerald Queen Casino,"1820 East 29th Street, Tacoma, WA 98404","Drawings start at $1,000 free play. 1 free entry every week. 5x entries on Fridays. 400 points = 1 additional entry. The stakes grow every hour. Second-place winners score $500 free play guaranteed.",2025-08-20 15:00:00,2025-08-20 20:00:00,Giveaway
Jail House Rock & Riches,Muckleshoot Casino,"3402 Auburn Way South, Auburn, WA 98002","Win share of over $130,000",2025-08-20 17:00:00,2025-08-20 21:00:00,Offer
"$7,000,000 Celebration Drawings",Snoqualmie Casino,"37500 SE North Bend Way, Snoqualmie, WA 98065","10 guests win up to $50,000 freeplay",2025-08-20 17:00:00,2025-08-20 22:00:00,Free-Play
Nightly Grand Prize Cash Vault,Snoqualmie Casino,"37500 SE North Bend Way, Snoqualmie, WA 98065","Win up to $200,000",2025-08-20 22:00:00,2025-08-20 23:59:00,Giveaway
Pit Stop Point Multiplier,Emerald Queen Casino,"1820 East 29th Street, Tacoma, WA 98404",Earn up to 25x rewards points!,2025-08-21 00:00:00,2025-08-21 23:59:00,Point-Based
Multiplier Thursdays,Spirit Mountain Casino,"27100 SW Salmon River Hwy, Grand Ronde, OR 97347","Slot point multipliers up to 5x; 2x on first Thursday, increasing each week if consecutive",2025-08-21 00:00:00,2025-08-21 23:59:00,Point-Based
Free Play,ilani,"1 Cowlitz Way, Ridgefield, WA 98642",$35 Slot Play,2025-08-21 06:00:00,2025-08-23 05:59:00,Free-Play
Monthly Slot Play,ilani,"1 Cowlitz Way, Ridgefield, WA 98642",$35 Slot Play,2025-08-21 06:00:00,2025-08-23 05:59:00,Free-Play
U-Spin Instant Win,Snoqualmie Casino,"37500 SE North Bend Way, Snoqualmie, WA 98065",Watch your U-Spin progress bar countdown for instant wins at slot machines,2025-08-21 10:00:00,2025-08-21 23:59:00,Offer
Monthly Gift - 2qt Sauce Pot & Glass Lid,Muckleshoot Casino,"3402 Auburn Way South, Auburn, WA 98002",Pick up gift,2025-08-21 12:00:00,2025-08-21 21:00:00,Giveaway
18K Golden Chef Collection - Week 4 Gift,Little Creek Casino,"91 West State Route 108, Shelton, WA 98504",Parini Gift,2025-08-21 13:00:00,2025-08-21 21:00:00,Giveaway
Road Trip Fill Up,Lucky Dog Casino,"19330 N US HWY 101, Skokomish, WA 98584",$25 Amazon Gift Card,2025-08-21 14:00:00,2025-08-21 20:00:00,Giveaway
"$7,000,000 Celebration Drawings",Snoqualmie Casino,"37500 SE North Bend Way, Snoqualmie, WA 98065","10 guests win up to $50,000 freeplay",2025-08-21 17:00:00,2025-08-21 22:00:00,Free-Play
Jupiter’s Jackpot,Legends Casino,"580 Fort Road, Toppenish, WA","Two cash prize winners 6pm-8pm and one $6,000 winner at 9pm",2025-08-21 18:00:00,2025-08-21 21:00:00,Giveaway
Ortum Dragon Wheel,Red Wind Casino,"12819 Yelm Hwy. SE, Olympia, WA 98513","Win up to $5,000; free entry with Club Red swipe; bonus entries for points",2025-08-21 18:00:00,2025-08-21 21:00:00,Point-Based
Nightly Grand Prize Cash Vault,Snoqualmie Casino,"37500 SE North Bend Way, Snoqualmie, WA 98065","Win up to $200,000",2025-08-21 22:00:00,2025-08-21 23:59:00,Giveaway
Monthly Gift - 2qt Sauce Pot & Glass Lid,Muckleshoot Casino,"3402 Auburn Way South, Auburn, WA 98002",Pick up gift,2025-08-22 10:00:00,2025-08-22 14:00:00,Giveaway
Park Trip Pull Tabs,Lucky Dog Casino,"19330 N US HWY 101, Skokomish, WA 98584","Each pull tab worth $2,500",2025-08-22 11:00:00,2025-08-22 21:00:00,Hospitality-Rewards
Bar Bar Dar,Angel of the Winds Casino,"3438 Stoluckquamish Lane, Arlington, Washington 98223",,2025-08-22 16:00:00,2025-08-22 22:00:00,Offer
"$7,000,000 Celebration Drawings",Snoqualmie Casino,"37500 SE North Bend Way, Snoqualmie, WA 98065","10 guests win up to $50,000 freeplay",2025-08-22 17:00:00,2025-08-22 22:00:00,Free-Play
Nightly Grand Prize Cash Vault,Snoqualmie Casino,"37500 SE North Bend Way, Snoqualmie, WA 98065","Win up to $200,000",2025-08-22 22:00:00,2025-08-22 23:59:00,Giveaway
$25 Lucky Bucks,Lucky Dog Casino,"19330 N US HWY 101, Skokomish, WA 98584",$25 Lucky Bucks one-time offer,2025-08-23 00:00:00,2025-08-24 23:59:00,Free-Play
Vault of Riches Bonus Game,ilani,"1 Cowlitz Way, Ridgefield, WA 98642","Win up to $5,000 in Slot Play",2025-08-23 06:00:00,2025-08-24 05:59:00,Free-Play
Star Mail Offer Free Play,Lucky Eagle Casino,"12888 188th Avenue SW, Rochester, WA 98579",$15 Free Play,2025-08-23 10:00:00,2025-08-29 23:59:00,Free-Play
"$50,000 Guaranteed Giveaway",Muckleshoot Casino,"3402 Auburn Way South, Auburn, WA 98002","Win up to $25,000 in cash",2025-08-23 15:00:00,2025-08-23 21:00:00,Giveaway
Outta This World Wins,Lucky Eagle Casino,"12888 188th Avenue SW, Rochester, WA 98579","Drawings every 30 minutes with $15,000 grand prize",2025-08-23 17:00:00,2025-08-23 21:00:00,Giveaway
"$7,000,000 Celebration Drawings",Snoqualmie Casino,"37500 SE North Bend Way, Snoqualmie, WA 98065","10 guests win up to $50,000 freeplay",2025-08-23 17:00:00,2025-08-23 22:00:00,Free-Play
Road Trippin’,Lucky Dog Casino,"19330 N US HWY 101, Skokomish, WA 98584","Drawings every 30 minutes. Win up to $2,500",2025-08-23 18:00:00,2025-08-23 21:00:00,Offer
Allstars Grand Prize Drawing,Red Wind Casino,"12819 Yelm Hwy. SE, Olympia, WA 98513","4 winners of $25,000; free entry with Club Red swipe; bonus entries for points",2025-08-23 21:00:00,2025-08-23 21:00:00,Giveaway
Nightly Grand Prize Cash Vault,Snoqualmie Casino,"37500 SE North Bend Way, Snoqualmie, WA 98065","Win up to $200,000",2025-08-23 22:00:00,2025-08-23 23:59:00,Giveaway
Entry Multiplier,ilani,"1 Cowlitz Way, Ridgefield, WA 98642",Receive multiple entries for every status point earned.,2025-08-24 00:00:00,2025-08-24 23:59:00,Point-Based
Winning Race Kiosk Game,Spirit Mountain Casino,"27100 SW Salmon River Hwy, Grand Ronde, OR 97347","Earn 1,500 points to play; win prizes or up to $1,000 free play (up to 6 plays per Sunday)",2025-08-24 00:00:00,2025-08-24 23:59:00,Free-Play
Free Play,ilani,"1 Cowlitz Way, Ridgefield, WA 98642",$35 Slot Play,2025-08-24 06:00:00,2025-08-26 05:59:00,Free-Play
Monthly Slot Play,ilani,"1 Cowlitz Way, Ridgefield, WA 98642",$35 Slot Play,2025-08-24 06:00:00,2025-08-26 05:59:00,Free-Play
Gear Up & Go,Angel of the Winds Casino,"3438 Stoluckquamish Lane, Arlington, Washington 98223",Redeem at Players Club East; Weather resistant canopy,2025-08-24 10:00:00,2025-08-24 20:00:00,Giveaway
Beach Day Essentials Giveaway,Lucky Eagle Casino,"12888 188th Avenue SW, Rochester, WA 98579",Collect weekly items,2025-08-24 12:00:00,2025-08-24 20:00:00,Giveaway
18K Golden Chef Collection - Week 4 Gift,Little Creek Casino,"91 West State Route 108, Shelton, WA 98504",Parini Gift,2025-08-24 13:00:00,2025-08-24 21:00:00,Giveaway
"$7,000,000 Celebration Drawings",Snoqualmie Casino,"37500 SE North Bend Way, Snoqualmie, WA 98065","10 guests win up to $50,000 freeplay",2025-08-24 17:00:00,2025-08-24 22:00:00,Free-Play
Nightly Grand Prize Cash Vault,Snoqualmie Casino,"37500 SE North Bend Way, Snoqualmie, WA 98065","Win up to $200,000",2025-08-24 22:00:00,2025-08-24 23:59:00,Giveaway
Entry Multiplier,ilani,"1 Cowlitz Way, Ridgefield, WA 98642",Receive multiple entries for every status point earned.,2025-08-25 00:00:00,2025-08-25 23:59:00,Point-Based
Ride and Win Kiosk Game,Spirit Mountain Casino,"27100 SW Salmon River Hwy, Grand Ronde, OR 97347","Earn 250/500/1000 points to play; win up to $3,000 free play; max 5 laps per week",2025-08-25 00:00:00,2025-08-25 23:59:00,Free-Play
Complimentary Night Stay,ilani,"1 Cowlitz Way, Ridgefield, WA 98642","One complimentary night stay (reservation required, subject to availability)",2025-08-25 00:00:00,2025-08-28 23:59:00,Hospitality-Rewards
$25 Lucky Bucks,Lucky Dog Casino,"19330 N US HWY 101, Skokomish, WA 98584",$25 Lucky Bucks one-time offer,2025-08-25 00:00:00,2025-08-28 23:59:00,Free-Play
$15 Off Food,Spirit Mountain Casino,"27100 SW Salmon River Hwy, Grand Ronde, OR 97347",$15 off food once per week,2025-08-25 00:00:00,2025-08-28 23:59:00,Hospitality-Rewards
2x Your Choice,Spirit Mountain Casino,"27100 SW Salmon River Hwy, Grand Ronde, OR 97347",Choose either $25 free play or 2x slot points once per week,2025-08-25 00:00:00,2025-08-31 23:59:00,Free-Play
$15 Free Play,Muckleshoot Casino,"3402 Auburn Way South, Auburn, WA 98002",$15 free play,2025-08-25 07:00:00,2025-08-29 23:59:00,Free-Play
Gear Up & Go,Angel of the Winds Casino,"3438 Stoluckquamish Lane, Arlington, Washington 98223",Redeem at Players Club East; Weather resistant canopy,2025-08-25 10:00:00,2025-08-25 20:00:00,Giveaway
$50 Xtra Rewards,Legends Casino,"580 Fort Road, Toppenish, WA",$50 Xtra Rewards free play added to your account each week,2025-08-25 10:00:00,2025-08-31 23:59:00,Free-Play
Gift Grab,Emerald Queen Casino,"1820 East 29th Street, Tacoma, WA 98404",Qualified guests will receive a weekly gift!,2025-08-25 12:00:00,2025-08-25 20:00:00,Giveaway
B-Day Bonus,Emerald Queen Casino,"1820 East 29th Street, Tacoma, WA 98404","Win up to $2,000 free play every drawing hour! Your age = your number of entries!",2025-08-25 16:00:00,2025-08-25 17:59:00,Giveaway
"$7,000,000 Celebration Drawings",Snoqualmie Casino,"37500 SE North Bend Way, Snoqualmie, WA 98065","10 guests win up to $50,000 freeplay",2025-08-25 17:00:00,2025-08-25 22:00:00,Free-Play
B-Day Bonus,Emerald Queen Casino,"1820 East 29th Street, Tacoma, WA 98404","Win up to $2,000 free play every drawing hour! Your age = your number of entries!",2025-08-25 18:00:00,2025-08-25 19:59:00,Giveaway
B-Day Bonus,Emerald Queen Casino,"1820 East 29th Street, Tacoma, WA 98404","Win up to $2,000 free play every drawing hour! Your age = your number of entries!",2025-08-25 20:00:00,2025-08-25 21:59:00,Giveaway
Nightly Grand Prize Cash Vault,Snoqualmie Casino,"37500 SE North Bend Way, Snoqualmie, WA 98065","Win up to $200,000",2025-08-25 22:00:00,2025-08-25 23:59:00,Giveaway
Ride and Win Kiosk Game,Spirit Mountain Casino,"27100 SW Salmon River Hwy, Grand Ronde, OR 97347","Earn 250/500/1000 points to play; win up to $3,000 free play; max 5 laps per week",2025-08-26 00:00:00,2025-08-26 23:59:00,Free-Play
2x Status Points,ilani,"1 Cowlitz Way, Ridgefield, WA 98642",2x Status Points,2025-08-26 06:00:00,2025-08-28 05:59:00,Point-Based
Club Lucky Multiplier,Lucky Dog Casino,"19330 N US HWY 101, Skokomish, WA 98584",Exclusive multiplier based on Club Lucky level,2025-08-26 10:00:00,2025-08-26 18:00:00,Point-Based
Gift Giveaway - 3pc Rectangular Casserole Dish,Legends Casino,"580 Fort Road, Toppenish, WA","60 points required, one per person, while supplies last",2025-08-26 10:00:00,2025-08-26 23:59:00,Giveaway
Gift Grab,Emerald Queen Casino,"1820 East 29th Street, Tacoma, WA 98404",Qualified guests will receive a weekly gift!,2025-08-26 12:00:00,2025-08-26 20:00:00,Giveaway
Lightweight Travel Set Giveaway,ilani,"1 Cowlitz Way, Ridgefield, WA 98642",Urban Trek Backpack,2025-08-26 12:00:00,2025-08-26 20:00:00,Giveaway
Beach Day Essentials Giveaway,Lucky Eagle Casino,"12888 188th Avenue SW, Rochester, WA 98579",Collect weekly items,2025-08-26 12:00:00,2025-08-26 20:00:00,Giveaway
"$7,000,000 Celebration Drawings",Snoqualmie Casino,"37500 SE North Bend Way, Snoqualmie, WA 98065","10 guests win up to $50,000 freeplay",2025-08-26 17:00:00,2025-08-26 22:00:00,Free-Play
Ortum Dragon Wheel,Red Wind Casino,"12819 Yelm Hwy. SE, Olympia, WA 98513","Win up to $5,000; free entry with Club Red swipe; bonus entries for points",2025-08-26 18:00:00,2025-08-26 21:00:00,Point-Based
Nightly Grand Prize Cash Vault,Snoqualmie Casino,"37500 SE North Bend Way, Snoqualmie, WA 98065","Win up to $200,000",2025-08-26 22:00:00,2025-08-26 23:59:00,Giveaway
Weekly Loyalty Offer,Red Wind Casino,"12819 Yelm Hwy. SE, Olympia, WA 98513",$20 Free Play,2025-08-27 00:00:00,2025-09-02 23:59:00,Free-Play
Summer Stack-Up,Angel of the Winds Casino,"3438 Stoluckquamish Lane, Arlington, Washington 98223","Win up to $5,000 Free Play weekly; Earn 750 base points playing slots to receive a wheel spin; Up to 3 spins per week",2025-08-27 08:00:00,2025-08-27 20:00:00,Free-Play
$5 Weekly Free Play,Angel of the Winds Casino,"3438 Stoluckquamish Lane, Arlington, Washington 98223","Win your share of $760,500 in promo chips; Earn 25 base points at any table game",2025-08-27 09:00:00,2025-08-27 21:00:00,Free-Play
Wearable Wednesdays,Lucky Dog Casino,"19330 N US HWY 101, Skokomish, WA 98584",Earn 50 base points and get a free wearable,2025-08-27 10:00:00,2025-08-27 20:00:00,Giveaway
Pepsi Giveaway,Spirit Mountain Casino,"27100 SW Salmon River Hwy, Grand Ronde, OR 97347","Earn 500 points between 00:00-19:59, redeem 10:00-20:00 for a 12-pack of Pepsi products (limit 4 packs)",2025-08-27 10:00:00,2025-08-27 20:00:00,Giveaway
Star Mail Bonus Free Play,Lucky Eagle Casino,"12888 188th Avenue SW, Rochester, WA 98579",$10 Free Play,2025-08-27 10:00:00,2025-08-27 23:59:00,Free-Play
Lightweight Travel Set Giveaway,ilani,"1 Cowlitz Way, Ridgefield, WA 98642",Urban Trek Backpack,2025-08-27 12:00:00,2025-08-27 20:00:00,Giveaway
Prize on the Rise Progressive Drawing,Emerald Queen Casino,"1820 East 29th Street, Tacoma, WA 98404","Drawings start at $1,000 free play. 1 free entry every week. 5x entries on Fridays. 400 points = 1 additional entry. The stakes grow every hour. Second-place winners score $500 free play guaranteed.",2025-08-27 15:00:00,2025-08-27 20:00:00,Giveaway
Jail House Rock & Riches,Muckleshoot Casino,"3402 Auburn Way South, Auburn, WA 98002","Win share of over $130,000",2025-08-27 17:00:00,2025-08-27 21:00:00,Offer
"$7,000,000 Celebration Drawings",Snoqualmie Casino,"37500 SE North Bend Way, Snoqualmie, WA 98065","10 guests win up to $50,000 freeplay",2025-08-27 17:00:00,2025-08-27 22:00:00,Free-Play
Nightly Grand Prize Cash Vault,Snoqualmie Casino,"37500 SE North Bend Way, Snoqualmie, WA 98065","Win up to $200,000",2025-08-27 22:00:00,2025-08-27 23:59:00,Giveaway
Pit Stop Point Multiplier,Emerald Queen Casino,"1820 East 29th Street, Tacoma, WA 98404",Earn up to 25x rewards points!,2025-08-28 00:00:00,2025-08-28 23:59:00,Point-Based
Multiplier Thursdays,Spirit Mountain Casino,"27100 SW Salmon River Hwy, Grand Ronde, OR 97347","Slot point multipliers up to 5x; 2x on first Thursday, increasing each week if consecutive",2025-08-28 00:00:00,2025-08-28 23:59:00,Point-Based
Free Play,ilani,"1 Cowlitz Way, Ridgefield, WA 98642",$35 Slot Play,2025-08-28 06:00:00,2025-08-29 05:59:00,Free-Play
Monthly Slot Play,ilani,"1 Cowlitz Way, Ridgefield, WA 98642",$35 Slot Play,2025-08-28 06:00:00,2025-08-29 05:59:00,Free-Play
U-Spin Instant Win,Snoqualmie Casino,"37500 SE North Bend Way, Snoqualmie, WA 98065",Watch your U-Spin progress bar countdown for instant wins at slot machines,2025-08-28 10:00:00,2025-08-28 23:59:00,Offer
"Monthly Gift - 9.5"" Hybrid Frying Pan",Muckleshoot Casino,"3402 Auburn Way South, Auburn, WA 98002",Pick up gift,2025-08-28 12:00:00,2025-08-28 21:00:00,Giveaway
18K Golden Chef Collection - Week 5 Mystery Gift,Little Creek Casino,"91 West State Route 108, Shelton, WA 98504",Mystery Gift,2025-08-28 13:00:00,2025-08-28 21:00:00,Giveaway
Road Trip Fill Up,Lucky Dog Casino,"19330 N US HWY 101, Skokomish, WA 98584",$25 Lucky Bucks Alternative Gift,2025-08-28 14:00:00,2025-08-28 20:00:00,Giveaway
"$7,000,000 Celebration Drawings",Snoqualmie Casino,"37500 SE North Bend Way, Snoqualmie, WA 98065","10 guests win up to $50,000 freeplay",2025-08-28 17:00:00,2025-08-28 22:00:00,Free-Play
Jupiter’s Jackpot,Legends Casino,"580 Fort Road, Toppenish, WA",Two cash prize winners 6pm-8pm and one Jeep Wrangler grand prize winner at 9pm,2025-08-28 18:00:00,2025-08-28 21:00:00,Giveaway
Ortum Dragon Wheel,Red Wind Casino,"12819 Yelm Hwy. SE, Olympia, WA 98513","Win up to $5,000; free entry with Club Red swipe; bonus entries for points",2025-08-28 18:00:00,2025-08-28 21:00:00,Point-Based
"$168,000 Beat the Heat",ilani,"1 Cowlitz Way, Ridgefield, WA 98642","$1,000 Promo Play Hot Seats + $5,000 Cash Grand Prize",2025-08-28 19:00:00,2025-08-28 22:00:00,Giveaway
Nightly Grand Prize Cash Vault,Snoqualmie Casino,"37500 SE North Bend Way, Snoqualmie, WA 98065","Win up to $200,000",2025-08-28 22:00:00,2025-08-28 23:59:00,Giveaway
Free Play,ilani,"1 Cowlitz Way, Ridgefield, WA 98642",$35 Slot Play,2025-08-29 06:00:00,2025-08-31 05:59:00,Free-Play
Monthly Slot Play,ilani,"1 Cowlitz Way, Ridgefield, WA 98642",$35 Slot Play,2025-08-29 06:00:00,2025-08-31 05:59:00,Free-Play
"Monthly Gift - 9.5"" Hybrid Frying Pan",Muckleshoot Casino,"3402 Auburn Way South, Auburn, WA 98002",Pick up gift,2025-08-29 10:00:00,2025-08-29 14:00:00,Giveaway
Park Trip Pull Tabs,Lucky Dog Casino,"19330 N US HWY 101, Skokomish, WA 98584","Each pull tab worth $2,500",2025-08-29 11:00:00,2025-08-29 21:00:00,Hospitality-Rewards
Bar Bar Dar,Angel of the Winds Casino,"3438 Stoluckquamish Lane, Arlington, Washington 98223",,2025-08-29 16:00:00,2025-08-29 22:00:00,Offer
Blue Suede Spins,Muckleshoot Casino,"3402 Auburn Way South, Auburn, WA 98002","Win up to $2,500 in free play",2025-08-29 17:00:00,2025-08-29 21:30:00,Free-Play
"$7,000,000 Celebration Drawings",Snoqualmie Casino,"37500 SE North Bend Way, Snoqualmie, WA 98065","10 guests win up to $50,000 freeplay",2025-08-29 17:00:00,2025-08-29 22:00:00,Free-Play
Classic August Nights,Spirit Mountain Casino,"27100 SW Salmon River Hwy, Grand Ronde, OR 97347","Win a share of $25,000 in prizes or a classic car; 5 drawings",2025-08-29 19:00:00,2025-08-29 23:59:00,Giveaway
"$2,500 Second Chance Drawing",Lucky Dog Casino,"19330 N US HWY 101, Skokomish, WA 98584",Need not be present to win. Claim by August 30,2025-08-29 21:00:00,2025-08-29 21:00:00,Giveaway
Nightly Grand Prize Cash Vault,Snoqualmie Casino,"37500 SE North Bend Way, Snoqualmie, WA 98065","Win up to $200,000",2025-08-29 22:00:00,2025-08-29 23:59:00,Giveaway
$25 Lucky Bucks,Lucky Dog Casino,"19330 N US HWY 101, Skokomish, WA 98584",$25 Lucky Bucks one-time offer,2025-08-30 00:00:00,2025-08-31 23:59:00,Free-Play
Stay ’N Play - 2 Free RV Stays,Lucky Eagle Casino,"12888 188th Avenue SW, Rochester, WA 98579",2 free RV stays (valid any day),2025-08-30 00:00:00,2025-10-03 23:59:00,Hospitality-Rewards
$20 Free Play,Lucky Eagle Casino,"12888 188th Avenue SW, Rochester, WA 98579",$20 Free Play,2025-08-30 10:00:00,2025-09-05 23:59:00,Free-Play
"$7,000,000 Celebration Drawings",Snoqualmie Casino,"37500 SE North Bend Way, Snoqualmie, WA 98065","10 guests win up to $50,000 freeplay",2025-08-30 17:00:00,2025-08-30 22:00:00,Free-Play
Road Trippin’,Lucky Dog Casino,"19330 N US HWY 101, Skokomish, WA 98584","Drawings every 30 minutes. Win up to $2,500",2025-08-30 18:00:00,2025-08-30 21:00:00,Offer
Nightly Grand Prize Cash Vault,Snoqualmie Casino,"37500 SE North Bend Way, Snoqualmie, WA 98065","Win up to $200,000",2025-08-30 22:00:00,2025-08-30 23:59:00,Giveaway
Entry Multiplier,ilani,"1 Cowlitz Way, Ridgefield, WA 98642",Receive multiple entries for every status point earned.,2025-08-31 00:00:00,2025-08-31 23:59:00,Point-Based
Cruisin' with the King Cadillac Giveaway Bonus Entries,Muckleshoot Casino,"3402 Auburn Way South, Auburn, WA 98002",100 Bonus Entries into Cadillac Giveaway,2025-08-31 00:00:00,2025-08-31 23:59:00,Giveaway
Winning Race Kiosk Game,Spirit Mountain Casino,"27100 SW Salmon River Hwy, Grand Ronde, OR 97347","Earn 1,500 points to play; win prizes or up to $1,000 free play (up to 6 plays per Sunday)",2025-08-31 00:00:00,2025-08-31 23:59:00,Free-Play
$125 Weekly Free Play or Dining Credit - Week 1,Emerald Queen Casino,"1820 East 29th Street, Tacoma, WA 98404",$25 free play or dining credit.,2025-08-31 00:00:00,2025-09-06 23:59:00,Free-Play
Stay ’N Play - 2 Free Standard Rooms,Lucky Eagle Casino,"12888 188th Avenue SW, Rochester, WA 98579",2 free standard rooms (valid Sun-Thurs),2025-08-31 00:00:00,2025-10-02 23:59:00,Hospitality-Rewards
Daytime Bonus Slot Play,ilani,"1 Cowlitz Way, Ridgefield, WA 98642",$40 Slot Play,2025-08-31 06:00:00,2025-08-31 18:00:00,Free-Play
Rock & Brews Daytime Bonus,ilani,"1 Cowlitz Way, Ridgefield, WA 98642",$40 in slot play bonus. Claim at kiosk. Valid 6:00am–6:00pm.,2025-08-31 06:00:00,2025-08-31 18:00:00,Free-Play
LDC 24th Birthday Bonus,Lucky Dog Casino,"19330 N US HWY 101, Skokomish, WA 98584",10x Lucky Points,2025-08-31 10:00:00,2025-08-31 16:00:00,Point-Based
Gear Up & Go,Angel of the Winds Casino,"3438 Stoluckquamish Lane, Arlington, Washington 98223",Redeem at Players Club East; Weather resistant canopy,2025-08-31 10:00:00,2025-08-31 20:00:00,Giveaway
Beach Day Essentials Giveaway,Lucky Eagle Casino,"12888 188th Avenue SW, Rochester, WA 98579",Collect weekly items,2025-08-31 12:00:00,2025-08-31 20:00:00,Giveaway
18K Golden Chef Collection - Week 5 Gift,Little Creek Casino,"91 West State Route 108, Shelton, WA 98504",Parini Gift,2025-08-31 13:00:00,2025-08-31 21:00:00,Giveaway
Cruisin' with the King Cadillac Giveaway,Muckleshoot Casino,"3402 Auburn Way South, Auburn, WA 98002",Win a classic Cadillac,2025-08-31 15:00:00,2025-08-31 18:00:00,Giveaway
"$7,000,000 Celebration Drawings",Snoqualmie Casino,"37500 SE North Bend Way, Snoqualmie, WA 98065","10 guests win up to $50,000 freeplay",2025-08-31 17:00:00,2025-08-31 22:00:00,Free-Play
Cruisin' with the King Cadillac Giveaway Grand Prize,Muckleshoot Casino,"3402 Auburn Way South, Auburn, WA 98002",Grand prize drawing,2025-08-31 19:00:00,2025-08-31 19:00:00,Giveaway
Nightly Grand Prize Cash Vault,Snoqualmie Casino,"37500 SE North Bend Way, Snoqualmie, WA 98065","Win up to $200,000",2025-08-31 22:00:00,2025-08-31 23:59:00,Giveaway
Complimentary Night Stay,ilani,"1 Cowlitz Way, Ridgefield, WA 98642",Complimentary night stay with reservation required,2025-09-01 00:00:00,2025-09-04 23:59:00,Hospitality-Rewards
Drift $15 Lucky Bucks,Lucky Dog Casino,"19330 N US HWY 101, Skokomish, WA 98584",$15 Lucky Bucks valid Mon 9/1 - Thu 9/4.,2025-09-01 00:00:00,2025-09-04 23:59:00,Free-Play
$15 Off Food Voucher,Spirit Mountain Casino,"27100 SW Salmon River Hwy, Grand Ronde, OR 97347",$15 off food once per week,2025-09-01 00:00:00,2025-09-04 23:59:00,Hospitality-Rewards
Complimentary Hotel Stay - Week 1,Emerald Queen Casino,"1820 East 29th Street, Tacoma, WA 98404",1 complimentary night at EQC Fife.,2025-09-01 00:00:00,2025-09-06 23:59:00,Hospitality-Rewards
Free Topgolf Swing Suite,Spirit Mountain Casino,"27100 SW Salmon River Hwy, Grand Ronde, OR 97347","1 hour of free Topgolf Swing Suite playtime for you and up to 3 guests, valid once per week",2025-09-01 00:00:00,2025-09-07 23:59:00,Offer
Your Choice Promotion,Spirit Mountain Casino,"27100 SW Salmon River Hwy, Grand Ronde, OR 97347",Choose $25 free play or 2x slot points once per week,2025-09-01 00:00:00,2025-09-07 23:59:00,Free-Play
Dining & Shopping Rewards,ilani,"1 Cowlitz Way, Ridgefield, WA 98642",$15 dining & shopping rewards,2025-09-01 00:00:00,2025-09-15 23:59:00,Hospitality-Rewards
Mustang Madness 30 Mustangs in 30 Days,Emerald Queen Casino,"1820 East 29th Street, Tacoma, WA 98404","Win a 2025 Ford Mustang EcoBoost or $21,500 cash. One entry per 100 points earned (Aug 25–Oct 14). 10x entries on Wednesdays.",2025-09-01 00:00:00,2025-09-30 23:59:00,Giveaway
Lucky’s Sunday Football Pick ‘Em Game,Lucky Dog Casino,"19330 N US HWY 101, Skokomish, WA 98584","Weekly football pick’em game with cash, free play, and Drift gift card prizes. Over $10,000 awarded across season.",2025-09-01 00:00:00,2025-09-30 23:59:00,Giveaway
Two Standard Room Nights Hotel Offer,Wildhorse Casino,"46510 Wildhorse Blvd. Pendleton, OR 97801",Two standard room nights per offer period. Use offer code 91825. Valid Sun–Thur.,2025-09-01 00:00:00,2025-10-30 23:59:00,Hospitality-Rewards
$40 Freeplay Offer,Wildhorse Casino,"46510 Wildhorse Blvd. Pendleton, OR 97801",Automatically loads to Club Wild account. Valid once per offer period.,2025-09-01 04:00:00,2025-10-31 23:59:00,Free-Play
Merge Dice Mobile App Game,Wildhorse Casino,"46510 Wildhorse Blvd. Pendleton, OR 97801","Play daily on the Wildhorse app to win instant prizes plus earn bonus entries into $50,000 Roll for the Royal. Limit one win per player per day.",2025-09-01 04:00:00,2025-10-31 23:59:00,Special-Events
Bonus Entry Mondays,Emerald Queen Casino,"1820 East 29th Street, Tacoma, WA 98404",Receive 500 bonus drawing entries.,2025-09-01 08:00:00,2025-09-01 14:00:00,Giveaway
Weekly $20 Xtra Rewards Free Play,Legends Casino,"580 Fort Road, Toppenish, WA",$20 Xtra Rewards Free Play added to your account,2025-09-01 10:00:00,2025-09-07 23:59:00,Free-Play
Hourly Cash Prizes,Legends Casino,"580 Fort Road, Toppenish, WA","Win $500 or $1,000 cash every hour, must be actively gaming on a slot machine with your rewards card",2025-09-01 12:00:00,2025-09-01 20:00:00,Giveaway
Backyard BBQ Earn & Get,Wildhorse Casino,"46510 Wildhorse Blvd. Pendleton, OR 97801",Earn 650 slot points between 12–8pm to receive a stainless steel three-piece BBQ set.,2025-09-01 12:00:00,2025-09-01 20:00:00,Point-Based
Presto Nomad Traveling Portable Food Warmer Giveaway,Muckleshoot Casino,"3402 Auburn Way South, Auburn, WA 98002",Free Presto Nomad Traveling Portable Food Warmer,2025-09-01 12:00:00,2025-09-01 21:00:00,Giveaway
Grand Finale - Entry Activation,ilani,"1 Cowlitz Way, Ridgefield, WA 98642",Activate entries for finale.,2025-09-01 15:00:00,2025-09-01 19:40:00,Offer
Acadia Adventure Grand Finale,ilani,"1 Cowlitz Way, Ridgefield, WA 98642","$1,000 Promo Play + GMC Acadia Grand Prize",2025-09-01 15:00:00,2025-09-01 20:00:00,Giveaway
Grand Finale - Promo Play Hot Seats,ilani,"1 Cowlitz Way, Ridgefield, WA 98642","$1,000 Promo Play Hot Seats every 20 minutes.",2025-09-01 16:00:00,2025-09-01 19:40:00,Giveaway
Labor Day Hot Seats,Spirit Mountain Casino,"27100 SW Salmon River Hwy, Grand Ronde, OR 97347",20 winners randomly selected to receive $500 cash; must be actively playing with club card inserted,2025-09-01 16:00:00,2025-09-01 20:00:00,Giveaway
Hot Lap Hot Seats,Emerald Queen Casino,"1820 East 29th Street, Tacoma, WA 98404",Win $500 free play every 30 minutes while actively playing.,2025-09-01 18:00:00,2025-09-30 19:30:00,Giveaway
Grand Finale - 2025 Acadia Denali Grand Prize,ilani,"1 Cowlitz Way, Ridgefield, WA 98642",Grand prize giveaway.,2025-09-01 20:00:00,2025-09-01 20:00:00,Giveaway
Daily Mustang Drawings,Emerald Queen Casino,"1820 East 29th Street, Tacoma, WA 98404","Win a 2025 Ford Mustang EcoBoost or $21,500 cash. No-show receives $500 free play.",2025-09-01 20:00:00,2025-09-30 20:00:00,Giveaway
Complimentary Night Stay,ilani,"1 Cowlitz Way, Ridgefield, WA 98642","One complimentary night stay (reservation required, subject to availability)",2025-09-02 00:00:00,2025-09-04 23:59:00,Hospitality-Rewards
Extended Summer Sweepstakes,ilani,"1 Cowlitz Way, Ridgefield, WA 98642","Win share of $52,000 in cash & prizes",2025-09-02 00:00:00,2025-09-27 23:59:00,Giveaway
Early Bird Multiplier,Emerald Queen Casino,"1820 East 29th Street, Tacoma, WA 98404",Earn up to 12x rewards points.,2025-09-02 06:00:00,2025-09-02 12:00:00,Point-Based
Double Rewards Dollars,ilani,"1 Cowlitz Way, Ridgefield, WA 98642",2x status points,2025-09-02 06:00:00,2025-09-03 05:59:00,Point-Based
$20 Free Play Offer,Muckleshoot Casino,"3402 Auburn Way South, Auburn, WA 98002",$20 free play valid one time,2025-09-02 07:00:00,2025-09-06 23:59:00,Free-Play
Club Lucky Multiplier,Lucky Dog Casino,"19330 N US HWY 101, Skokomish, WA 98584",2x-4x lucky points multiplier based on Club Lucky level.,2025-09-02 10:00:00,2025-09-02 18:00:00,Point-Based
Tasty Tuesdays - Free Ice Cream,Spirit Mountain Casino,"27100 SW Salmon River Hwy, Grand Ronde, OR 97347",One free ice cream cup per person per week,2025-09-02 10:00:00,2025-09-02 20:00:00,Offer
Hell’s Kitchen Gift Giveaway,ilani,"1 Cowlitz Way, Ridgefield, WA 98642",Fiery stoneware set,2025-09-02 12:00:00,2025-09-02 20:00:00,Giveaway
Fortune Drawings,Red Wind Casino,"12819 Yelm Hwy. SE, Olympia, WA 98513","Win up to $5,000 every 30 minutes",2025-09-02 18:00:00,2025-09-02 21:00:00,Offer
Golden Scales Kiosk Game,Spirit Mountain Casino,"27100 SW Salmon River Hwy, Grand Ronde, OR 97347","Win food & free play prizes; play up to 8 times each day by earning 1,500 points",2025-09-03 00:00:00,2025-09-03 23:59:00,Free-Play
Double Rewards Dollars,ilani,"1 Cowlitz Way, Ridgefield, WA 98642",2x status points,2025-09-03 06:00:00,2025-09-04 05:59:00,Point-Based
Wearable Wednesdays,Lucky Dog Casino,"19330 N US HWY 101, Skokomish, WA 98584","Earn 50 base points. Get a free wearable (Big Football, Washington Football, Lake Cushman, Hood Canal T-shirt).",2025-09-03 10:00:00,2025-09-03 20:00:00,Giveaway
$40 Free Play Wednesdays,Lucky Eagle Casino,"12888 188th Avenue SW, Rochester, WA 98579",$40 Free Play if you play every Wednesday in September,2025-09-03 10:00:00,2025-09-03 23:59:00,Free-Play
Hell’s Kitchen Gift Giveaway,ilani,"1 Cowlitz Way, Ridgefield, WA 98642",Fiery stoneware set,2025-09-03 12:00:00,2025-09-03 20:00:00,Giveaway
Cozy Up With Rewards - Black Flannel Fringe Throw,Wildhorse Casino,"46510 Wildhorse Blvd. Pendleton, OR 97801",Earn 650 slot points for a Black Flannel Fringe Throw.,2025-09-03 12:00:00,2025-09-03 21:00:00,Point-Based
Poppin’ Poro Payouts,Muckleshoot Casino,"3402 Auburn Way South, Auburn, WA 98002","Win up to $4,500 in cash! 6 winners every hour",2025-09-03 17:00:00,2025-09-03 21:00:00,Giveaway
Diamonds Drawing,Red Wind Casino,"12819 Yelm Hwy. SE, Olympia, WA 98513","One guest guaranteed to win $20,000 cash. Plus $20 in slot free play loaded to account.",2025-09-03 20:00:00,2025-09-03 20:00:00,Giveaway
Weekly Loyalty Offer,Red Wind Casino,"12819 Yelm Hwy. SE, Olympia, WA 98513",$20 Free Play,2025-09-04 00:00:00,2025-09-09 23:59:00,Free-Play
Early Bird Multiplier,Emerald Queen Casino,"1820 East 29th Street, Tacoma, WA 98404",Earn up to 12x rewards points.,2025-09-04 06:00:00,2025-09-04 12:00:00,Point-Based
$35 Slot Play,ilani,"1 Cowlitz Way, Ridgefield, WA 98642",$35 slot play,2025-09-04 06:00:00,2025-09-05 05:59:00,Free-Play
Monthly Gift Giveaway,Muckleshoot Casino,"3402 Auburn Way South, Auburn, WA 98002",Gift: 2-pack decorative pillows,2025-09-04 12:00:00,2025-09-04 21:00:00,Giveaway
Gift Giveaway - Wireless Phone Charger Alarm Clock Radio / USB Humidifier / LED Dome Lamp & Speaker,Little Creek Casino,"91 West State Route 108, Shelton, WA 98504","Visit weekly to collect the entire set - no point earning needed. Limit one gift per week, while supplies last.",2025-09-04 13:00:00,2025-09-04 21:00:00,Giveaway
Treasure Hunter,Lucky Dog Casino,"19330 N US HWY 101, Skokomish, WA 98584","Free treasure hunt game. Win up to $2,000 in Lucky Bucks. Bonus game with 101 points.",2025-09-04 14:00:00,2025-09-04 20:00:00,Free-Play
Thursday Night Lights Drawings,Spirit Mountain Casino,"27100 SW Salmon River Hwy, Grand Ronde, OR 97347","Win up to $4,000 cash plus pro team helmets & jerseys",2025-09-04 18:00:00,2025-09-04 19:00:00,Giveaway
Let's Play Thursdays,Legends Casino,"580 Fort Road, Toppenish, WA","One winner every hour — 6pm: $4,000 • 7pm: $6,000 • 8pm: $8,000 • 9pm: $10,000",2025-09-04 18:00:00,2025-09-04 21:00:00,Offer
Fortune Drawings,Red Wind Casino,"12819 Yelm Hwy. SE, Olympia, WA 98513","Win up to $5,000 every 30 minutes",2025-09-04 18:00:00,2025-09-04 21:00:00,Offer
Fall Slot Tournament,ilani,"1 Cowlitz Way, Ridgefield, WA 98642","$3,500 in slot play every hour",2025-09-04 19:00:00,2025-09-04 22:00:00,Free-Play
Extended Summer Sweepstakes Multiplier,ilani,"1 Cowlitz Way, Ridgefield, WA 98642",Entry multiplier,2025-09-05 00:00:00,2025-09-05 23:59:00,Giveaway
Prime Rib Special,Lucky Dog Casino,"19330 N US HWY 101, Skokomish, WA 98584",$5 off prime rib with Club Lucky card.,2025-09-05 00:00:00,2025-09-06 23:59:00,Special-Events
Drift $15 Lucky Bucks,Lucky Dog Casino,"19330 N US HWY 101, Skokomish, WA 98584",$15 Lucky Bucks valid Fri 9/5 - Sun 9/7.,2025-09-05 00:00:00,2025-09-07 23:59:00,Free-Play
$35 Slot Play,ilani,"1 Cowlitz Way, Ridgefield, WA 98642",$35 slot play,2025-09-05 06:00:00,2025-09-07 05:59:00,Free-Play
Military 2X Points,Muckleshoot Casino,"3402 Auburn Way South, Auburn, WA 98002",2X points for military personnel with ID,2025-09-05 07:00:00,2025-09-05 23:00:00,Point-Based
Monthly Gift Giveaway,Muckleshoot Casino,"3402 Auburn Way South, Auburn, WA 98002",Gift: Queen comforter,2025-09-05 10:00:00,2025-09-05 14:00:00,Giveaway
Club Lucky Drawings,Lucky Dog Casino,"19330 N US HWY 101, Skokomish, WA 98584",Cash hot seat drawings based on tier. Bonus cash drawing at 9pm.,2025-09-05 18:00:00,2025-09-05 21:00:00,Giveaway
"$50,000 Roll for the Royal Drawings",Wildhorse Casino,"46510 Wildhorse Blvd. Pendleton, OR 97801",Roll dice to reveal a poker hand. Drawings every Friday & Saturday. 75 points per entry. 10x entry multiplier on Thursdays.,2025-09-05 18:00:00,2025-09-27 22:00:00,Point-Based
$20 Free Play,Lucky Eagle Casino,"12888 188th Avenue SW, Rochester, WA 98579",$20 Free Play,2025-09-06 10:00:00,2025-09-12 23:59:00,Free-Play
"$35,000 VIP Slot Tournament",ilani,"1 Cowlitz Way, Ridgefield, WA 98642","Grand prize $10,000 cash; 2nd $5,000 cash; 3rd $3,000 cash; 4th-6th $2,000 cash; 7th-18th $1,000 cash",2025-09-06 12:00:00,2025-09-06 18:00:00,Giveaway
Midway Money,Muckleshoot Casino,"3402 Auburn Way South, Auburn, WA 98002","Win up to $15,000 in cash! 5 winners every hour",2025-09-06 15:00:00,2025-09-06 21:00:00,Giveaway
Princess® Win a Cruise Giveaway,Lucky Dog Casino,"19330 N US HWY 101, Skokomish, WA 98584","Win Lucky Bucks or a cruise & cash. Winners selected at 7pm, 7:30pm, 8pm, 8:30pm, cruise + $500 cash at 9pm.",2025-09-06 19:00:00,2025-09-06 21:00:00,Giveaway
Reels Mile of Fortune Grand Prize Drawings,Red Wind Casino,"12819 Yelm Hwy. SE, Olympia, WA 98513","Win $25,000 Grand Prize Cash",2025-09-06 21:00:00,2025-09-06 21:00:00,Giveaway
Football Pick ’Em,Emerald Queen Casino,"1820 East 29th Street, Tacoma, WA 98404","Make weekly picks for up to $2,000 cash and $10 free play.",2025-09-07 00:00:00,2025-09-07 23:59:00,Giveaway
Extended Summer Sweepstakes Multiplier,ilani,"1 Cowlitz Way, Ridgefield, WA 98642",Entry multiplier,2025-09-07 00:00:00,2025-09-07 23:59:00,Giveaway
Ringer Entertainment Stay and Play - Complimentary Night Stay,ilani,"1 Cowlitz Way, Ridgefield, WA 98642",Complimentary night stay with reservation required,2025-09-07 00:00:00,2025-09-11 23:59:00,Hospitality-Rewards
$125 Weekly Free Play or Dining Credit - Week 2,Emerald Queen Casino,"1820 East 29th Street, Tacoma, WA 98404",$25 free play or dining credit.,2025-09-07 00:00:00,2025-09-13 23:59:00,Free-Play
Complimentary Hotel Stay - Week 2,Emerald Queen Casino,"1820 East 29th Street, Tacoma, WA 98404",1 complimentary night at EQC Fife.,2025-09-07 00:00:00,2025-09-13 23:59:00,Hospitality-Rewards
$35 Slot Play,ilani,"1 Cowlitz Way, Ridgefield, WA 98642",$35 slot play,2025-09-07 06:00:00,2025-09-09 05:59:00,Free-Play
An Epic Evening Gift Giveaway - Week 1,Lucky Eagle Casino,"12888 188th Avenue SW, Rochester, WA 98579","Free gift with voucher; Versace sunglasses, Coach purse, chance at $18,000 cash grand prize",2025-09-07 10:00:00,2025-09-07 20:00:00,Giveaway
Free Gifts - Bakeware Sets,Spirit Mountain Casino,"27100 SW Salmon River Hwy, Grand Ronde, OR 97347","Bundt Pan, Muffin Pan, Loaf Pan Set, Pie Pan Set; limit one per person, per week; while supplies last",2025-09-07 10:00:00,2025-09-07 20:00:00,Giveaway
Your Lucky Numbers Bingo,Wildhorse Casino,"46510 Wildhorse Blvd. Pendleton, OR 97801","Win up to $1,100 per game. Doors open 11am, Warm Ups 2pm, Main Session 2:30pm.",2025-09-07 11:00:00,2025-09-07 23:59:00,Special-Events
Tailgate Gifting,Lucky Dog Casino,"19330 N US HWY 101, Skokomish, WA 98584",Free gift: Football shaped serving board.,2025-09-07 12:00:00,2025-09-07 18:00:00,Giveaway
$9000 Friendly Hot Seats,Wildhorse Casino,"46510 Wildhorse Blvd. Pendleton, OR 97801",Win $200 freeplay and $50 freeplay for a friend. Drawings every 15 minutes 1–3pm. Limit one $200 freeplay win per player per day.,2025-09-07 13:00:00,2025-09-07 15:00:00,Giveaway
Gift Giveaway - Wireless Phone Charger Alarm Clock Radio / USB Humidifier / LED Dome Lamp & Speaker,Little Creek Casino,"91 West State Route 108, Shelton, WA 98504","Visit weekly to collect the entire set - no point earning needed. Limit one gift per week, while supplies last.",2025-09-07 13:00:00,2025-09-07 21:00:00,Giveaway
$9000 Friendly Hot Seats,Wildhorse Casino,"46510 Wildhorse Blvd. Pendleton, OR 97801",Win $200 freeplay and $50 freeplay for a friend. Drawings every 15 minutes 1–3pm. Limit one $200 freeplay win per player per day.,2025-09-07 13:00:00,2025-09-28 15:00:00,Giveaway
Harvest Full Moon Bonus,Legends Casino,"580 Fort Road, Toppenish, WA",Earn 10X more points,2025-09-07 18:00:00,2025-09-07 23:59:00,Point-Based
Complimentary Night Stay,ilani,"1 Cowlitz Way, Ridgefield, WA 98642","One complimentary night stay (reservation required, subject to availability)",2025-09-08 00:00:00,2025-09-11 23:59:00,Hospitality-Rewards
Drift $15 Lucky Bucks,Lucky Dog Casino,"19330 N US HWY 101, Skokomish, WA 98584",$15 Lucky Bucks valid Mon 9/8 - Thu 9/11.,2025-09-08 00:00:00,2025-09-11 23:59:00,Free-Play
$15 Off Food Voucher,Spirit Mountain Casino,"27100 SW Salmon River Hwy, Grand Ronde, OR 97347",$15 off food once per week,2025-09-08 00:00:00,2025-09-11 23:59:00,Hospitality-Rewards
$10 in Free Play Credits,Quil Ceda Creek Casino,"6221 31st Ave NE, Tulalip, WA 98271",$10 in free play credits,2025-09-08 00:00:00,2025-09-14 23:59:00,Free-Play
Free Topgolf Swing Suite,Spirit Mountain Casino,"27100 SW Salmon River Hwy, Grand Ronde, OR 97347","1 hour of free Topgolf Swing Suite playtime for you and up to 3 guests, valid once per week",2025-09-08 00:00:00,2025-09-14 23:59:00,Offer
Your Choice Promotion,Spirit Mountain Casino,"27100 SW Salmon River Hwy, Grand Ronde, OR 97347",Choose $25 free play or 2x slot points once per week,2025-09-08 00:00:00,2025-09-14 23:59:00,Free-Play
$10 in Free Play Credits,Tulalip Casino,"10200 Quil Ceda Blvd, Tulalip, WA 98271",$10 in free play credits,2025-09-08 00:00:00,2025-09-14 23:59:00,Free-Play
Bonus Entry Mondays,Emerald Queen Casino,"1820 East 29th Street, Tacoma, WA 98404",Receive 500 bonus drawing entries.,2025-09-08 08:00:00,2025-09-08 14:00:00,Giveaway
Free Gifts - Bakeware Sets,Spirit Mountain Casino,"27100 SW Salmon River Hwy, Grand Ronde, OR 97347","Bundt Pan, Muffin Pan, Loaf Pan Set, Pie Pan Set; limit one per person, per week; while supplies last",2025-09-08 10:00:00,2025-09-08 20:00:00,Giveaway
Weekly $20 Xtra Rewards Free Play,Legends Casino,"580 Fort Road, Toppenish, WA",$20 Xtra Rewards Free Play added to your account,2025-09-08 10:00:00,2025-09-14 23:59:00,Free-Play
Touchdown Multiplier,Emerald Queen Casino,"1820 East 29th Street, Tacoma, WA 98404",Earn up to 24x points based on Seahawks touchdowns.,2025-09-08 11:00:00,2025-09-08 20:00:00,Point-Based
Early Bird Multiplier,Emerald Queen Casino,"1820 East 29th Street, Tacoma, WA 98404",Earn up to 12x rewards points.,2025-09-09 06:00:00,2025-09-09 12:00:00,Point-Based
Double Rewards Dollars,ilani,"1 Cowlitz Way, Ridgefield, WA 98642",2x status points,2025-09-09 06:00:00,2025-09-10 05:59:00,Point-Based
$20 Free Play Offer,Muckleshoot Casino,"3402 Auburn Way South, Auburn, WA 98002",$20 free play valid one time,2025-09-09 07:00:00,2025-09-15 23:59:00,Free-Play
Club Lucky Multiplier,Lucky Dog Casino,"19330 N US HWY 101, Skokomish, WA 98584",2x-4x lucky points multiplier based on Club Lucky level.,2025-09-09 10:00:00,2025-09-09 18:00:00,Point-Based
An Epic Evening Gift Giveaway - Week 1,Lucky Eagle Casino,"12888 188th Avenue SW, Rochester, WA 98579","Free gift with voucher; Versace sunglasses, Coach purse, chance at $18,000 cash grand prize",2025-09-09 10:00:00,2025-09-09 20:00:00,Giveaway
Tasty Tuesdays - Free Ice Cream,Spirit Mountain Casino,"27100 SW Salmon River Hwy, Grand Ronde, OR 97347",One free ice cream cup per person per week,2025-09-09 10:00:00,2025-09-09 20:00:00,Offer
Gift Giveaway - Hand Mixer,Legends Casino,"580 Fort Road, Toppenish, WA",60 points for Hand Mixer • One per person • While supplies last,2025-09-09 10:00:00,2025-09-09 23:59:00,Giveaway
Hell’s Kitchen Gift Giveaway,ilani,"1 Cowlitz Way, Ridgefield, WA 98642",Fiery stoneware set,2025-09-09 12:00:00,2025-09-09 20:00:00,Giveaway
Fortune Drawings,Red Wind Casino,"12819 Yelm Hwy. SE, Olympia, WA 98513","Win up to $5,000 every 30 minutes",2025-09-09 18:00:00,2025-09-09 21:00:00,Offer
Golden Scales Kiosk Game,Spirit Mountain Casino,"27100 SW Salmon River Hwy, Grand Ronde, OR 97347","Win food & free play prizes; play up to 8 times each day by earning 1,500 points",2025-09-10 00:00:00,2025-09-10 23:59:00,Free-Play
Weekly Loyalty Offer,Red Wind Casino,"12819 Yelm Hwy. SE, Olympia, WA 98513",$20 Free Play,2025-09-10 00:00:00,2025-09-16 23:59:00,Free-Play
Double Rewards Dollars,ilani,"1 Cowlitz Way, Ridgefield, WA 98642",2x status points,2025-09-10 06:00:00,2025-09-11 05:59:00,Point-Based
Wearable Wednesdays,Lucky Dog Casino,"19330 N US HWY 101, Skokomish, WA 98584","Earn 50 base points. Get a free wearable (Big Football, Washington Football, Lake Cushman, Hood Canal T-shirt).",2025-09-10 10:00:00,2025-09-10 20:00:00,Giveaway
$40 Free Play Wednesdays,Lucky Eagle Casino,"12888 188th Avenue SW, Rochester, WA 98579",$40 Free Play if you play every Wednesday in September,2025-09-10 10:00:00,2025-09-10 23:59:00,Free-Play
Hell’s Kitchen Gift Giveaway,ilani,"1 Cowlitz Way, Ridgefield, WA 98642",Fiery stoneware set,2025-09-10 12:00:00,2025-09-10 20:00:00,Giveaway
Cozy Up With Rewards - Queen Ultra-Soft Sheet Set,Wildhorse Casino,"46510 Wildhorse Blvd. Pendleton, OR 97801",Earn 900 slot points for a Queen Ultra-Soft Sheet Set.,2025-09-10 12:00:00,2025-09-10 21:00:00,Point-Based
Poppin’ Poro Payouts,Muckleshoot Casino,"3402 Auburn Way South, Auburn, WA 98002","Win up to $4,500 in cash! 6 winners every hour",2025-09-10 17:00:00,2025-09-10 21:00:00,Giveaway
Early Bird Multiplier,Emerald Queen Casino,"1820 East 29th Street, Tacoma, WA 98404",Earn up to 12x rewards points.,2025-09-11 06:00:00,2025-09-11 12:00:00,Point-Based
$35 Slot Play,ilani,"1 Cowlitz Way, Ridgefield, WA 98642",$35 slot play,2025-09-11 06:00:00,2025-09-13 05:59:00,Free-Play
Monthly Gift Giveaway,Muckleshoot Casino,"3402 Auburn Way South, Auburn, WA 98002",Gift: 4-piece queen sheet set,2025-09-11 12:00:00,2025-09-11 21:00:00,Giveaway
Gift Giveaway - Wireless Phone Charger Alarm Clock Radio / USB Humidifier / LED Dome Lamp & Speaker,Little Creek Casino,"91 West State Route 108, Shelton, WA 98504","Visit weekly to collect the entire set - no point earning needed. Limit one gift per week, while supplies last.",2025-09-11 13:00:00,2025-09-11 21:00:00,Giveaway
Treasure Hunter,Lucky Dog Casino,"19330 N US HWY 101, Skokomish, WA 98584","Free treasure hunt game. Win up to $2,000 in Lucky Bucks. Bonus game with 101 points.",2025-09-11 14:00:00,2025-09-11 20:00:00,Free-Play
Thursday Night Lights Drawings,Spirit Mountain Casino,"27100 SW Salmon River Hwy, Grand Ronde, OR 97347","Win up to $4,000 cash plus pro team helmets & jerseys",2025-09-11 18:00:00,2025-09-11 19:00:00,Giveaway
Let's Play Thursdays,Legends Casino,"580 Fort Road, Toppenish, WA","One winner every hour — 6pm: $4,000 • 7pm: $6,000 • 8pm: $8,000 • 9pm: $10,000",2025-09-11 18:00:00,2025-09-11 21:00:00,Offer
Fortune Drawings,Red Wind Casino,"12819 Yelm Hwy. SE, Olympia, WA 98513","Win up to $5,000 every 30 minutes",2025-09-11 18:00:00,2025-09-11 21:00:00,Offer
Fall Slot Tournament,ilani,"1 Cowlitz Way, Ridgefield, WA 98642","$3,500 in slot play every hour",2025-09-11 19:00:00,2025-09-11 22:00:00,Free-Play
Extended Summer Sweepstakes Multiplier,ilani,"1 Cowlitz Way, Ridgefield, WA 98642",Entry multiplier,2025-09-12 00:00:00,2025-09-12 23:59:00,Giveaway
Prime Rib Special,Lucky Dog Casino,"19330 N US HWY 101, Skokomish, WA 98584",$5 off prime rib with Club Lucky card.,2025-09-12 00:00:00,2025-09-13 23:59:00,Special-Events
Drift $15 Lucky Bucks,Lucky Dog Casino,"19330 N US HWY 101, Skokomish, WA 98584",$15 Lucky Bucks valid Fri 9/12 - Sun 9/14.,2025-09-12 00:00:00,2025-09-14 23:59:00,Free-Play
Monthly Gift Giveaway,Muckleshoot Casino,"3402 Auburn Way South, Auburn, WA 98002",Gift: Flannel fleece throw blanket,2025-09-12 10:00:00,2025-09-12 14:00:00,Giveaway
Ferris Wheel Free Play,Muckleshoot Casino,"3402 Auburn Way South, Auburn, WA 98002","Win your share of $50,000 in free play! 10 winners every half hour",2025-09-12 17:00:00,2025-09-12 21:30:00,Free-Play
Club Lucky Drawings,Lucky Dog Casino,"19330 N US HWY 101, Skokomish, WA 98584",Cash hot seat drawings based on tier. Bonus cash drawing at 9pm.,2025-09-12 18:00:00,2025-09-12 21:00:00,Giveaway
VIP Exclusive Invite - Dude Kick Back in Style Fitting,Lucky Eagle Casino,"12888 188th Avenue SW, Rochester, WA 98579",Exclusive fitting event (invite only),2025-09-13 00:00:00,2025-09-13 23:59:00,Special-Events
Ruby Exclusive Kiosk Game,Spirit Mountain Casino,"27100 SW Salmon River Hwy, Grand Ronde, OR 97347",Exclusive kiosk game for Ruby members to win food or free play,2025-09-13 00:00:00,2025-09-13 23:59:00,Free-Play
Daytime Bonus Slot Play,ilani,"1 Cowlitz Way, Ridgefield, WA 98642",$40 slot play,2025-09-13 06:00:00,2025-09-13 18:00:00,Free-Play
$20 Free Play,Lucky Eagle Casino,"12888 188th Avenue SW, Rochester, WA 98579",$20 Free Play,2025-09-13 10:00:00,2025-09-19 23:59:00,Free-Play
Princess® Win a Cruise Giveaway,Lucky Dog Casino,"19330 N US HWY 101, Skokomish, WA 98584","Win Lucky Bucks or a cruise & cash. Winners selected at 7pm, 7:30pm, 8pm, 8:30pm, cruise + $500 cash at 9pm.",2025-09-13 19:00:00,2025-09-13 21:00:00,Giveaway
Reels Mile of Fortune Grand Prize Drawings,Red Wind Casino,"12819 Yelm Hwy. SE, Olympia, WA 98513","Win $25,000 Grand Prize Cash",2025-09-13 21:00:00,2025-09-13 21:00:00,Giveaway
Football Pick ’Em,Emerald Queen Casino,"1820 East 29th Street, Tacoma, WA 98404","Make weekly picks for up to $2,000 cash and $10 free play.",2025-09-14 00:00:00,2025-09-14 23:59:00,Giveaway
Extended Summer Sweepstakes Multiplier,ilani,"1 Cowlitz Way, Ridgefield, WA 98642",Entry multiplier,2025-09-14 00:00:00,2025-09-14 23:59:00,Giveaway
Ringer Entertainment Stay and Play - Complimentary Night Stay,ilani,"1 Cowlitz Way, Ridgefield, WA 98642",Complimentary night stay with reservation required,2025-09-14 00:00:00,2025-09-18 23:59:00,Hospitality-Rewards
$125 Weekly Free Play or Dining Credit - Week 3,Emerald Queen Casino,"1820 East 29th Street, Tacoma, WA 98404",$25 free play or dining credit.,2025-09-14 00:00:00,2025-09-20 23:59:00,Free-Play
Complimentary Hotel Stay - Week 3,Emerald Queen Casino,"1820 East 29th Street, Tacoma, WA 98404",1 complimentary night at EQC Fife.,2025-09-14 00:00:00,2025-09-20 23:59:00,Hospitality-Rewards
$35 Slot Play,ilani,"1 Cowlitz Way, Ridgefield, WA 98642",$35 slot play,2025-09-14 06:00:00,2025-09-16 05:59:00,Free-Play
Collect Your Free Play,Muckleshoot Casino,"3402 Auburn Way South, Auburn, WA 98002",Guaranteed Free Play for all participants,2025-09-14 10:00:00,2025-09-14 18:00:00,Free-Play
An Epic Evening Gift Giveaway - Week 2,Lucky Eagle Casino,"12888 188th Avenue SW, Rochester, WA 98579","Free gift with voucher; Versace sunglasses, Coach purse, chance at $18,000 cash grand prize",2025-09-14 10:00:00,2025-09-14 20:00:00,Giveaway
Free Gifts - Bakeware Sets,Spirit Mountain Casino,"27100 SW Salmon River Hwy, Grand Ronde, OR 97347","Bundt Pan, Muffin Pan, Loaf Pan Set, Pie Pan Set; limit one per person, per week; while supplies last",2025-09-14 10:00:00,2025-09-14 20:00:00,Giveaway
Tailgate Gifting,Lucky Dog Casino,"19330 N US HWY 101, Skokomish, WA 98584",Free gift: 20 oz. mini football themed warmer.,2025-09-14 12:00:00,2025-09-14 18:00:00,Giveaway
$9000 Friendly Hot Seats,Wildhorse Casino,"46510 Wildhorse Blvd. Pendleton, OR 97801",Win $200 freeplay and $50 freeplay for a friend. Drawings every 15 minutes 1–3pm. Limit one $200 freeplay win per player per day.,2025-09-14 13:00:00,2025-09-14 15:00:00,Giveaway
Gift Giveaway - Wireless Phone Charger Alarm Clock Radio / USB Humidifier / LED Dome Lamp & Speaker,Little Creek Casino,"91 West State Route 108, Shelton, WA 98504","Visit weekly to collect the entire set - no point earning needed. Limit one gift per week, while supplies last.",2025-09-14 13:00:00,2025-09-14 21:00:00,Giveaway
Complimentary Night Stay,ilani,"1 Cowlitz Way, Ridgefield, WA 98642",Complimentary night stay with reservation required,2025-09-15 00:00:00,2025-09-18 23:59:00,Hospitality-Rewards
Drift $15 Lucky Bucks,Lucky Dog Casino,"19330 N US HWY 101, Skokomish, WA 98584",$15 Lucky Bucks valid Mon 9/15 - Thu 9/18.,2025-09-15 00:00:00,2025-09-18 23:59:00,Free-Play
$15 Off Food Voucher,Spirit Mountain Casino,"27100 SW Salmon River Hwy, Grand Ronde, OR 97347",$15 off food once per week,2025-09-15 00:00:00,2025-09-18 23:59:00,Hospitality-Rewards
$10 in Free Play Credits,Quil Ceda Creek Casino,"6221 31st Ave NE, Tulalip, WA 98271",$10 in free play credits,2025-09-15 00:00:00,2025-09-21 23:59:00,Free-Play
Free Topgolf Swing Suite,Spirit Mountain Casino,"27100 SW Salmon River Hwy, Grand Ronde, OR 97347","1 hour of free Topgolf Swing Suite playtime for you and up to 3 guests, valid once per week",2025-09-15 00:00:00,2025-09-21 23:59:00,Offer
Your Choice Promotion,Spirit Mountain Casino,"27100 SW Salmon River Hwy, Grand Ronde, OR 97347",Choose $25 free play or 2x slot points once per week,2025-09-15 00:00:00,2025-09-21 23:59:00,Free-Play
$10 in Free Play Credits,Tulalip Casino,"10200 Quil Ceda Blvd, Tulalip, WA 98271",$10 in free play credits,2025-09-15 00:00:00,2025-09-21 23:59:00,Free-Play
Bonus Entry Mondays,Emerald Queen Casino,"1820 East 29th Street, Tacoma, WA 98404",Receive 500 bonus drawing entries.,2025-09-15 08:00:00,2025-09-15 14:00:00,Giveaway
Level Up Multiplier,Muckleshoot Casino,"3402 Auburn Way South, Auburn, WA 98002",Earn up to 5X points,2025-09-15 10:00:00,2025-09-15 20:00:00,Point-Based
Free Gifts - Bakeware Sets,Spirit Mountain Casino,"27100 SW Salmon River Hwy, Grand Ronde, OR 97347","Bundt Pan, Muffin Pan, Loaf Pan Set, Pie Pan Set; limit one per person, per week; while supplies last",2025-09-15 10:00:00,2025-09-15 20:00:00,Giveaway
Weekly $20 Xtra Rewards Free Play,Legends Casino,"580 Fort Road, Toppenish, WA",$20 Xtra Rewards Free Play added to your account,2025-09-15 10:00:00,2025-09-21 23:59:00,Free-Play
Touchdown Multiplier,Emerald Queen Casino,"1820 East 29th Street, Tacoma, WA 98404",Earn up to 24x points based on Seahawks touchdowns.,2025-09-15 11:00:00,2025-09-15 20:00:00,Point-Based
Dining & Shopping Rewards,ilani,"1 Cowlitz Way, Ridgefield, WA 98642",$15 dining & shopping rewards,2025-09-16 00:00:00,2025-09-30 23:59:00,Hospitality-Rewards
Early Bird Multiplier,Emerald Queen Casino,"1820 East 29th Street, Tacoma, WA 98404",Earn up to 12x rewards points.,2025-09-16 06:00:00,2025-09-16 12:00:00,Point-Based
Double Rewards Dollars,ilani,"1 Cowlitz Way, Ridgefield, WA 98642",2x status points,2025-09-16 06:00:00,2025-09-17 05:59:00,Point-Based
Club Lucky Multiplier,Lucky Dog Casino,"19330 N US HWY 101, Skokomish, WA 98584",2x-4x lucky points multiplier based on Club Lucky level.,2025-09-16 10:00:00,2025-09-16 18:00:00,Point-Based
An Epic Evening Gift Giveaway - Week 2,Lucky Eagle Casino,"12888 188th Avenue SW, Rochester, WA 98579","Free gift with voucher; Versace sunglasses, Coach purse, chance at $18,000 cash grand prize",2025-09-16 10:00:00,2025-09-16 20:00:00,Giveaway
Tasty Tuesdays - Free Ice Cream,Spirit Mountain Casino,"27100 SW Salmon River Hwy, Grand Ronde, OR 97347",One free ice cream cup per person per week,2025-09-16 10:00:00,2025-09-16 20:00:00,Offer
2X Tuesdays,Legends Casino,"580 Fort Road, Toppenish, WA",Earn 2X points,2025-09-16 10:00:00,2025-09-16 23:59:00,Point-Based
Hell’s Kitchen Gift Giveaway,ilani,"1 Cowlitz Way, Ridgefield, WA 98642",Fiery stoneware set,2025-09-16 12:00:00,2025-09-16 20:00:00,Giveaway
Fortune Drawings,Red Wind Casino,"12819 Yelm Hwy. SE, Olympia, WA 98513","Win up to $5,000 every 30 minutes",2025-09-16 18:00:00,2025-09-16 21:00:00,Offer
Golden Scales Kiosk Game,Spirit Mountain Casino,"27100 SW Salmon River Hwy, Grand Ronde, OR 97347","Win food & free play prizes; play up to 8 times each day by earning 1,500 points",2025-09-17 00:00:00,2025-09-17 23:59:00,Free-Play
Weekly Loyalty Offer,Red Wind Casino,"12819 Yelm Hwy. SE, Olympia, WA 98513",$20 Free Play,2025-09-17 00:00:00,2025-09-23 23:59:00,Free-Play
Double Rewards Dollars,ilani,"1 Cowlitz Way, Ridgefield, WA 98642",2x status points,2025-09-17 06:00:00,2025-09-18 05:59:00,Point-Based
Wearable Wednesdays,Lucky Dog Casino,"19330 N US HWY 101, Skokomish, WA 98584","Earn 50 base points. Get a free wearable (Big Football, Washington Football, Lake Cushman, Hood Canal T-shirt).",2025-09-17 10:00:00,2025-09-17 20:00:00,Giveaway
$40 Free Play Wednesdays,Lucky Eagle Casino,"12888 188th Avenue SW, Rochester, WA 98579",$40 Free Play if you play every Wednesday in September,2025-09-17 10:00:00,2025-09-17 23:59:00,Free-Play
Hell’s Kitchen Gift Giveaway,ilani,"1 Cowlitz Way, Ridgefield, WA 98642",Fiery stoneware set,2025-09-17 12:00:00,2025-09-17 20:00:00,Giveaway
Cozy Up With Rewards - Queen Three-Piece Quilted Coverlet & Shams,Wildhorse Casino,"46510 Wildhorse Blvd. Pendleton, OR 97801","Earn 1,500 slot points for a Queen Three-Piece Quilted Coverlet & Shams.",2025-09-17 12:00:00,2025-09-17 21:00:00,Point-Based
Poppin’ Poro Payouts,Muckleshoot Casino,"3402 Auburn Way South, Auburn, WA 98002","Win up to $4,500 in cash! 6 winners every hour",2025-09-17 17:00:00,2025-09-17 21:00:00,Giveaway
Early Bird Multiplier,Emerald Queen Casino,"1820 East 29th Street, Tacoma, WA 98404",Earn up to 12x rewards points.,2025-09-18 06:00:00,2025-09-18 12:00:00,Point-Based
$35 Slot Play,ilani,"1 Cowlitz Way, Ridgefield, WA 98642",$35 slot play,2025-09-18 06:00:00,2025-09-19 05:59:00,Free-Play
Monthly Gift Giveaway,Muckleshoot Casino,"3402 Auburn Way South, Auburn, WA 98002",Gift: 2-pack decorative pillows,2025-09-18 12:00:00,2025-09-18 21:00:00,Giveaway
Gift Giveaway - Wireless Phone Charger Alarm Clock Radio / USB Humidifier / LED Dome Lamp & Speaker,Little Creek Casino,"91 West State Route 108, Shelton, WA 98504","Visit weekly to collect the entire set - no point earning needed. Limit one gift per week, while supplies last.",2025-09-18 13:00:00,2025-09-18 21:00:00,Giveaway
Treasure Hunter,Lucky Dog Casino,"19330 N US HWY 101, Skokomish, WA 98584","Free treasure hunt game. Win up to $2,000 in Lucky Bucks. Bonus game with 101 points.",2025-09-18 14:00:00,2025-09-18 20:00:00,Free-Play
Thursday Night Lights Drawings,Spirit Mountain Casino,"27100 SW Salmon River Hwy, Grand Ronde, OR 97347","Win up to $4,000 cash plus pro team helmets & jerseys",2025-09-18 18:00:00,2025-09-18 19:00:00,Giveaway
Let's Play Thursdays,Legends Casino,"580 Fort Road, Toppenish, WA","One winner every hour — 6pm: $4,000 • 7pm: $6,000 • 8pm: $8,000 • 9pm: $10,000",2025-09-18 18:00:00,2025-09-18 21:00:00,Offer
Fortune Drawings,Red Wind Casino,"12819 Yelm Hwy. SE, Olympia, WA 98513","Win up to $5,000 every 30 minutes",2025-09-18 18:00:00,2025-09-18 21:00:00,Offer
Fall Slot Tournament,ilani,"1 Cowlitz Way, Ridgefield, WA 98642","$3,500 in slot play every hour",2025-09-18 19:00:00,2025-09-18 22:00:00,Free-Play
Extended Summer Sweepstakes Multiplier,ilani,"1 Cowlitz Way, Ridgefield, WA 98642",Entry multiplier,2025-09-19 00:00:00,2025-09-19 23:59:00,Giveaway
Golden Fruit,ilani,"1 Cowlitz Way, Ridgefield, WA 98642","Free pick for up to $1,000 promo play (min $20)",2025-09-19 00:00:00,2025-09-19 23:59:00,Free-Play
VIP Offer - Free Entry and Food Credits,ilani,"1 Cowlitz Way, Ridgefield, WA 98642","Free entry for two to one session of Wine & Food Festival, $30 food credits, VIP drink pass available for $10",2025-09-19 00:00:00,2025-09-19 23:59:00,Hospitality-Rewards
Prime Rib Special,Lucky Dog Casino,"19330 N US HWY 101, Skokomish, WA 98584",$5 off prime rib with Club Lucky card.,2025-09-19 00:00:00,2025-09-20 23:59:00,Special-Events
Drift $15 Lucky Bucks,Lucky Dog Casino,"19330 N US HWY 101, Skokomish, WA 98584",$15 Lucky Bucks valid Fri 9/19 - Sun 9/21.,2025-09-19 00:00:00,2025-09-21 23:59:00,Free-Play
$20 Free Play Offer,Muckleshoot Casino,"3402 Auburn Way South, Auburn, WA 98002",$20 free play valid one time,2025-09-19 07:00:00,2025-09-23 23:59:00,Free-Play
Monthly Gift Giveaway,Muckleshoot Casino,"3402 Auburn Way South, Auburn, WA 98002",Gift: Queen comforter,2025-09-19 10:00:00,2025-09-19 14:00:00,Giveaway
Closet Clean Out Gift Giveaway,Red Wind Casino,"12819 Yelm Hwy. SE, Olympia, WA 98513","Earn 25,000 points to receive a Foot Spa",2025-09-19 12:00:00,2025-09-19 20:00:00,Giveaway
Club Lucky Drawings,Lucky Dog Casino,"19330 N US HWY 101, Skokomish, WA 98584",Cash hot seat drawings based on tier. Bonus cash drawing at 9pm.,2025-09-19 18:00:00,2025-09-19 21:00:00,Giveaway
VIP Offer - Free Entry and Food Credits,ilani,"1 Cowlitz Way, Ridgefield, WA 98642","Free entry for two to one session of Wine & Food Festival, $30 food credits, VIP drink pass available for $10",2025-09-20 00:00:00,2025-09-20 23:59:00,Hospitality-Rewards
Oregon State Rivalry Game,Spirit Mountain Casino,"27100 SW Salmon River Hwy, Grand Ronde, OR 97347",All-you-can-eat buffet of tailgate favorites; 3 drawing tickets to win Duck or Beaver prizes; tickets $45,2025-09-20 00:00:00,2025-09-20 23:59:00,Giveaway
Wine & Food Festival,ilani,"1 Cowlitz Way, Ridgefield, WA 98642","Sip, sample & savor hundreds of wines, beers, spirits",2025-09-20 00:00:00,2025-09-21 23:59:00,Hospitality-Rewards
$20 Free Play,Lucky Eagle Casino,"12888 188th Avenue SW, Rochester, WA 98579",$20 Free Play,2025-09-20 10:00:00,2025-09-26 23:59:00,Free-Play
Wine & Food Festival - Grand Tasting Session One,ilani,"1 Cowlitz Way, Ridgefield, WA 98642",$10 promo play upon entry,2025-09-20 12:00:00,2025-09-20 16:00:00,Free-Play
"$68,000 Winefest Giveaway",ilani,"1 Cowlitz Way, Ridgefield, WA 98642","$1,000 promo play hot seats every 20 minutes, $25,000 cash grand prize at 18:30",2025-09-20 15:30:00,2025-09-20 18:30:00,Giveaway
Vintage Elite Crue Performance,ilani,"1 Cowlitz Way, Ridgefield, WA 98642",,2025-09-20 16:00:00,2025-09-20 17:30:00,Offer
Oktoberfest Hot Seats,Lucky Eagle Casino,"12888 188th Avenue SW, Rochester, WA 98579",Hot seat winners every 30 minutes,2025-09-20 16:00:00,2025-09-20 21:00:00,Giveaway
Ferris Reels and Four Wheels,Muckleshoot Casino,"3402 Auburn Way South, Auburn, WA 98002",Win a brand-new Jeep Wrangler Rubicon! 10 winners every hour,2025-09-20 17:00:00,2025-09-20 20:00:00,Offer
Wine & Food Festival - Grand Tasting Session Two,ilani,"1 Cowlitz Way, Ridgefield, WA 98642",$10 promo play upon entry,2025-09-20 17:00:00,2025-09-20 21:00:00,Free-Play
Princess® Win a Cruise Giveaway,Lucky Dog Casino,"19330 N US HWY 101, Skokomish, WA 98584","Win Lucky Bucks or a cruise & cash. Winners selected at 7pm, 7:30pm, 8pm, 8:30pm, cruise + $500 cash at 9pm.",2025-09-20 19:00:00,2025-09-20 21:00:00,Giveaway
Reels Mile of Fortune Grand Prize Drawings,Red Wind Casino,"12819 Yelm Hwy. SE, Olympia, WA 98513","Win $25,000 Grand Prize Cash",2025-09-20 21:00:00,2025-09-20 21:00:00,Giveaway
Football Pick ’Em,Emerald Queen Casino,"1820 East 29th Street, Tacoma, WA 98404","Make weekly picks for up to $2,000 cash and $10 free play.",2025-09-21 00:00:00,2025-09-21 23:59:00,Giveaway
Extended Summer Sweepstakes Multiplier,ilani,"1 Cowlitz Way, Ridgefield, WA 98642",Entry multiplier,2025-09-21 00:00:00,2025-09-21 23:59:00,Giveaway
VIP Offer - Free Entry and Food Credits,ilani,"1 Cowlitz Way, Ridgefield, WA 98642","Free entry for two to one session of Wine & Food Festival, $30 food credits, VIP drink pass available for $10",2025-09-21 00:00:00,2025-09-21 23:59:00,Hospitality-Rewards
$125 Weekly Free Play or Dining Credit - Week 4,Emerald Queen Casino,"1820 East 29th Street, Tacoma, WA 98404",$25 free play or dining credit.,2025-09-21 00:00:00,2025-09-27 23:59:00,Free-Play
Complimentary Hotel Stay - Week 4,Emerald Queen Casino,"1820 East 29th Street, Tacoma, WA 98404",1 complimentary night at EQC Fife.,2025-09-21 00:00:00,2025-09-27 23:59:00,Hospitality-Rewards
An Epic Evening Gift Giveaway - Week 3,Lucky Eagle Casino,"12888 188th Avenue SW, Rochester, WA 98579","Free gift with voucher; Versace sunglasses, Coach purse, chance at $18,000 cash grand prize",2025-09-21 10:00:00,2025-09-21 20:00:00,Giveaway
Free Gifts - Bakeware Sets,Spirit Mountain Casino,"27100 SW Salmon River Hwy, Grand Ronde, OR 97347","Bundt Pan, Muffin Pan, Loaf Pan Set, Pie Pan Set; limit one per person, per week; while supplies last",2025-09-21 10:00:00,2025-09-21 20:00:00,Giveaway
Tailgate Gifting,Lucky Dog Casino,"19330 N US HWY 101, Skokomish, WA 98584",Free gift: Four-piece football serving bowls.,2025-09-21 12:00:00,2025-09-21 18:00:00,Giveaway
Squishmallow Giveaway,Muckleshoot Casino,"3402 Auburn Way South, Auburn, WA 98002","Receive a 12"" Squishmallow plush by redeeming a voucher at the Muckleshoot Rewards Center",2025-09-21 12:00:00,2025-09-21 21:00:00,Giveaway
$9000 Friendly Hot Seats,Wildhorse Casino,"46510 Wildhorse Blvd. Pendleton, OR 97801",Win $200 freeplay and $50 freeplay for a friend. Drawings every 15 minutes 1–3pm. Limit one $200 freeplay win per player per day.,2025-09-21 13:00:00,2025-09-21 15:00:00,Giveaway
Wine & Food Festival - Grand Tasting Sunday Session,ilani,"1 Cowlitz Way, Ridgefield, WA 98642",$10 promo play upon entry,2025-09-21 13:00:00,2025-09-21 17:00:00,Free-Play
Gift Giveaway - Wireless Phone Charger Alarm Clock Radio / USB Humidifier / LED Dome Lamp & Speaker,Little Creek Casino,"91 West State Route 108, Shelton, WA 98504","Visit weekly to collect the entire set - no point earning needed. Limit one gift per week, while supplies last.",2025-09-21 13:00:00,2025-09-21 21:00:00,Giveaway
"$68,000 Winefest Giveaway",ilani,"1 Cowlitz Way, Ridgefield, WA 98642","$1,000 promo play hot seats every 20 minutes, $25,000 cash grand prize at 18:30",2025-09-21 15:30:00,2025-09-21 18:30:00,Giveaway
Ringer Entertainment Stay and Play - Complimentary Night Stay,ilani,"1 Cowlitz Way, Ridgefield, WA 98642",Complimentary night stay with reservation required,2025-09-22 00:00:00,2025-09-25 23:59:00,Hospitality-Rewards
Drift $15 Lucky Bucks,Lucky Dog Casino,"19330 N US HWY 101, Skokomish, WA 98584",$15 Lucky Bucks valid Mon 9/22 - Thu 9/25.,2025-09-22 00:00:00,2025-09-25 23:59:00,Free-Play
$15 Off Food Voucher,Spirit Mountain Casino,"27100 SW Salmon River Hwy, Grand Ronde, OR 97347",$15 off food once per week,2025-09-22 00:00:00,2025-09-25 23:59:00,Hospitality-Rewards
Free Topgolf Swing Suite,Spirit Mountain Casino,"27100 SW Salmon River Hwy, Grand Ronde, OR 97347","1 hour of free Topgolf Swing Suite playtime for you and up to 3 guests, valid once per week",2025-09-22 00:00:00,2025-09-28 23:59:00,Offer
Your Choice Promotion,Spirit Mountain Casino,"27100 SW Salmon River Hwy, Grand Ronde, OR 97347",Choose $25 free play or 2x slot points once per week,2025-09-22 00:00:00,2025-09-28 23:59:00,Free-Play
$10 in Free Play Credits,Quil Ceda Creek Casino,"6221 31st Ave NE, Tulalip, WA 98271",$10 in free play credits,2025-09-22 00:00:00,2025-09-30 23:59:00,Free-Play
$10 in Free Play Credits,Tulalip Casino,"10200 Quil Ceda Blvd, Tulalip, WA 98271",$10 in free play credits,2025-09-22 00:00:00,2025-09-30 23:59:00,Free-Play
$35 Slot Play,ilani,"1 Cowlitz Way, Ridgefield, WA 98642",$35 slot play,2025-09-22 06:00:00,2025-09-23 05:59:00,Free-Play
Bonus Entry Mondays,Emerald Queen Casino,"1820 East 29th Street, Tacoma, WA 98404",Receive 500 bonus drawing entries.,2025-09-22 08:00:00,2025-09-22 14:00:00,Giveaway
Level Up Multiplier,Muckleshoot Casino,"3402 Auburn Way South, Auburn, WA 98002",Earn up to 5X points,2025-09-22 10:00:00,2025-09-22 20:00:00,Point-Based
Free Gifts - Bakeware Sets,Spirit Mountain Casino,"27100 SW Salmon River Hwy, Grand Ronde, OR 97347","Bundt Pan, Muffin Pan, Loaf Pan Set, Pie Pan Set; limit one per person, per week; while supplies last",2025-09-22 10:00:00,2025-09-22 20:00:00,Giveaway
Weekly $20 Xtra Rewards Free Play,Legends Casino,"580 Fort Road, Toppenish, WA",$20 Xtra Rewards Free Play added to your account,2025-09-22 10:00:00,2025-09-28 23:59:00,Free-Play
Touchdown Multiplier,Emerald Queen Casino,"1820 East 29th Street, Tacoma, WA 98404",Earn up to 24x points based on Seahawks touchdowns.,2025-09-22 11:00:00,2025-09-22 20:00:00,Point-Based
Early Bird Multiplier,Emerald Queen Casino,"1820 East 29th Street, Tacoma, WA 98404",Earn up to 12x rewards points.,2025-09-23 06:00:00,2025-09-23 12:00:00,Point-Based
Double Rewards Dollars,ilani,"1 Cowlitz Way, Ridgefield, WA 98642",2x status points,2025-09-23 06:00:00,2025-09-24 05:59:00,Point-Based
Hotel Offer,Snoqualmie Casino,"37500 SE North Bend Way, Snoqualmie, WA 98065","$100 nightly Fri-Sat; $70 nightly Sun-Thurs, limit 2 nights each week",2025-09-23 06:00:00,2025-11-02 23:59:00,Hospitality-Rewards
Club Lucky Multiplier,Lucky Dog Casino,"19330 N US HWY 101, Skokomish, WA 98584",2x-4x lucky points multiplier based on Club Lucky level.,2025-09-23 10:00:00,2025-09-23 18:00:00,Point-Based
An Epic Evening Gift Giveaway - Week 3,Lucky Eagle Casino,"12888 188th Avenue SW, Rochester, WA 98579","Free gift with voucher; Versace sunglasses, Coach purse, chance at $18,000 cash grand prize",2025-09-23 10:00:00,2025-09-23 20:00:00,Giveaway
Tasty Tuesdays - Free Ice Cream,Spirit Mountain Casino,"27100 SW Salmon River Hwy, Grand Ronde, OR 97347",One free ice cream cup per person per week,2025-09-23 10:00:00,2025-09-23 20:00:00,Offer
Gift Giveaway - Electric Blender,Legends Casino,"580 Fort Road, Toppenish, WA",Electric Blender • One per person • While supplies last,2025-09-23 10:00:00,2025-09-23 23:59:00,Giveaway
Your Gift: Your Choice,Muckleshoot Casino,"3402 Auburn Way South, Auburn, WA 98002",Earn 1 gift every 750 base points (limit 4 gifts),2025-09-23 11:00:00,2025-09-23 19:00:00,Giveaway
Hell’s Kitchen Gift Giveaway,ilani,"1 Cowlitz Way, Ridgefield, WA 98642",Fiery stoneware set,2025-09-23 12:00:00,2025-09-23 20:00:00,Giveaway
Fortune Drawings,Red Wind Casino,"12819 Yelm Hwy. SE, Olympia, WA 98513","Win up to $5,000 every 30 minutes",2025-09-23 18:00:00,2025-09-23 21:00:00,Offer
Golden Scales Kiosk Game,Spirit Mountain Casino,"27100 SW Salmon River Hwy, Grand Ronde, OR 97347","Win food & free play prizes; play up to 8 times each day by earning 1,500 points",2025-09-24 00:00:00,2025-09-24 23:59:00,Free-Play
Weekly Loyalty Offer,Red Wind Casino,"12819 Yelm Hwy. SE, Olympia, WA 98513",$20 Free Play,2025-09-24 00:00:00,2025-09-30 23:59:00,Free-Play
Double Rewards Dollars,ilani,"1 Cowlitz Way, Ridgefield, WA 98642",2x status points,2025-09-24 06:00:00,2025-09-25 05:59:00,Point-Based
$20 Free Play Offer,Muckleshoot Casino,"3402 Auburn Way South, Auburn, WA 98002",$20 free play valid one time,2025-09-24 07:00:00,2025-09-29 23:59:00,Free-Play
Wearable Wednesdays,Lucky Dog Casino,"19330 N US HWY 101, Skokomish, WA 98584","Earn 50 base points. Get a free wearable (Big Football, Washington Football, Lake Cushman, Hood Canal T-shirt).",2025-09-24 10:00:00,2025-09-24 20:00:00,Giveaway
$40 Free Play Wednesdays,Lucky Eagle Casino,"12888 188th Avenue SW, Rochester, WA 98579",$40 Free Play if you play every Wednesday in September,2025-09-24 10:00:00,2025-09-24 23:59:00,Free-Play
Hell’s Kitchen Gift Giveaway,ilani,"1 Cowlitz Way, Ridgefield, WA 98642",Fiery stoneware set,2025-09-24 12:00:00,2025-09-24 20:00:00,Giveaway
Closet Clean Out Gift Giveaway,Red Wind Casino,"12819 Yelm Hwy. SE, Olympia, WA 98513","Earn 5,000 points to receive a Free Gift",2025-09-24 12:00:00,2025-09-24 20:00:00,Giveaway
Cozy Up With Rewards - Six-Piece Soft Bath Towel Set,Wildhorse Casino,"46510 Wildhorse Blvd. Pendleton, OR 97801","Earn 1,100 slot points for a Six-Piece Soft Bath Towel Set.",2025-09-24 12:00:00,2025-09-24 21:00:00,Point-Based
Poppin’ Poro Payouts,Muckleshoot Casino,"3402 Auburn Way South, Auburn, WA 98002","Win up to $4,500 in cash! 6 winners every hour",2025-09-24 17:00:00,2025-09-24 21:00:00,Giveaway
Early Bird Multiplier,Emerald Queen Casino,"1820 East 29th Street, Tacoma, WA 98404",Earn up to 12x rewards points.,2025-09-25 06:00:00,2025-09-25 12:00:00,Point-Based
$35 Slot Play,ilani,"1 Cowlitz Way, Ridgefield, WA 98642",$35 slot play,2025-09-25 06:00:00,2025-09-27 05:59:00,Free-Play
Monthly Gift Giveaway,Muckleshoot Casino,"3402 Auburn Way South, Auburn, WA 98002",Gift: 4-piece queen sheet set,2025-09-25 12:00:00,2025-09-25 21:00:00,Giveaway
Gift Giveaway - Wireless Phone Charger Alarm Clock Radio / USB Humidifier / LED Dome Lamp & Speaker,Little Creek Casino,"91 West State Route 108, Shelton, WA 98504","Visit weekly to collect the entire set - no point earning needed. Limit one gift per week, while supplies last.",2025-09-25 13:00:00,2025-09-25 21:00:00,Giveaway
Treasure Hunter,Lucky Dog Casino,"19330 N US HWY 101, Skokomish, WA 98584","Free treasure hunt game. Win up to $2,000 in Lucky Bucks. Bonus game with 101 points.",2025-09-25 14:00:00,2025-09-25 20:00:00,Free-Play
Thursday Night Watch Party,Lucky Dog Casino,"19330 N US HWY 101, Skokomish, WA 98584",Seattle football game kick-off. Drawings for team gear + $50 Drift gift card.,2025-09-25 17:15:00,2025-09-25 23:59:00,Giveaway
Thursday Night Lights Drawings,Spirit Mountain Casino,"27100 SW Salmon River Hwy, Grand Ronde, OR 97347","Win up to $4,000 cash plus pro team helmets & jerseys",2025-09-25 18:00:00,2025-09-25 19:00:00,Giveaway
Let's Play Thursdays,Legends Casino,"580 Fort Road, Toppenish, WA","One winner every hour — 6pm: $4,000 • 7pm: $6,000 • 8pm: $8,000 • 9pm: $10,000",2025-09-25 18:00:00,2025-09-25 21:00:00,Offer
Fortune Drawings,Red Wind Casino,"12819 Yelm Hwy. SE, Olympia, WA 98513","Win up to $5,000 every 30 minutes",2025-09-25 18:00:00,2025-09-25 21:00:00,Offer
Fall Slot Tournament,ilani,"1 Cowlitz Way, Ridgefield, WA 98642","$3,500 in slot play every hour",2025-09-25 19:00:00,2025-09-25 22:00:00,Free-Play
Extended Summer Sweepstakes Multiplier,ilani,"1 Cowlitz Way, Ridgefield, WA 98642",Entry multiplier,2025-09-26 00:00:00,2025-09-26 23:59:00,Giveaway
Prime Rib Special,Lucky Dog Casino,"19330 N US HWY 101, Skokomish, WA 98584",$5 off prime rib with Club Lucky card.,2025-09-26 00:00:00,2025-09-27 23:59:00,Special-Events
Drift $15 Lucky Bucks,Lucky Dog Casino,"19330 N US HWY 101, Skokomish, WA 98584",$15 Lucky Bucks valid Fri 9/26 - Sun 9/28.,2025-09-26 00:00:00,2025-09-28 23:59:00,Free-Play
Gift Card Earning Promotion,ilani,"1 Cowlitz Way, Ridgefield, WA 98642",Earn $20 Amazon or Visa gift card for every 25 status points (up to 5 additional gift cards),2025-09-26 06:00:00,2025-09-26 20:00:00,Giveaway
Monthly Gift Giveaway,Muckleshoot Casino,"3402 Auburn Way South, Auburn, WA 98002",Gift: Flannel fleece throw blanket,2025-09-26 10:00:00,2025-09-26 14:00:00,Giveaway
Touchdown Multiplier,Emerald Queen Casino,"1820 East 29th Street, Tacoma, WA 98404",Earn up to 24x points based on Seahawks touchdowns.,2025-09-26 11:00:00,2025-09-26 20:00:00,Point-Based
Gift Card Giveaway,ilani,"1 Cowlitz Way, Ridgefield, WA 98642",$40 in free gift cards + up to 5 earned gift cards,2025-09-26 12:00:00,2025-09-26 20:00:00,Giveaway
Ferris Wheel Free Play,Muckleshoot Casino,"3402 Auburn Way South, Auburn, WA 98002","Win your share of $50,000 in free play! 10 winners every half hour",2025-09-26 17:00:00,2025-09-26 21:30:00,Free-Play
Club Lucky Drawings,Lucky Dog Casino,"19330 N US HWY 101, Skokomish, WA 98584",Cash hot seat drawings based on tier. Bonus cash drawing at 9pm.,2025-09-26 18:00:00,2025-09-26 21:00:00,Giveaway
Jackpot Win Again Drawings,Red Wind Casino,"12819 Yelm Hwy. SE, Olympia, WA 98513","Win $5,000 at 6pm, 7pm, 8pm; Win $10,000 at 9pm",2025-09-26 18:00:00,2025-09-26 21:00:00,Offer
$35 Slot Play,ilani,"1 Cowlitz Way, Ridgefield, WA 98642",$35 slot play,2025-09-27 06:00:00,2025-09-28 05:59:00,Free-Play
$20 Free Play,Lucky Eagle Casino,"12888 188th Avenue SW, Rochester, WA 98579",$20 Free Play,2025-09-27 10:00:00,2025-10-03 23:59:00,Free-Play
"$52,000 Extended Summer Sweepstakes",ilani,"1 Cowlitz Way, Ridgefield, WA 98642","Chance to win a share of $52,000 in cash & prizes. Receive a free entry for each day you play with your ilani Rewards account, plus additional entries for activation and status points earned.",2025-09-27 15:00:00,2025-09-27 19:40:00,Giveaway
Extended Summer Sweepstakes Grand Finale,ilani,"1 Cowlitz Way, Ridgefield, WA 98642","$40,000 grand prize drawing + hot seats",2025-09-27 15:00:00,2025-09-27 20:00:00,Giveaway
"$1,000 Promo Play Hot Seats",ilani,"1 Cowlitz Way, Ridgefield, WA 98642","$1,000 Promo Play awarded every 20 minutes.",2025-09-27 16:00:00,2025-09-27 19:40:00,Giveaway
Complimentary Room and Cruise Offer Pickup,Lucky Dog Casino,"19330 N US HWY 101, Skokomish, WA 98584",Complimentary room for two guests and a Princess® cruise certificate for two (valid through September 2026),2025-09-27 16:00:00,2025-09-27 20:00:00,Hospitality-Rewards
Lucky Star Rewards Drawings,Lucky Eagle Casino,"12888 188th Avenue SW, Rochester, WA 98579","Drawings every 30 minutes; prizes up to $500 Free Play and grand prize $18,000 cash",2025-09-27 17:00:00,2025-09-27 21:00:00,Giveaway
Princess® Win a Cruise Giveaway,Lucky Dog Casino,"19330 N US HWY 101, Skokomish, WA 98584","Win Lucky Bucks or a cruise & cash. Winners selected at 7pm, 7:30pm, 8pm, 8:30pm, cruise + $500 cash at 9pm.",2025-09-27 19:00:00,2025-09-27 21:00:00,Giveaway
"$40,000 Grand Prize Cash Drawing",ilani,"1 Cowlitz Way, Ridgefield, WA 98642","$40,000 Grand Prize Drawing.",2025-09-27 20:00:00,2025-09-27 20:00:00,Giveaway
Reels Mile of Fortune Grand Prize Drawings,Red Wind Casino,"12819 Yelm Hwy. SE, Olympia, WA 98513","Win $25,000 Grand Prize Cash",2025-09-27 21:00:00,2025-09-27 21:00:00,Giveaway
"$50,000 Roll for the Royal Grand Prize Drawing",Wildhorse Casino,"46510 Wildhorse Blvd. Pendleton, OR 97801","Grand prize drawing for up to $50,000 cash.",2025-09-27 22:30:00,2025-09-27 23:59:00,Giveaway
Football Pick ’Em,Emerald Queen Casino,"1820 East 29th Street, Tacoma, WA 98404","Make weekly picks for up to $2,000 cash and $10 free play.",2025-09-28 00:00:00,2025-09-28 23:59:00,Giveaway
$125 Weekly Free Play or Dining Credit - Week 5,Emerald Queen Casino,"1820 East 29th Street, Tacoma, WA 98404",$25 free play or dining credit.,2025-09-28 00:00:00,2025-10-04 23:59:00,Free-Play
Complimentary Hotel Stay - Week 5,Emerald Queen Casino,"1820 East 29th Street, Tacoma, WA 98404",1 complimentary night at EQC Fife.,2025-09-28 00:00:00,2025-10-04 23:59:00,Hospitality-Rewards
$10 Weekly Free Play,Angel of the Winds Casino,"3438 Stoluckquamish Lane, Arlington, Washington 98223",$10 free play any day,2025-09-28 00:00:00,2025-10-25 23:59:00,Free-Play
"Win up to $5,000 Free Play Weekly",Angel of the Winds Casino,"3438 Stoluckquamish Lane, Arlington, Washington 98223","Chance to win up to $5,000 free play",2025-09-28 00:00:00,2025-10-25 23:59:00,Free-Play
Pigskin Football Room Offer,Little Creek Casino,"91 West State Route 108, Shelton, WA 98504",1 Free Deluxe or Premium Room per week (Sunday–Thursday),2025-09-28 00:00:00,2025-10-30 23:59:00,Offer
Daytime Bonus Slot Play,ilani,"1 Cowlitz Way, Ridgefield, WA 98642",$40 slot play,2025-09-28 06:00:00,2025-09-28 18:00:00,Free-Play
Collect Your Free Play,Muckleshoot Casino,"3402 Auburn Way South, Auburn, WA 98002",Guaranteed Free Play for all participants,2025-09-28 10:00:00,2025-09-28 18:00:00,Free-Play
An Epic Evening Gift Giveaway - Week 4,Lucky Eagle Casino,"12888 188th Avenue SW, Rochester, WA 98579","Free gift with voucher; Versace sunglasses, Coach purse, chance at $18,000 cash grand prize",2025-09-28 10:00:00,2025-09-28 20:00:00,Giveaway
Free Gifts - Bakeware Sets,Spirit Mountain Casino,"27100 SW Salmon River Hwy, Grand Ronde, OR 97347","Bundt Pan, Muffin Pan, Loaf Pan Set, Pie Pan Set; limit one per person, per week; while supplies last",2025-09-28 10:00:00,2025-09-28 20:00:00,Giveaway
Tailgate Gifting,Lucky Dog Casino,"19330 N US HWY 101, Skokomish, WA 98584",Free gift: 4 qt football themed slow cooker.,2025-09-28 12:00:00,2025-09-28 18:00:00,Giveaway
$9000 Friendly Hot Seats,Wildhorse Casino,"46510 Wildhorse Blvd. Pendleton, OR 97801",Win $200 freeplay and $50 freeplay for a friend. Drawings every 15 minutes 1–3pm. Limit one $200 freeplay win per player per day.,2025-09-28 13:00:00,2025-09-28 15:00:00,Giveaway
Gift Giveaway - Wireless Phone Charger Alarm Clock Radio / USB Humidifier / LED Dome Lamp & Speaker,Little Creek Casino,"91 West State Route 108, Shelton, WA 98504","Visit weekly to collect the entire set - no point earning needed. Limit one gift per week, while supplies last.",2025-09-28 13:00:00,2025-09-28 21:00:00,Giveaway
Drift $15 Lucky Bucks,Lucky Dog Casino,"19330 N US HWY 101, Skokomish, WA 98584",$15 Lucky Bucks valid Mon 9/29 - Tue 9/30.,2025-09-29 00:00:00,2025-09-30 23:59:00,Free-Play
$15 Off Food Voucher,Spirit Mountain Casino,"27100 SW Salmon River Hwy, Grand Ronde, OR 97347",$15 off food once per week,2025-09-29 00:00:00,2025-09-30 23:59:00,Hospitality-Rewards
Free Topgolf Swing Suite,Spirit Mountain Casino,"27100 SW Salmon River Hwy, Grand Ronde, OR 97347","1 hour of free Topgolf Swing Suite playtime for you and up to 3 guests, valid once per week",2025-09-29 00:00:00,2025-09-30 23:59:00,Offer
Your Choice Promotion,Spirit Mountain Casino,"27100 SW Salmon River Hwy, Grand Ronde, OR 97347",Choose $25 free play or 2x slot points once per week,2025-09-29 00:00:00,2025-09-30 23:59:00,Free-Play
Complimentary Night Stay,ilani,"1 Cowlitz Way, Ridgefield, WA 98642","One complimentary night stay (reservation required, subject to availability)",2025-09-29 00:00:00,2025-10-02 23:59:00,Hospitality-Rewards
Weekly Free Play,Little Creek Casino,"91 West State Route 108, Shelton, WA 98504",$20 Free Play,2025-09-29 00:00:00,2025-10-05 23:59:00,Free-Play
$20 Weekly Freeplay Offer,Snoqualmie Casino,"37500 SE North Bend Way, Snoqualmie, WA 98065",$20 Freeplay Mondays through Saturdays,2025-09-29 00:00:00,2025-11-02 23:59:00,Free-Play
$35 Slot Play,ilani,"1 Cowlitz Way, Ridgefield, WA 98642",$35 slot play,2025-09-29 06:00:00,2025-09-30 05:59:00,Free-Play
Bonus Entry Mondays,Emerald Queen Casino,"1820 East 29th Street, Tacoma, WA 98404",Receive 500 bonus drawing entries.,2025-09-29 08:00:00,2025-09-29 14:00:00,Giveaway
Free Gifts - Bakeware Sets,Spirit Mountain Casino,"27100 SW Salmon River Hwy, Grand Ronde, OR 97347","Bundt Pan, Muffin Pan, Loaf Pan Set, Pie Pan Set; limit one per person, per week; while supplies last",2025-09-29 10:00:00,2025-09-29 20:00:00,Giveaway
Weekly $20 Xtra Rewards Free Play,Legends Casino,"580 Fort Road, Toppenish, WA",$20 Xtra Rewards Free Play added to your account,2025-09-29 10:00:00,2025-10-05 23:59:00,Free-Play
B-Day Bonus Drawings,Emerald Queen Casino,"1820 East 29th Street, Tacoma, WA 98404","Win up to $2,000 free play. Your age = number of entries.",2025-09-29 16:00:00,2025-09-29 20:59:00,Giveaway
Early Bird Multiplier,Emerald Queen Casino,"1820 East 29th Street, Tacoma, WA 98404",Earn up to 12x rewards points.,2025-09-30 06:00:00,2025-09-30 12:00:00,Point-Based
Double Rewards Dollars,ilani,"1 Cowlitz Way, Ridgefield, WA 98642",2x status points,2025-09-30 06:00:00,2025-10-01 05:59:00,Point-Based
Bonus Free Play,Muckleshoot Casino,"3402 Auburn Way South, Auburn, WA 98002",$15 Bonus Free Play,2025-09-30 07:00:00,2025-09-30 23:59:00,Free-Play
Club Lucky Multiplier,Lucky Dog Casino,"19330 N US HWY 101, Skokomish, WA 98584",2x-4x lucky points multiplier based on Club Lucky level.,2025-09-30 10:00:00,2025-09-30 18:00:00,Point-Based
An Epic Evening Gift Giveaway - Week 4,Lucky Eagle Casino,"12888 188th Avenue SW, Rochester, WA 98579","Free gift with voucher; Versace sunglasses, Coach purse, chance at $18,000 cash grand prize",2025-09-30 10:00:00,2025-09-30 20:00:00,Giveaway
Tasty Tuesdays - Free Ice Cream,Spirit Mountain Casino,"27100 SW Salmon River Hwy, Grand Ronde, OR 97347",One free ice cream cup per person per week,2025-09-30 10:00:00,2025-09-30 20:00:00,Offer
2X Tuesdays,Legends Casino,"580 Fort Road, Toppenish, WA",Earn 2X points,2025-09-30 10:00:00,2025-09-30 23:59:00,Point-Based
Hell’s Kitchen Gift Giveaway,ilani,"1 Cowlitz Way, Ridgefield, WA 98642",Fiery stoneware set,2025-09-30 12:00:00,2025-09-30 20:00:00,Giveaway
Fortune Drawings,Red Wind Casino,"12819 Yelm Hwy. SE, Olympia, WA 98513","Win up to $5,000 every 30 minutes",2025-09-30 18:00:00,2025-09-30 21:00:00,Offer
Double Rewards Dollars,ilani,"1 Cowlitz Way, Ridgefield, WA 98642","Earn 2X rewards dollars to use at shops, restaurants, Cowlitz Crossing, and ilani hotel.",2025-10-01 00:00:00,2025-10-01 23:59:00,Hospitality-Rewards
VIP Exclusive Invite - Dude Kick Back in Style Pick-up,Lucky Eagle Casino,"12888 188th Avenue SW, Rochester, WA 98579",Exclusive item pick-up (invite only),2025-10-01 00:00:00,2025-10-01 23:59:00,Special-Events
Topgolf Swing Suite Free Hour,Spirit Mountain Casino,"27100 SW Salmon River Hwy, Grand Ronde, OR 97347","1 free hour of Topgolf play, once per week",2025-10-01 00:00:00,2025-10-05 23:59:00,Offer
Weekly Choice Offer,Spirit Mountain Casino,"27100 SW Salmon River Hwy, Grand Ronde, OR 97347","Choose $15 Free Play or 2x slot points, once per week",2025-10-01 00:00:00,2025-10-05 23:59:00,Free-Play
Dining & Shopping Rewards,ilani,"1 Cowlitz Way, Ridgefield, WA 98642",$15 dining & shopping rewards.,2025-10-01 00:00:00,2025-10-15 23:59:00,Hospitality-Rewards
"$52,000 Giveaway",ilani,"1 Cowlitz Way, Ridgefield, WA 98642","Chance to win share of $52,000 in cash and prizes. Entries earned daily with Forever Rewards account. Entry multipliers on Fridays & Sundays.",2025-10-01 00:00:00,2025-10-26 23:59:00,Giveaway
Shopping Event,Snoqualmie Casino,"37500 SE North Bend Way, Snoqualmie, WA 98065",Earn Shopping Dollars,2025-10-01 00:00:00,2025-10-29 23:59:00,Hospitality-Rewards
"$52,000 Play Throughout October",ilani,"1 Cowlitz Way, Ridgefield, WA 98642","Play throughout October for a chance to win a share of $52,000 in cash and prizes. Receive a free entry each day you play with your ilani Forever Rewards account, plus an additional entry for every status point earned.",2025-10-01 00:00:00,2025-10-31 23:59:00,Giveaway
Earn Bonus Cash,Snoqualmie Casino,"37500 SE North Bend Way, Snoqualmie, WA 98065",Earn $25 cash for 750 base points,2025-10-01 00:00:00,2025-10-31 23:59:00,Giveaway
Million Dollar Pro Football Pick’em,Spirit Mountain Casino,"27100 SW Salmon River Hwy, Grand Ronde, OR 97347","Make picks online Tuesday-Saturday; weekly & season prizes; up to $2,500 Free Play",2025-10-01 00:00:00,2025-10-31 23:59:00,Free-Play
Bonus Free Play,Muckleshoot Casino,"3402 Auburn Way South, Auburn, WA 98002",$15 Bonus Free Play,2025-10-01 07:00:00,2025-10-01 23:59:00,Free-Play
Fall into Free Play,Angel of the Winds Casino,"3438 Stoluckquamish Lane, Arlington, Washington 98223",Earn 750 base points playing slots to receive a wheel spin (up to 3 spins per week),2025-10-01 08:00:00,2025-10-01 20:00:00,Free-Play
Fall Into Place,Angel of the Winds Casino,"3438 Stoluckquamish Lane, Arlington, Washington 98223","Wednesdays in October–December, 08:00–20:00",2025-10-01 08:00:00,2025-12-31 20:00:00,Offer
Witch's Cauldron Wednesdays,Little Creek Casino,"91 West State Route 108, Shelton, WA 98504","Win up to $2,000 | Earn 300 points 15:00–17:00 | Swipe 18:00–20:00",2025-10-01 15:00:00,2025-10-01 20:00:00,Point-Based
"$250,000 Roll Wurst",Muckleshoot Casino,"3402 Auburn Way South, Auburn, WA 98002","Win up to $5,000 in cash, 5 winners every hour",2025-10-01 17:00:00,2025-10-01 21:00:00,Giveaway
Dice King,Angel of the Winds Casino,"3438 Stoluckquamish Lane, Arlington, Washington 98223","Daily 17:00–23:00, win up to $5,000 Free Play weekly",2025-10-01 17:00:00,2025-12-31 23:00:00,Free-Play
Wicked Wednesday Drawing,Emerald Queen Casino,"1820 East 29th Street, Tacoma, WA 98404","Win share of up to $120,000 cash; drawings at 6pm and 8pm; 3x entries Fri–Sun",2025-10-01 18:00:00,2025-10-01 20:00:00,Giveaway
Daily Cash Drawings,Spirit Mountain Casino,"27100 SW Salmon River Hwy, Grand Ronde, OR 97347","Win up to $1,000 cash",2025-10-01 18:00:00,2025-10-01 20:00:00,Giveaway
Cash Drawing,Red Wind Casino,"12819 Yelm Hwy. SE, Olympia, WA 98513","$20,000 Cash + $20 Free Play",2025-10-01 20:00:00,2025-10-01 20:00:00,Giveaway
30th Anniversary Kiosk Game,Spirit Mountain Casino,"27100 SW Salmon River Hwy, Grand Ronde, OR 97347","Tuesdays & Thursdays in October; earn 1,000 points to play for food & free play prizes",2025-10-02 00:00:00,2025-10-02 23:59:00,Free-Play
Weekly Loyalty Offer,Red Wind Casino,"12819 Yelm Hwy. SE, Olympia, WA 98513",$20 Free Play,2025-10-02 00:00:00,2025-10-07 23:59:00,Free-Play
$35 Slot Play Offer,ilani,"1 Cowlitz Way, Ridgefield, WA 98642",$35 slot play valid one time within period.,2025-10-02 06:00:00,2025-10-03 05:59:00,Free-Play
$20 Free Play,Muckleshoot Casino,"3402 Auburn Way South, Auburn, WA 98002",Valid one time any day,2025-10-02 07:00:00,2025-10-08 23:59:00,Free-Play
Fall-Tastic Cookware Gifts - Double Slow Cooker,Muckleshoot Casino,"3402 Auburn Way South, Auburn, WA 98002",Gift Giveaway,2025-10-02 12:00:00,2025-10-02 21:00:00,Giveaway
Take Me Away Collection Giveaway,Little Creek Casino,"91 West State Route 108, Shelton, WA 98504","Free gift: Faux fur resort robe, 3-piece hair dryer, muscle massage gun with attachments, cozy resort blanket",2025-10-02 13:00:00,2025-10-02 21:00:00,Giveaway
Daily Cash Drawings,Spirit Mountain Casino,"27100 SW Salmon River Hwy, Grand Ronde, OR 97347","Win up to $1,000 cash",2025-10-02 18:00:00,2025-10-02 20:00:00,Giveaway
Wicked Winnings,Legends Casino,"580 Fort Road, Toppenish, WA","Two winners hourly 6–8pm win $2,000; three winners at 9pm can win up to $10,000",2025-10-02 18:00:00,2025-10-02 21:00:00,Giveaway
Winning Colors,Red Wind Casino,"12819 Yelm Hwy. SE, Olympia, WA 98513",Chance to win $500 cash + $10 free play if your color wins,2025-10-02 18:00:00,2025-10-02 21:00:00,Giveaway
Night Owl Multiplier,Emerald Queen Casino,"1820 East 29th Street, Tacoma, WA 98404",Earn up to 12x points; swipe to unlock; Thursdays in October,2025-10-02 18:00:00,2025-10-03 00:00:00,Point-Based
"$70,000 Thursday Hot Seats",ilani,"1 Cowlitz Way, Ridgefield, WA 98642","$1,000 hot seats every 20 minutes 19:00-21:40. $5,000 cash grand prize hot seat at 22:00.",2025-10-02 19:00:00,2025-10-02 22:00:00,Giveaway
Entry Multiplier Friday,ilani,"1 Cowlitz Way, Ridgefield, WA 98642",Receive multiple entries for every status point earned.,2025-10-03 00:00:00,2025-10-03 23:59:00,Point-Based
2X Shopping Dollars,Snoqualmie Casino,"37500 SE North Bend Way, Snoqualmie, WA 98065",Earn 2X Shopping Dollars,2025-10-03 08:00:00,2025-10-03 12:00:00,Hospitality-Rewards
Fall-Tastic Cookware Gifts - Double Slow Cooker,Muckleshoot Casino,"3402 Auburn Way South, Auburn, WA 98002",Gift Giveaway,2025-10-03 10:00:00,2025-10-03 14:00:00,Giveaway
Monster Cash,Little Creek Casino,"91 West State Route 108, Shelton, WA 98504","Win your share of up to $500,000 | Drawings every 30 minutes",2025-10-03 12:00:00,2025-10-03 20:00:00,Giveaway
Secret Stash $15 Bets on Us!,Angel of the Winds Casino,"3438 Stoluckquamish Lane, Arlington, Washington 98223",Play slots & be one of 75 lucky weekly winners,2025-10-03 16:00:00,2025-10-03 22:00:00,Offer
"$340,000 Biergarten Bonanza",Muckleshoot Casino,"3402 Auburn Way South, Auburn, WA 98002","Win up to $10,000 in cash, 8 winners every hour",2025-10-03 17:00:00,2025-10-03 22:00:00,Giveaway
Daily Cash Drawings,Spirit Mountain Casino,"27100 SW Salmon River Hwy, Grand Ronde, OR 97347","Win up to $1,000 cash",2025-10-03 18:00:00,2025-10-03 20:00:00,Giveaway
The Price Is Right Live,Spirit Mountain Casino,"27100 SW Salmon River Hwy, Grand Ronde, OR 97347",Television’s most famous pricing games; win prizes including cars,2025-10-03 20:00:00,2025-10-03 23:59:00,Offer
"$125,000 Fall Into Freeplay",Muckleshoot Casino,"3402 Auburn Way South, Auburn, WA 98002",,2025-10-04 00:00:00,2025-10-04 23:59:00,Free-Play
Stay 'N Play - Free RV Stays,Lucky Eagle Casino,"12888 188th Avenue SW, Rochester, WA 98579","2 free RV stays, valid any day, subject to availability",2025-10-04 00:00:00,2025-10-31 23:59:00,Hospitality-Rewards
Daytime Bonus,ilani,"1 Cowlitz Way, Ridgefield, WA 98642",$40 slot play. Valid 06:00-18:00.,2025-10-04 06:00:00,2025-10-04 18:00:00,Free-Play
2X Shopping Dollars,Snoqualmie Casino,"37500 SE North Bend Way, Snoqualmie, WA 98065",Earn 2X Shopping Dollars,2025-10-04 08:00:00,2025-10-04 12:00:00,Hospitality-Rewards
$40 Free Play,Lucky Eagle Casino,"12888 188th Avenue SW, Rochester, WA 98579",$40 Free Play,2025-10-04 10:00:00,2025-10-09 23:59:00,Free-Play
Monster Cash,Little Creek Casino,"91 West State Route 108, Shelton, WA 98504","Win your share of up to $500,000 | Drawings every 30 minutes",2025-10-04 12:00:00,2025-10-04 20:00:00,Giveaway
Jackpot Drawings,Little Creek Casino,"91 West State Route 108, Shelton, WA 98504","Win your share of $12,000 | 14:00 $2,000 | 16:00 $4,000 | 18:00 $6,000",2025-10-04 14:00:00,2025-10-04 18:00:00,Offer
Pumpkin Spice Hot Seats,Lucky Eagle Casino,"12888 188th Avenue SW, Rochester, WA 98579","Win share of $16,000 free play & pumpkin spice prizes",2025-10-04 14:00:00,2025-10-04 20:00:00,Giveaway
The Price Is Right Live,Spirit Mountain Casino,"27100 SW Salmon River Hwy, Grand Ronde, OR 97347",Television’s most famous pricing games; win prizes including cars,2025-10-04 15:00:00,2025-10-04 18:00:00,Offer
Daily Cash Drawings,Spirit Mountain Casino,"27100 SW Salmon River Hwy, Grand Ronde, OR 97347","Win up to $1,000 cash",2025-10-04 18:00:00,2025-10-04 20:00:00,Giveaway
Wicked Winnings Grand Prize Drawing,Red Wind Casino,"12819 Yelm Hwy. SE, Olympia, WA 98513","Two guests will win $10,000",2025-10-04 21:00:00,2025-10-04 21:00:00,Giveaway
Football Pick 'Em,Emerald Queen Casino,"1820 East 29th Street, Tacoma, WA 98404","Weekly picks at promo kiosk; $2,000 cash for 1st, $1,000 for 2nd, $500 for 3rd; Sundays all season",2025-10-05 00:00:00,2025-10-05 23:59:00,Giveaway
Entry Multiplier Sunday,ilani,"1 Cowlitz Way, Ridgefield, WA 98642",Receive multiple entries for every status point earned.,2025-10-05 00:00:00,2025-10-05 23:59:00,Point-Based
Weekly Free Play Offer,Emerald Queen Casino,"1820 East 29th Street, Tacoma, WA 98404",$25 Free Play or Dining Credit; valid once per promotional week after activation,2025-10-05 00:00:00,2025-10-11 23:59:00,Free-Play
Stay 'N Play - Free Standard Rooms,Lucky Eagle Casino,"12888 188th Avenue SW, Rochester, WA 98579","2 free standard rooms, valid Sun-Fri, subject to availability",2025-10-05 00:00:00,2025-10-31 23:59:00,Hospitality-Rewards
$35 Slot Play Offer,ilani,"1 Cowlitz Way, Ridgefield, WA 98642",$35 slot play valid one time within period.,2025-10-05 06:00:00,2025-10-06 05:59:00,Free-Play
Bamboo Quilted Throw Giveaway - Week 1,Lucky Eagle Casino,"12888 188th Avenue SW, Rochester, WA 98579","Free bamboo quilted throw, swipe card at kiosk starting 10:00, redeem voucher 12:00-20:00",2025-10-05 10:00:00,2025-10-05 20:00:00,Giveaway
iHome Cordless Handvac Gift,Muckleshoot Casino,"3402 Auburn Way South, Auburn, WA 98002",Gift Giveaway,2025-10-05 10:00:00,2025-10-05 20:00:00,Giveaway
Element Apparel Collection Giveaway,Spirit Mountain Casino,"27100 SW Salmon River Hwy, Grand Ronde, OR 97347",Earn 750 points; redeem apparel gifts,2025-10-05 10:00:00,2025-10-05 20:00:00,Giveaway
Take Me Away Collection Giveaway,Little Creek Casino,"91 West State Route 108, Shelton, WA 98504","Free gift: Faux fur resort robe, 3-piece hair dryer, muscle massage gun with attachments, cozy resort blanket",2025-10-05 13:00:00,2025-10-05 21:00:00,Giveaway
Daily Cash Drawings,Spirit Mountain Casino,"27100 SW Salmon River Hwy, Grand Ronde, OR 97347","Win up to $1,000 cash",2025-10-05 18:00:00,2025-10-05 20:00:00,Giveaway
5X Shopping Dollars,Snoqualmie Casino,"37500 SE North Bend Way, Snoqualmie, WA 98065",Earn 5X Shopping Dollars,2025-10-05 20:00:00,2025-10-06 00:00:00,Hospitality-Rewards
Weekly Free Play,Little Creek Casino,"91 West State Route 108, Shelton, WA 98504",$20 Free Play,2025-10-06 00:00:00,2025-10-12 23:59:00,Free-Play
Topgolf Swing Suite Free Hour,Spirit Mountain Casino,"27100 SW Salmon River Hwy, Grand Ronde, OR 97347","1 free hour of Topgolf play, once per week",2025-10-06 00:00:00,2025-10-12 23:59:00,Offer
Weekly Choice Offer,Spirit Mountain Casino,"27100 SW Salmon River Hwy, Grand Ronde, OR 97347","Choose $15 Free Play or 2x slot points, once per week",2025-10-06 00:00:00,2025-10-12 23:59:00,Free-Play
Mid-Autumn Giveaway,Snoqualmie Casino,"37500 SE North Bend Way, Snoqualmie, WA 98065","First 1,000 Crescent Club members receive a free mooncake plus a chance to win up to $1,000 Freeplay and other prizes.",2025-10-06 08:00:00,2025-10-06 23:59:00,Giveaway
Element Apparel Collection Giveaway,Spirit Mountain Casino,"27100 SW Salmon River Hwy, Grand Ronde, OR 97347",Earn 750 points; redeem apparel gifts,2025-10-06 10:00:00,2025-10-06 20:00:00,Giveaway
Weekly Xtra Rewards Free Play,Legends Casino,"580 Fort Road, Toppenish, WA",$20 Xtra Rewards Free Play added to account,2025-10-06 10:00:00,2025-10-12 23:59:00,Free-Play
Touchdown Multiplier,Emerald Queen Casino,"1820 East 29th Street, Tacoma, WA 98404",Earn up to 24x points if Seahawks score 6+ touchdowns; activate 11am–8pm day after games,2025-10-06 11:00:00,2025-10-06 20:00:00,Point-Based
Monday Drawings,Little Creek Casino,"91 West State Route 108, Shelton, WA 98504","Win your share of up to $10,000 | Drawings every 30 minutes",2025-10-06 15:00:00,2025-10-06 22:00:00,Offer
Daily Cash Drawings,Spirit Mountain Casino,"27100 SW Salmon River Hwy, Grand Ronde, OR 97347","Win up to $1,000 cash",2025-10-06 18:00:00,2025-10-06 20:00:00,Giveaway
Full Hunter’s Moon Multiplier,Legends Casino,"580 Fort Road, Toppenish, WA",Earn 10X points using rewards card,2025-10-06 18:00:00,2025-10-06 23:59:00,Point-Based
2X Status Points,ilani,"1 Cowlitz Way, Ridgefield, WA 98642",Play with your ilani Forever Rewards card to receive multiplied status points.,2025-10-07 00:00:00,2025-10-07 23:59:00,Point-Based
30th Anniversary Kiosk Game,Spirit Mountain Casino,"27100 SW Salmon River Hwy, Grand Ronde, OR 97347","Tuesdays & Thursdays in October; earn 1,000 points to play for food & free play prizes",2025-10-07 00:00:00,2025-10-07 23:59:00,Free-Play
Complimentary Night Stay,ilani,"1 Cowlitz Way, Ridgefield, WA 98642","Complimentary night stay (reservation required, subject to change and availability)",2025-10-07 00:00:00,2025-10-09 23:59:00,Hospitality-Rewards
Bamboo Quilted Throw Giveaway - Week 1,Lucky Eagle Casino,"12888 188th Avenue SW, Rochester, WA 98579","Free bamboo quilted throw, swipe card at kiosk starting 10:00, redeem voucher 12:00-20:00",2025-10-07 10:00:00,2025-10-07 20:00:00,Giveaway
Level Up Multiplier,Muckleshoot Casino,"3402 Auburn Way South, Auburn, WA 98002",Earn up to 5x points,2025-10-07 10:00:00,2025-10-07 20:00:00,Point-Based
2X Points Tuesdays,Legends Casino,"580 Fort Road, Toppenish, WA",Earn 2X points using rewards card,2025-10-07 10:00:00,2025-10-07 23:59:00,Point-Based
Electronics Gift Giveaway,ilani,"1 Cowlitz Way, Ridgefield, WA 98642","Over-ear headphones, mini projector, home sound bar, 3-in-1 charging dock. Tuesdays or Wednesdays Noon-20:00.",2025-10-07 12:00:00,2025-10-07 20:00:00,Giveaway
Daily Cash Drawings,Spirit Mountain Casino,"27100 SW Salmon River Hwy, Grand Ronde, OR 97347","Win up to $1,000 cash",2025-10-07 18:00:00,2025-10-07 20:00:00,Giveaway
Winning Colors,Red Wind Casino,"12819 Yelm Hwy. SE, Olympia, WA 98513",Chance to win $500 cash + $10 free play if your color wins,2025-10-07 18:00:00,2025-10-07 21:00:00,Giveaway
2X Status Points,ilani,"1 Cowlitz Way, Ridgefield, WA 98642",Play with your ilani Forever Rewards card to receive multiplied status points.,2025-10-08 00:00:00,2025-10-08 23:59:00,Point-Based
Weekly Loyalty Offer,Red Wind Casino,"12819 Yelm Hwy. SE, Olympia, WA 98513",$20 Free Play,2025-10-08 00:00:00,2025-10-14 23:59:00,Free-Play
Fall into Free Play,Angel of the Winds Casino,"3438 Stoluckquamish Lane, Arlington, Washington 98223",Earn 750 base points playing slots to receive a wheel spin (up to 3 spins per week),2025-10-08 08:00:00,2025-10-08 20:00:00,Free-Play
Vault of Riches,Snoqualmie Casino,"37500 SE North Bend Way, Snoqualmie, WA 98065",,2025-10-08 10:00:00,2025-10-08 22:00:00,Free-Play
Electronics Gift Giveaway,ilani,"1 Cowlitz Way, Ridgefield, WA 98642","Over-ear headphones, mini projector, home sound bar, 3-in-1 charging dock. Tuesdays or Wednesdays Noon-20:00.",2025-10-08 12:00:00,2025-10-08 20:00:00,Giveaway
Witch's Cauldron Wednesdays,Little Creek Casino,"91 West State Route 108, Shelton, WA 98504","Win up to $2,000 | Earn 300 points 15:00–17:00 | Swipe 18:00–20:00",2025-10-08 15:00:00,2025-10-08 20:00:00,Point-Based
"$250,000 Roll Wurst",Muckleshoot Casino,"3402 Auburn Way South, Auburn, WA 98002","Win up to $5,000 in cash, 5 winners every hour",2025-10-08 17:00:00,2025-10-08 21:00:00,Giveaway
Wicked Wednesday Drawing,Emerald Queen Casino,"1820 East 29th Street, Tacoma, WA 98404","Win share of up to $120,000 cash; drawings at 6pm and 8pm; 3x entries Fri–Sun",2025-10-08 18:00:00,2025-10-08 20:00:00,Giveaway
Daily Cash Drawings,Spirit Mountain Casino,"27100 SW Salmon River Hwy, Grand Ronde, OR 97347","Win up to $1,000 cash",2025-10-08 18:00:00,2025-10-08 20:00:00,Giveaway
30th Anniversary Kiosk Game,Spirit Mountain Casino,"27100 SW Salmon River Hwy, Grand Ronde, OR 97347","Tuesdays & Thursdays in October; earn 1,000 points to play for food & free play prizes",2025-10-09 00:00:00,2025-10-09 23:59:00,Free-Play
Complimentary Night Stay,ilani,"1 Cowlitz Way, Ridgefield, WA 98642",Free hotel stay with reservation required,2025-10-09 00:00:00,2025-10-10 23:59:00,Hospitality-Rewards
$35 Slot Play Offer,ilani,"1 Cowlitz Way, Ridgefield, WA 98642",$35 slot play valid one time within period.,2025-10-09 06:00:00,2025-10-10 05:59:00,Free-Play
Fall-Tastic Cookware Gifts - Turkey Roaster,Muckleshoot Casino,"3402 Auburn Way South, Auburn, WA 98002",Gift Giveaway,2025-10-09 12:00:00,2025-10-09 21:00:00,Giveaway
Take Me Away Collection Giveaway,Little Creek Casino,"91 West State Route 108, Shelton, WA 98504","Free gift: Faux fur resort robe, 3-piece hair dryer, muscle massage gun with attachments, cozy resort blanket",2025-10-09 13:00:00,2025-10-09 21:00:00,Giveaway
Daily Cash Drawings,Spirit Mountain Casino,"27100 SW Salmon River Hwy, Grand Ronde, OR 97347","Win up to $1,000 cash",2025-10-09 18:00:00,2025-10-09 20:00:00,Giveaway
Wicked Winnings,Legends Casino,"580 Fort Road, Toppenish, WA","Two winners hourly 6–8pm win $2,000; three winners at 9pm can win up to $10,000",2025-10-09 18:00:00,2025-10-09 21:00:00,Giveaway
Winning Colors,Red Wind Casino,"12819 Yelm Hwy. SE, Olympia, WA 98513",Chance to win $500 cash + $10 free play if your color wins,2025-10-09 18:00:00,2025-10-09 21:00:00,Giveaway
Night Owl Multiplier,Emerald Queen Casino,"1820 East 29th Street, Tacoma, WA 98404",Earn up to 12x points; swipe to unlock; Thursdays in October,2025-10-09 18:00:00,2025-10-10 00:00:00,Point-Based
"$70,000 Thursday Hot Seats",ilani,"1 Cowlitz Way, Ridgefield, WA 98642","$1,000 hot seats every 20 minutes 19:00-21:40. $5,000 cash grand prize hot seat at 22:00.",2025-10-09 19:00:00,2025-10-09 22:00:00,Giveaway
Entry Multiplier Friday,ilani,"1 Cowlitz Way, Ridgefield, WA 98642",Receive multiple entries for every status point earned.,2025-10-10 00:00:00,2025-10-10 23:59:00,Point-Based
"Play to Win $1,000 Free Play",Spirit Mountain Casino,"27100 SW Salmon River Hwy, Grand Ronde, OR 97347","Earn 1,000 points to play; chance to win up to $1,000 Free Play; can play twice with 2,000 points",2025-10-10 00:00:00,2025-10-11 23:59:00,Free-Play
Bonus Play - Lucky Drop,ilani,"1 Cowlitz Way, Ridgefield, WA 98642","Guaranteed $20 promo play. Chance up to $1,000 promo play.",2025-10-10 06:00:00,2025-10-11 05:59:00,Free-Play
$20 Free Play,Muckleshoot Casino,"3402 Auburn Way South, Auburn, WA 98002",Valid one time any day,2025-10-10 07:00:00,2025-10-14 23:59:00,Free-Play
2X Shopping Dollars,Snoqualmie Casino,"37500 SE North Bend Way, Snoqualmie, WA 98065",Earn 2X Shopping Dollars,2025-10-10 08:00:00,2025-10-10 12:00:00,Hospitality-Rewards
Fall-Tastic Cookware Gifts - Turkey Roaster,Muckleshoot Casino,"3402 Auburn Way South, Auburn, WA 98002",Gift Giveaway,2025-10-10 10:00:00,2025-10-10 14:00:00,Giveaway
$40 Friday Bonus Free Play,Lucky Eagle Casino,"12888 188th Avenue SW, Rochester, WA 98579",$40 Free Play,2025-10-10 10:00:00,2025-10-10 23:59:00,Free-Play
Monster Cash,Little Creek Casino,"91 West State Route 108, Shelton, WA 98504","Win your share of up to $500,000 | Drawings every 30 minutes",2025-10-10 12:00:00,2025-10-10 20:00:00,Giveaway
Secret Stash $15 Bets on Us!,Angel of the Winds Casino,"3438 Stoluckquamish Lane, Arlington, Washington 98223",Play slots & be one of 75 lucky weekly winners,2025-10-10 16:00:00,2025-10-10 22:00:00,Offer
"$340,000 Biergarten Bonanza",Muckleshoot Casino,"3402 Auburn Way South, Auburn, WA 98002","Win up to $10,000 in cash, 8 winners every hour",2025-10-10 17:00:00,2025-10-10 22:00:00,Giveaway
Daily Cash Drawings,Spirit Mountain Casino,"27100 SW Salmon River Hwy, Grand Ronde, OR 97347","Win up to $1,000 cash",2025-10-10 18:00:00,2025-10-10 20:00:00,Giveaway
VIP Oktoberfest Offer,ilani,"1 Cowlitz Way, Ridgefield, WA 98642","Free entry for two, choice of Biergarten session, $30 food credits, optional $10 VIP drink pass",2025-10-11 00:00:00,2025-10-11 23:59:00,Hospitality-Rewards
2X Shopping Dollars,Snoqualmie Casino,"37500 SE North Bend Way, Snoqualmie, WA 98065",Earn 2X Shopping Dollars,2025-10-11 08:00:00,2025-10-11 12:00:00,Hospitality-Rewards
$40 Free Play,Lucky Eagle Casino,"12888 188th Avenue SW, Rochester, WA 98579",$40 Free Play,2025-10-11 10:00:00,2025-10-16 23:59:00,Free-Play
ilani Oktoberfest Biergarten Session 1,ilani,"1 Cowlitz Way, Ridgefield, WA 98642",$10 promo play upon entry,2025-10-11 12:00:00,2025-10-11 15:00:00,Free-Play
Monster Cash,Little Creek Casino,"91 West State Route 108, Shelton, WA 98504","Win your share of up to $500,000 | Drawings every 30 minutes",2025-10-11 12:00:00,2025-10-11 20:00:00,Giveaway
ilani Oktoberfest Biergarten Session 2,ilani,"1 Cowlitz Way, Ridgefield, WA 98642",$10 promo play upon entry,2025-10-11 16:00:00,2025-10-11 19:00:00,Free-Play
"$34,000 Oktoberfest Giveaway",ilani,"1 Cowlitz Way, Ridgefield, WA 98642","$1,000 promo play hot seats every 20 minutes, $25,000 cash grand prize",2025-10-11 17:00:00,2025-10-11 20:00:00,Giveaway
Daily Cash Drawings,Spirit Mountain Casino,"27100 SW Salmon River Hwy, Grand Ronde, OR 97347","Win up to $1,000 cash",2025-10-11 18:00:00,2025-10-11 20:00:00,Giveaway
Wicked Winnings Grand Prize Drawing,Red Wind Casino,"12819 Yelm Hwy. SE, Olympia, WA 98513","Two guests will win $10,000",2025-10-11 21:00:00,2025-10-11 21:00:00,Giveaway
Entry Multiplier Sunday,ilani,"1 Cowlitz Way, Ridgefield, WA 98642",Receive multiple entries for every status point earned.,2025-10-12 00:00:00,2025-10-12 23:59:00,Point-Based
Weekly Free Play Offer,Emerald Queen Casino,"1820 East 29th Street, Tacoma, WA 98404",$25 Free Play or Dining Credit; valid once per promotional week after activation,2025-10-12 00:00:00,2025-10-18 23:59:00,Free-Play
Bonus Play - Oktoberfest,ilani,"1 Cowlitz Way, Ridgefield, WA 98642","Guaranteed $40 slot play. Chance up to $1,000 promo play.",2025-10-12 06:00:00,2025-10-13 05:59:00,Free-Play
Bamboo Quilted Throw Giveaway - Week 2,Lucky Eagle Casino,"12888 188th Avenue SW, Rochester, WA 98579","Free bamboo quilted throw, swipe card at kiosk starting 10:00, redeem voucher 12:00-20:00",2025-10-12 10:00:00,2025-10-12 20:00:00,Giveaway
Element Apparel Collection Giveaway,Spirit Mountain Casino,"27100 SW Salmon River Hwy, Grand Ronde, OR 97347",Earn 750 points; redeem apparel gifts,2025-10-12 10:00:00,2025-10-12 20:00:00,Giveaway
Take Me Away Collection Giveaway,Little Creek Casino,"91 West State Route 108, Shelton, WA 98504","Free gift: Faux fur resort robe, 3-piece hair dryer, muscle massage gun with attachments, cozy resort blanket",2025-10-12 13:00:00,2025-10-12 21:00:00,Giveaway
Daily Cash Drawings,Spirit Mountain Casino,"27100 SW Salmon River Hwy, Grand Ronde, OR 97347","Win up to $1,000 cash",2025-10-12 18:00:00,2025-10-12 20:00:00,Giveaway
5X Shopping Dollars,Snoqualmie Casino,"37500 SE North Bend Way, Snoqualmie, WA 98065",Earn 5X Shopping Dollars,2025-10-12 20:00:00,2025-10-13 00:00:00,Hospitality-Rewards
Complimentary Night Stay,ilani,"1 Cowlitz Way, Ridgefield, WA 98642","Complimentary night stay (reservation required, subject to change and availability)",2025-10-13 00:00:00,2025-10-16 23:59:00,Hospitality-Rewards
Weekly Free Play,Little Creek Casino,"91 West State Route 108, Shelton, WA 98504",$20 Free Play,2025-10-13 00:00:00,2025-10-19 23:59:00,Free-Play
Topgolf Swing Suite Free Hour,Spirit Mountain Casino,"27100 SW Salmon River Hwy, Grand Ronde, OR 97347","1 free hour of Topgolf play, once per week",2025-10-13 00:00:00,2025-10-19 23:59:00,Offer
Weekly Choice Offer,Spirit Mountain Casino,"27100 SW Salmon River Hwy, Grand Ronde, OR 97347","Choose $15 Free Play or 2x slot points, once per week",2025-10-13 00:00:00,2025-10-19 23:59:00,Free-Play
$35 Slot Play Offer,ilani,"1 Cowlitz Way, Ridgefield, WA 98642",$35 slot play valid one time within period.,2025-10-13 06:00:00,2025-10-14 05:59:00,Free-Play
Element Apparel Collection Giveaway,Spirit Mountain Casino,"27100 SW Salmon River Hwy, Grand Ronde, OR 97347",Earn 750 points; redeem apparel gifts,2025-10-13 10:00:00,2025-10-13 20:00:00,Giveaway
Weekly Xtra Rewards Free Play,Legends Casino,"580 Fort Road, Toppenish, WA",$20 Xtra Rewards Free Play added to account,2025-10-13 10:00:00,2025-10-19 23:59:00,Free-Play
Touchdown Multiplier,Emerald Queen Casino,"1820 East 29th Street, Tacoma, WA 98404",Earn up to 24x points if Seahawks score 6+ touchdowns; activate 11am–8pm day after games,2025-10-13 11:00:00,2025-10-13 20:00:00,Point-Based
Random Legends Rewards,Legends Casino,"580 Fort Road, Toppenish, WA",Random prizes for active slot play with rewards card,2025-10-13 12:00:00,2025-10-13 20:00:00,Free-Play
Monday Drawings,Little Creek Casino,"91 West State Route 108, Shelton, WA 98504","Win your share of up to $10,000 | Drawings every 30 minutes",2025-10-13 15:00:00,2025-10-13 22:00:00,Offer
Daily Cash Drawings,Spirit Mountain Casino,"27100 SW Salmon River Hwy, Grand Ronde, OR 97347","Win up to $1,000 cash",2025-10-13 18:00:00,2025-10-13 20:00:00,Giveaway
Double Rewards Dollars,ilani,"1 Cowlitz Way, Ridgefield, WA 98642","Earn 2X rewards dollars to use at shops, restaurants, Cowlitz Crossing, and ilani hotel.",2025-10-14 00:00:00,2025-10-14 23:59:00,Hospitality-Rewards
30th Anniversary Kiosk Game,Spirit Mountain Casino,"27100 SW Salmon River Hwy, Grand Ronde, OR 97347","Tuesdays & Thursdays in October; earn 1,000 points to play for food & free play prizes",2025-10-14 00:00:00,2025-10-14 23:59:00,Free-Play
Bamboo Quilted Throw Giveaway - Week 2,Lucky Eagle Casino,"12888 188th Avenue SW, Rochester, WA 98579","Free bamboo quilted throw, swipe card at kiosk starting 10:00, redeem voucher 12:00-20:00",2025-10-14 10:00:00,2025-10-14 20:00:00,Giveaway
Monthly Gift - Bamboo Carving Board,Legends Casino,"580 Fort Road, Toppenish, WA","Redeem 60 points for Bamboo Carving Board, while supplies last",2025-10-14 10:00:00,2025-10-14 23:59:00,Giveaway
Electronics Gift Giveaway,ilani,"1 Cowlitz Way, Ridgefield, WA 98642","Over-ear headphones, mini projector, home sound bar, 3-in-1 charging dock. Tuesdays or Wednesdays Noon-20:00.",2025-10-14 12:00:00,2025-10-14 20:00:00,Giveaway
Mustang Madness Grand Finale,Emerald Queen Casino,"1820 East 29th Street, Tacoma, WA 98404",Over $500K in Mustangs must go; activate entries between 2pm–5:45pm for drawings every 30 minutes,2025-10-14 18:00:00,2025-10-14 18:00:00,Offer
Daily Cash Drawings,Spirit Mountain Casino,"27100 SW Salmon River Hwy, Grand Ronde, OR 97347","Win up to $1,000 cash",2025-10-14 18:00:00,2025-10-14 20:00:00,Giveaway
Winning Colors,Red Wind Casino,"12819 Yelm Hwy. SE, Olympia, WA 98513",Chance to win $500 cash + $10 free play if your color wins,2025-10-14 18:00:00,2025-10-14 21:00:00,Giveaway
Mustang Madness Grand Finale,Emerald Queen Casino,"1820 East 29th Street, Tacoma, WA 98404",Mustang drawings every 30 minutes. All unclaimed Mustangs awarded.,2025-10-14 18:00:00,2025-10-14 23:59:00,Offer
Double Rewards Dollars,ilani,"1 Cowlitz Way, Ridgefield, WA 98642","Earn 2X rewards dollars to use at shops, restaurants, Cowlitz Crossing, and ilani hotel.",2025-10-15 00:00:00,2025-10-15 23:59:00,Hospitality-Rewards
Weekly Loyalty Offer,Red Wind Casino,"12819 Yelm Hwy. SE, Olympia, WA 98513",$20 Free Play,2025-10-15 00:00:00,2025-10-21 23:59:00,Free-Play
$20 Free Play,Muckleshoot Casino,"3402 Auburn Way South, Auburn, WA 98002",Valid one time any day,2025-10-15 07:00:00,2025-10-19 23:59:00,Free-Play
Fall into Free Play,Angel of the Winds Casino,"3438 Stoluckquamish Lane, Arlington, Washington 98223",Earn 750 base points playing slots to receive a wheel spin (up to 3 spins per week),2025-10-15 08:00:00,2025-10-15 20:00:00,Free-Play
Vault of Riches,Snoqualmie Casino,"37500 SE North Bend Way, Snoqualmie, WA 98065",,2025-10-15 10:00:00,2025-10-15 22:00:00,Free-Play
Electronics Gift Giveaway,ilani,"1 Cowlitz Way, Ridgefield, WA 98642","Over-ear headphones, mini projector, home sound bar, 3-in-1 charging dock. Tuesdays or Wednesdays Noon-20:00.",2025-10-15 12:00:00,2025-10-15 20:00:00,Giveaway
Witch's Cauldron Wednesdays,Little Creek Casino,"91 West State Route 108, Shelton, WA 98504","Win up to $2,000 | Earn 300 points 15:00–17:00 | Swipe 18:00–20:00",2025-10-15 15:00:00,2025-10-15 20:00:00,Point-Based
"$250,000 Roll Wurst",Muckleshoot Casino,"3402 Auburn Way South, Auburn, WA 98002","Win up to $5,000 in cash, 5 winners every hour",2025-10-15 17:00:00,2025-10-15 21:00:00,Giveaway
Mustang Madness Grand Finale,Emerald Queen Casino,"1820 East 29th Street, Tacoma, WA 98404",Over $500K in Mustangs must go; activate entries between 2pm–5:45pm for drawings every 30 minutes,2025-10-15 18:00:00,2025-10-15 18:00:00,Offer
Daily Cash Drawings,Spirit Mountain Casino,"27100 SW Salmon River Hwy, Grand Ronde, OR 97347","Win up to $1,000 cash",2025-10-15 18:00:00,2025-10-15 20:00:00,Giveaway
30th Anniversary Kiosk Game,Spirit Mountain Casino,"27100 SW Salmon River Hwy, Grand Ronde, OR 97347","Tuesdays & Thursdays in October; earn 1,000 points to play for food & free play prizes",2025-10-16 00:00:00,2025-10-16 23:59:00,Free-Play
Dining & Shopping Rewards,ilani,"1 Cowlitz Way, Ridgefield, WA 98642",$15 dining & shopping rewards.,2025-10-16 00:00:00,2025-10-31 23:59:00,Hospitality-Rewards
$35 Slot Play Offer,ilani,"1 Cowlitz Way, Ridgefield, WA 98642",$35 slot play valid one time within period.,2025-10-16 06:00:00,2025-10-16 23:59:00,Free-Play
Fall-Tastic Cookware Gifts - 3-Cup Food Processor,Muckleshoot Casino,"3402 Auburn Way South, Auburn, WA 98002",Gift Giveaway,2025-10-16 12:00:00,2025-10-16 21:00:00,Giveaway
Take Me Away Collection Giveaway,Little Creek Casino,"91 West State Route 108, Shelton, WA 98504","Free gift: Faux fur resort robe, 3-piece hair dryer, muscle massage gun with attachments, cozy resort blanket",2025-10-16 13:00:00,2025-10-16 21:00:00,Giveaway
Daily Cash Drawings,Spirit Mountain Casino,"27100 SW Salmon River Hwy, Grand Ronde, OR 97347","Win up to $1,000 cash",2025-10-16 18:00:00,2025-10-16 20:00:00,Giveaway
Wicked Winnings,Legends Casino,"580 Fort Road, Toppenish, WA","Two winners hourly 6–8pm win $2,000; three winners at 9pm can win up to $10,000",2025-10-16 18:00:00,2025-10-16 21:00:00,Giveaway
Winning Colors,Red Wind Casino,"12819 Yelm Hwy. SE, Olympia, WA 98513",Chance to win $500 cash + $10 free play if your color wins,2025-10-16 18:00:00,2025-10-16 21:00:00,Giveaway
Night Owl Multiplier,Emerald Queen Casino,"1820 East 29th Street, Tacoma, WA 98404",Earn up to 12x points; swipe to unlock; Thursdays in October,2025-10-16 18:00:00,2025-10-17 00:00:00,Point-Based
"$70,000 Thursday Hot Seats",ilani,"1 Cowlitz Way, Ridgefield, WA 98642","$1,000 hot seats every 20 minutes 19:00-21:40. $5,000 cash grand prize hot seat at 22:00.",2025-10-16 19:00:00,2025-10-16 22:00:00,Giveaway
Entry Multiplier Friday,ilani,"1 Cowlitz Way, Ridgefield, WA 98642",Receive multiple entries for every status point earned.,2025-10-17 00:00:00,2025-10-17 23:59:00,Point-Based
$35 Slot Play Offer,ilani,"1 Cowlitz Way, Ridgefield, WA 98642",$35 slot play valid one time within period.,2025-10-17 06:00:00,2025-10-18 05:59:00,Free-Play
2X Shopping Dollars,Snoqualmie Casino,"37500 SE North Bend Way, Snoqualmie, WA 98065",Earn 2X Shopping Dollars,2025-10-17 08:00:00,2025-10-17 12:00:00,Hospitality-Rewards
Fall-Tastic Cookware Gifts - 3-Cup Food Processor,Muckleshoot Casino,"3402 Auburn Way South, Auburn, WA 98002",Gift Giveaway,2025-10-17 10:00:00,2025-10-17 14:00:00,Giveaway
$40 Friday Bonus Free Play,Lucky Eagle Casino,"12888 188th Avenue SW, Rochester, WA 98579",$40 Free Play,2025-10-17 10:00:00,2025-10-17 23:59:00,Free-Play
Monster Cash,Little Creek Casino,"91 West State Route 108, Shelton, WA 98504","Win your share of up to $500,000 | Drawings every 30 minutes",2025-10-17 12:00:00,2025-10-17 20:00:00,Giveaway
Secret Stash $15 Bets on Us!,Angel of the Winds Casino,"3438 Stoluckquamish Lane, Arlington, Washington 98223",Play slots & be one of 75 lucky weekly winners,2025-10-17 16:00:00,2025-10-17 22:00:00,Offer
"$340,000 Biergarten Bonanza",Muckleshoot Casino,"3402 Auburn Way South, Auburn, WA 98002","Win up to $10,000 in cash, 8 winners every hour",2025-10-17 17:00:00,2025-10-17 22:00:00,Giveaway
Daily Cash Drawings,Spirit Mountain Casino,"27100 SW Salmon River Hwy, Grand Ronde, OR 97347","Win up to $1,000 cash",2025-10-17 18:00:00,2025-10-17 20:00:00,Giveaway
2X Shopping Dollars,Snoqualmie Casino,"37500 SE North Bend Way, Snoqualmie, WA 98065",Earn 2X Shopping Dollars,2025-10-18 08:00:00,2025-10-18 12:00:00,Hospitality-Rewards
$40 Free Play,Lucky Eagle Casino,"12888 188th Avenue SW, Rochester, WA 98579",$40 Free Play,2025-10-18 10:00:00,2025-10-23 23:59:00,Free-Play
"$35,000 VIP Slot Tournament",ilani,"1 Cowlitz Way, Ridgefield, WA 98642","Grand Prize $10,000 Cash; 2nd $5,000; 3rd $3,000; 4th-5th $2,000; 6th-18th $1,000",2025-10-18 12:00:00,2025-10-18 19:00:00,Giveaway
Monster Cash,Little Creek Casino,"91 West State Route 108, Shelton, WA 98504","Win your share of up to $500,000 | Drawings every 30 minutes",2025-10-18 12:00:00,2025-10-18 20:00:00,Giveaway
Armor All Roadside Emergency Kit Giveaway,Muckleshoot Casino,"3402 Auburn Way South, Auburn, WA 98002",Pick up gift,2025-10-18 12:00:00,2025-10-18 21:00:00,Giveaway
Daily Cash Drawings,Spirit Mountain Casino,"27100 SW Salmon River Hwy, Grand Ronde, OR 97347","Win up to $1,000 cash",2025-10-18 18:00:00,2025-10-18 20:00:00,Giveaway
Wicked Winnings Grand Prize Drawing,Red Wind Casino,"12819 Yelm Hwy. SE, Olympia, WA 98513","Two guests will win $10,000",2025-10-18 21:00:00,2025-10-18 21:00:00,Giveaway
Entry Multiplier Sunday,ilani,"1 Cowlitz Way, Ridgefield, WA 98642",Receive multiple entries for every status point earned.,2025-10-19 00:00:00,2025-10-19 23:59:00,Point-Based
Weekly Free Play Offer,Emerald Queen Casino,"1820 East 29th Street, Tacoma, WA 98404",$25 Free Play or Dining Credit; valid once per promotional week after activation,2025-10-19 00:00:00,2025-10-25 23:59:00,Free-Play
Bonus Play - Pick Your Poison,ilani,"1 Cowlitz Way, Ridgefield, WA 98642","Guaranteed $20 promo play. Chance up to $1,000 promo play.",2025-10-19 06:00:00,2025-10-20 05:59:00,Free-Play
Bamboo Quilted Throw Giveaway - Week 3,Lucky Eagle Casino,"12888 188th Avenue SW, Rochester, WA 98579","Free bamboo quilted throw, swipe card at kiosk starting 10:00, redeem voucher 12:00-20:00",2025-10-19 10:00:00,2025-10-19 20:00:00,Giveaway
Element Apparel Collection Giveaway,Spirit Mountain Casino,"27100 SW Salmon River Hwy, Grand Ronde, OR 97347",Earn 750 points; redeem apparel gifts,2025-10-19 10:00:00,2025-10-19 20:00:00,Giveaway
Take Me Away Collection Giveaway,Little Creek Casino,"91 West State Route 108, Shelton, WA 98504","Free gift: Faux fur resort robe, 3-piece hair dryer, muscle massage gun with attachments, cozy resort blanket",2025-10-19 13:00:00,2025-10-19 21:00:00,Giveaway
Daily Cash Drawings,Spirit Mountain Casino,"27100 SW Salmon River Hwy, Grand Ronde, OR 97347","Win up to $1,000 cash",2025-10-19 18:00:00,2025-10-19 20:00:00,Giveaway
5X Shopping Dollars,Snoqualmie Casino,"37500 SE North Bend Way, Snoqualmie, WA 98065",Earn 5X Shopping Dollars,2025-10-19 20:00:00,2025-10-20 00:00:00,Hospitality-Rewards
Weekly Free Play,Little Creek Casino,"91 West State Route 108, Shelton, WA 98504",$20 Free Play,2025-10-20 00:00:00,2025-10-26 23:59:00,Free-Play
Topgolf Swing Suite Free Hour,Spirit Mountain Casino,"27100 SW Salmon River Hwy, Grand Ronde, OR 97347","1 free hour of Topgolf play, once per week",2025-10-20 00:00:00,2025-10-26 23:59:00,Offer
Weekly Choice Offer,Spirit Mountain Casino,"27100 SW Salmon River Hwy, Grand Ronde, OR 97347","Choose $15 Free Play or 2x slot points, once per week",2025-10-20 00:00:00,2025-10-26 23:59:00,Free-Play
$35 Slot Play Offer,ilani,"1 Cowlitz Way, Ridgefield, WA 98642",$35 slot play valid one time within period.,2025-10-20 06:00:00,2025-10-21 05:59:00,Free-Play
$15 Bonus Free Play,Muckleshoot Casino,"3402 Auburn Way South, Auburn, WA 98002",Insert your Muckleshoot Rewards card in any gaming machine to activate and enjoy $15 Bonus Free Play,2025-10-20 07:00:00,2025-10-21 23:59:00,Free-Play
Element Apparel Collection Giveaway,Spirit Mountain Casino,"27100 SW Salmon River Hwy, Grand Ronde, OR 97347",Earn 750 points; redeem apparel gifts,2025-10-20 10:00:00,2025-10-20 20:00:00,Giveaway
Weekly Xtra Rewards Free Play,Legends Casino,"580 Fort Road, Toppenish, WA",$20 Xtra Rewards Free Play added to account,2025-10-20 10:00:00,2025-10-26 23:59:00,Free-Play
Monday Drawings,Little Creek Casino,"91 West State Route 108, Shelton, WA 98504","Win your share of up to $10,000 | Drawings every 30 minutes",2025-10-20 15:00:00,2025-10-20 22:00:00,Offer
Daily Cash Drawings,Spirit Mountain Casino,"27100 SW Salmon River Hwy, Grand Ronde, OR 97347","Win up to $1,000 cash",2025-10-20 18:00:00,2025-10-20 20:00:00,Giveaway
2X Status Points,ilani,"1 Cowlitz Way, Ridgefield, WA 98642",Play with your ilani Forever Rewards card to receive multiplied status points.,2025-10-21 00:00:00,2025-10-21 23:59:00,Point-Based
30th Anniversary Kiosk Game,Spirit Mountain Casino,"27100 SW Salmon River Hwy, Grand Ronde, OR 97347","Tuesdays & Thursdays in October; earn 1,000 points to play for food & free play prizes",2025-10-21 00:00:00,2025-10-21 23:59:00,Free-Play
Bamboo Quilted Throw Giveaway - Week 3,Lucky Eagle Casino,"12888 188th Avenue SW, Rochester, WA 98579","Free bamboo quilted throw, swipe card at kiosk starting 10:00, redeem voucher 12:00-20:00",2025-10-21 10:00:00,2025-10-21 20:00:00,Giveaway
2X Points Tuesdays,Legends Casino,"580 Fort Road, Toppenish, WA",Earn 2X points using rewards card,2025-10-21 10:00:00,2025-10-21 23:59:00,Point-Based
Touchdown Multiplier,Emerald Queen Casino,"1820 East 29th Street, Tacoma, WA 98404",Earn up to 24x points if Seahawks score 6+ touchdowns; activate 11am–8pm day after games,2025-10-21 11:00:00,2025-10-21 20:00:00,Point-Based
Electronics Gift Giveaway,ilani,"1 Cowlitz Way, Ridgefield, WA 98642","Over-ear headphones, mini projector, home sound bar, 3-in-1 charging dock. Tuesdays or Wednesdays Noon-20:00.",2025-10-21 12:00:00,2025-10-21 20:00:00,Giveaway
Daily Cash Drawings,Spirit Mountain Casino,"27100 SW Salmon River Hwy, Grand Ronde, OR 97347","Win up to $1,000 cash",2025-10-21 18:00:00,2025-10-21 20:00:00,Giveaway
Winning Colors,Red Wind Casino,"12819 Yelm Hwy. SE, Olympia, WA 98513",Chance to win $500 cash + $10 free play if your color wins,2025-10-21 18:00:00,2025-10-21 21:00:00,Giveaway
2X Status Points,ilani,"1 Cowlitz Way, Ridgefield, WA 98642",Play with your ilani Forever Rewards card to receive multiplied status points.,2025-10-22 00:00:00,2025-10-22 23:59:00,Point-Based
Weekly Loyalty Offer,Red Wind Casino,"12819 Yelm Hwy. SE, Olympia, WA 98513",$20 Free Play,2025-10-22 00:00:00,2025-10-28 23:59:00,Free-Play
$20 Free Play,Muckleshoot Casino,"3402 Auburn Way South, Auburn, WA 98002",Valid one time any day,2025-10-22 07:00:00,2025-10-28 23:59:00,Free-Play
Fall into Free Play,Angel of the Winds Casino,"3438 Stoluckquamish Lane, Arlington, Washington 98223",Earn 750 base points playing slots to receive a wheel spin (up to 3 spins per week),2025-10-22 08:00:00,2025-10-22 20:00:00,Free-Play
10x Bonus Entries,Muckleshoot Casino,"3402 Auburn Way South, Auburn, WA 98002",,2025-10-22 10:00:00,2025-10-22 20:00:00,Offer
Vault of Riches,Snoqualmie Casino,"37500 SE North Bend Way, Snoqualmie, WA 98065",,2025-10-22 10:00:00,2025-10-22 22:00:00,Free-Play
Electronics Gift Giveaway,ilani,"1 Cowlitz Way, Ridgefield, WA 98642","Over-ear headphones, mini projector, home sound bar, 3-in-1 charging dock. Tuesdays or Wednesdays Noon-20:00.",2025-10-22 12:00:00,2025-10-22 20:00:00,Giveaway
Witch's Cauldron Wednesdays,Little Creek Casino,"91 West State Route 108, Shelton, WA 98504","Win up to $2,000 | Earn 300 points 15:00–17:00 | Swipe 18:00–20:00",2025-10-22 15:00:00,2025-10-22 20:00:00,Point-Based
"$250,000 Roll Wurst",Muckleshoot Casino,"3402 Auburn Way South, Auburn, WA 98002","Win up to $5,000 in cash, 5 winners every hour",2025-10-22 17:00:00,2025-10-22 21:00:00,Giveaway
Wicked Wednesday Drawing,Emerald Queen Casino,"1820 East 29th Street, Tacoma, WA 98404","Win share of up to $120,000 cash; drawings at 6pm and 8pm; 3x entries Fri–Sun",2025-10-22 18:00:00,2025-10-22 20:00:00,Giveaway
Daily Cash Drawings,Spirit Mountain Casino,"27100 SW Salmon River Hwy, Grand Ronde, OR 97347","Win up to $1,000 cash",2025-10-22 18:00:00,2025-10-22 20:00:00,Giveaway
30th Anniversary Kiosk Game,Spirit Mountain Casino,"27100 SW Salmon River Hwy, Grand Ronde, OR 97347","Tuesdays & Thursdays in October; earn 1,000 points to play for food & free play prizes",2025-10-23 00:00:00,2025-10-23 23:59:00,Free-Play
Complimentary Night Stay,ilani,"1 Cowlitz Way, Ridgefield, WA 98642",Free hotel stay with reservation required,2025-10-23 00:00:00,2025-10-24 23:59:00,Hospitality-Rewards
$35 Slot Play Offer,ilani,"1 Cowlitz Way, Ridgefield, WA 98642",$35 slot play valid one time within period.,2025-10-23 06:00:00,2025-10-25 05:59:00,Free-Play
Fall-Tastic Cookware Gifts - 2.5L Air Fryer,Muckleshoot Casino,"3402 Auburn Way South, Auburn, WA 98002",Gift Giveaway,2025-10-23 12:00:00,2025-10-23 21:00:00,Giveaway
Take Me Away Collection Giveaway,Little Creek Casino,"91 West State Route 108, Shelton, WA 98504","Free gift: Faux fur resort robe, 3-piece hair dryer, muscle massage gun with attachments, cozy resort blanket",2025-10-23 13:00:00,2025-10-23 21:00:00,Giveaway
Daily Cash Drawings,Spirit Mountain Casino,"27100 SW Salmon River Hwy, Grand Ronde, OR 97347","Win up to $1,000 cash",2025-10-23 18:00:00,2025-10-23 20:00:00,Giveaway
Wicked Winnings,Legends Casino,"580 Fort Road, Toppenish, WA","Two winners hourly 6–8pm win $2,000; three winners at 9pm can win up to $10,000",2025-10-23 18:00:00,2025-10-23 21:00:00,Giveaway
Winning Colors,Red Wind Casino,"12819 Yelm Hwy. SE, Olympia, WA 98513",Chance to win $500 cash + $10 free play if your color wins,2025-10-23 18:00:00,2025-10-23 21:00:00,Giveaway
Night Owl Multiplier,Emerald Queen Casino,"1820 East 29th Street, Tacoma, WA 98404",Earn up to 12x points; swipe to unlock; Thursdays in October,2025-10-23 18:00:00,2025-10-24 00:00:00,Point-Based
"$70,000 Thursday Hot Seats",ilani,"1 Cowlitz Way, Ridgefield, WA 98642","$1,000 hot seats every 20 minutes 19:00-21:40. $5,000 cash grand prize hot seat at 22:00.",2025-10-23 19:00:00,2025-10-23 22:00:00,Giveaway
Entry Multiplier Friday,ilani,"1 Cowlitz Way, Ridgefield, WA 98642",Receive multiple entries for every status point earned.,2025-10-24 00:00:00,2025-10-24 23:59:00,Point-Based
2X Shopping Dollars,Snoqualmie Casino,"37500 SE North Bend Way, Snoqualmie, WA 98065",Earn 2X Shopping Dollars,2025-10-24 08:00:00,2025-10-24 12:00:00,Hospitality-Rewards
Fall-Tastic Cookware Gifts - 2.5L Air Fryer,Muckleshoot Casino,"3402 Auburn Way South, Auburn, WA 98002",Gift Giveaway,2025-10-24 10:00:00,2025-10-24 14:00:00,Giveaway
$40 Friday Bonus Free Play,Lucky Eagle Casino,"12888 188th Avenue SW, Rochester, WA 98579",$40 Free Play,2025-10-24 10:00:00,2025-10-24 23:59:00,Free-Play
Monster Cash,Little Creek Casino,"91 West State Route 108, Shelton, WA 98504","Win your share of up to $500,000 | Drawings every 30 minutes",2025-10-24 12:00:00,2025-10-24 20:00:00,Giveaway
Secret Stash $15 Bets on Us!,Angel of the Winds Casino,"3438 Stoluckquamish Lane, Arlington, Washington 98223",Play slots & be one of 75 lucky weekly winners,2025-10-24 16:00:00,2025-10-24 22:00:00,Offer
"$340,000 Biergarten Bonanza",Muckleshoot Casino,"3402 Auburn Way South, Auburn, WA 98002","Win up to $10,000 in cash, 8 winners every hour",2025-10-24 17:00:00,2025-10-24 22:00:00,Giveaway
Daily Cash Drawings,Spirit Mountain Casino,"27100 SW Salmon River Hwy, Grand Ronde, OR 97347","Win up to $1,000 cash",2025-10-24 18:00:00,2025-10-24 20:00:00,Giveaway
"$50,000 Prost & Payouts",Muckleshoot Casino,"3402 Auburn Way South, Auburn, WA 98002",,2025-10-25 00:00:00,2025-10-25 23:59:00,Offer
2X Shopping Dollars,Snoqualmie Casino,"37500 SE North Bend Way, Snoqualmie, WA 98065",Earn 2X Shopping Dollars,2025-10-25 08:00:00,2025-10-25 12:00:00,Hospitality-Rewards
Monster Cash,Little Creek Casino,"91 West State Route 108, Shelton, WA 98504","Win your share of up to $500,000 | Drawings every 30 minutes",2025-10-25 12:00:00,2025-10-25 20:00:00,Giveaway
Lucky Star Rewards Drawings,Lucky Eagle Casino,"12888 188th Avenue SW, Rochester, WA 98579","Drawings every 30 minutes; prizes up to $500 Free Play and grand prize $18,000 cash",2025-10-25 17:00:00,2025-10-25 21:00:00,Giveaway
Daily Cash Drawings,Spirit Mountain Casino,"27100 SW Salmon River Hwy, Grand Ronde, OR 97347","Win up to $1,000 cash",2025-10-25 18:00:00,2025-10-25 20:00:00,Giveaway
Wicked Winnings Grand Prize Drawing,Red Wind Casino,"12819 Yelm Hwy. SE, Olympia, WA 98513","Two guests will win $10,000",2025-10-25 21:00:00,2025-10-25 21:00:00,Giveaway
Complimentary Night Stay,ilani,"1 Cowlitz Way, Ridgefield, WA 98642",Free hotel stay with reservation required,2025-10-26 00:00:00,2025-10-30 23:59:00,Hospitality-Rewards
Weekly Free Play Offer,Emerald Queen Casino,"1820 East 29th Street, Tacoma, WA 98404",$25 Free Play or Dining Credit; valid once per promotional week after activation,2025-10-26 00:00:00,2025-11-01 23:59:00,Free-Play
Complimentary Hotel or RV Resort Stays,Angel of the Winds Casino,"3438 Stoluckquamish Lane, Arlington, Washington 98223","Five complimentary hotel or RV resort stays, October 26–November 29",2025-10-26 00:00:00,2025-11-29 23:59:00,Hospitality-Rewards
$40 Weekly Free Play,Angel of the Winds Casino,"3438 Stoluckquamish Lane, Arlington, Washington 98223","$40 Weekly Free Play valid Sundays–Fridays, October 26–November 29",2025-10-26 00:00:00,2025-11-29 23:59:00,Free-Play
$35 Slot Play Offer,ilani,"1 Cowlitz Way, Ridgefield, WA 98642",$35 slot play valid one time within period.,2025-10-26 06:00:00,2025-10-27 05:59:00,Free-Play
Bamboo Quilted Throw Giveaway - Week 4,Lucky Eagle Casino,"12888 188th Avenue SW, Rochester, WA 98579","Free bamboo quilted throw, swipe card at kiosk starting 10:00, redeem voucher 12:00-20:00",2025-10-26 10:00:00,2025-10-26 20:00:00,Giveaway
Element Apparel Collection Giveaway,Spirit Mountain Casino,"27100 SW Salmon River Hwy, Grand Ronde, OR 97347",Earn 750 points; redeem apparel gifts,2025-10-26 10:00:00,2025-10-26 20:00:00,Giveaway
Take Me Away Collection Giveaway,Little Creek Casino,"91 West State Route 108, Shelton, WA 98504","Free gift: Faux fur resort robe, 3-piece hair dryer, muscle massage gun with attachments, cozy resort blanket",2025-10-26 13:00:00,2025-10-26 21:00:00,Giveaway
"$52,000 Giveaway Grand Finale",ilani,"1 Cowlitz Way, Ridgefield, WA 98642","Entry activation 15:00-19:40. $1,000 promo play hot seats every 20 minutes 16:00-19:40. $40,000 grand prize cash drawing 20:00 in Rock & Brews.",2025-10-26 15:00:00,2025-10-26 20:00:00,Giveaway
Daily Cash Drawings,Spirit Mountain Casino,"27100 SW Salmon River Hwy, Grand Ronde, OR 97347","Win up to $1,000 cash",2025-10-26 18:00:00,2025-10-26 20:00:00,Giveaway
5X Shopping Dollars,Snoqualmie Casino,"37500 SE North Bend Way, Snoqualmie, WA 98065",Earn 5X Shopping Dollars,2025-10-26 20:00:00,2025-10-27 00:00:00,Hospitality-Rewards
Topgolf Swing Suite Free Hour,Spirit Mountain Casino,"27100 SW Salmon River Hwy, Grand Ronde, OR 97347","1 free hour of Topgolf play, once per week",2025-10-27 00:00:00,2025-10-31 23:59:00,Offer
Weekly Choice Offer,Spirit Mountain Casino,"27100 SW Salmon River Hwy, Grand Ronde, OR 97347","Choose $15 Free Play or 2x slot points, once per week",2025-10-27 00:00:00,2025-10-31 23:59:00,Free-Play
$20 Weekly Free Play,Little Creek Casino,"91 West State Route 108, Shelton, WA 98504",$20 Free Play; Monday thru Sunday,2025-10-27 00:00:00,2025-11-02 23:59:00,Free-Play
Element Apparel Collection Giveaway,Spirit Mountain Casino,"27100 SW Salmon River Hwy, Grand Ronde, OR 97347",Earn 750 points; redeem apparel gifts,2025-10-27 10:00:00,2025-10-27 20:00:00,Giveaway
Weekly Xtra Rewards Free Play,Legends Casino,"580 Fort Road, Toppenish, WA",$20 Xtra Rewards Free Play added to account,2025-10-27 10:00:00,2025-11-02 23:59:00,Free-Play
Monday Drawings,Little Creek Casino,"91 West State Route 108, Shelton, WA 98504","Win your share of up to $10,000 | Drawings every 30 minutes",2025-10-27 15:00:00,2025-10-27 22:00:00,Offer
Birthday Bonus Drawing,Emerald Queen Casino,"1820 East 29th Street, Tacoma, WA 98404","Win up to $2,000 free play; your age = number of entries; drawings at 4pm, 6pm, 8pm",2025-10-27 16:00:00,2025-10-27 20:00:00,Giveaway
Daily Cash Drawings,Spirit Mountain Casino,"27100 SW Salmon River Hwy, Grand Ronde, OR 97347","Win up to $1,000 cash",2025-10-27 18:00:00,2025-10-27 20:00:00,Giveaway
Double Rewards Dollars,ilani,"1 Cowlitz Way, Ridgefield, WA 98642","Earn 2X rewards dollars to use at shops, restaurants, Cowlitz Crossing, and ilani hotel.",2025-10-28 00:00:00,2025-10-28 23:59:00,Hospitality-Rewards
30th Anniversary Kiosk Game,Spirit Mountain Casino,"27100 SW Salmon River Hwy, Grand Ronde, OR 97347","Tuesdays & Thursdays in October; earn 1,000 points to play for food & free play prizes",2025-10-28 00:00:00,2025-10-28 23:59:00,Free-Play
Bamboo Quilted Throw Giveaway - Week 4,Lucky Eagle Casino,"12888 188th Avenue SW, Rochester, WA 98579","Free bamboo quilted throw, swipe card at kiosk starting 10:00, redeem voucher 12:00-20:00",2025-10-28 10:00:00,2025-10-28 20:00:00,Giveaway
Monthly Gift - 12pc Knife Set,Legends Casino,"580 Fort Road, Toppenish, WA","Redeem 60 points for 12pc Knife Set, while supplies last",2025-10-28 10:00:00,2025-10-28 23:59:00,Giveaway
Electronics Gift Giveaway,ilani,"1 Cowlitz Way, Ridgefield, WA 98642","Over-ear headphones, mini projector, home sound bar, 3-in-1 charging dock. Tuesdays or Wednesdays Noon-20:00.",2025-10-28 12:00:00,2025-10-28 20:00:00,Giveaway
Daily Cash Drawings,Spirit Mountain Casino,"27100 SW Salmon River Hwy, Grand Ronde, OR 97347","Win up to $1,000 cash",2025-10-28 18:00:00,2025-10-28 20:00:00,Giveaway
Winning Colors,Red Wind Casino,"12819 Yelm Hwy. SE, Olympia, WA 98513",Chance to win $500 cash + $10 free play if your color wins,2025-10-28 18:00:00,2025-10-28 21:00:00,Giveaway
Double Rewards Dollars,ilani,"1 Cowlitz Way, Ridgefield, WA 98642","Earn 2X rewards dollars to use at shops, restaurants, Cowlitz Crossing, and ilani hotel.",2025-10-29 00:00:00,2025-10-29 23:59:00,Hospitality-Rewards
10X Shopping Dollars,Snoqualmie Casino,"37500 SE North Bend Way, Snoqualmie, WA 98065",Earn 10X Shopping Dollars,2025-10-29 07:00:00,2025-10-29 10:00:00,Hospitality-Rewards
$15 Bonus Free Play,Muckleshoot Casino,"3402 Auburn Way South, Auburn, WA 98002",$15 bonus free play when you insert your Muckleshoot Rewards card in any gaming machine,2025-10-29 07:00:00,2025-10-30 23:59:00,Free-Play
Vault of Riches,Snoqualmie Casino,"37500 SE North Bend Way, Snoqualmie, WA 98065",,2025-10-29 10:00:00,2025-10-29 22:00:00,Free-Play
Electronics Gift Giveaway,ilani,"1 Cowlitz Way, Ridgefield, WA 98642","Over-ear headphones, mini projector, home sound bar, 3-in-1 charging dock. Tuesdays or Wednesdays Noon-20:00.",2025-10-29 12:00:00,2025-10-29 20:00:00,Giveaway
Witch's Cauldron Wednesdays,Little Creek Casino,"91 West State Route 108, Shelton, WA 98504","Win up to $2,000 | Earn 300 points 15:00–17:00 | Swipe 18:00–20:00",2025-10-29 15:00:00,2025-10-29 20:00:00,Point-Based
"$250,000 Roll Wurst",Muckleshoot Casino,"3402 Auburn Way South, Auburn, WA 98002","Win up to $5,000 in cash, 5 winners every hour",2025-10-29 17:00:00,2025-10-29 21:00:00,Giveaway
Wicked Wednesday Drawing,Emerald Queen Casino,"1820 East 29th Street, Tacoma, WA 98404","Win share of up to $120,000 cash; drawings at 6pm and 8pm; 3x entries Fri–Sun",2025-10-29 18:00:00,2025-10-29 20:00:00,Giveaway
Daily Cash Drawings,Spirit Mountain Casino,"27100 SW Salmon River Hwy, Grand Ronde, OR 97347","Win up to $1,000 cash",2025-10-29 18:00:00,2025-10-29 20:00:00,Giveaway
30th Anniversary Kiosk Game,Spirit Mountain Casino,"27100 SW Salmon River Hwy, Grand Ronde, OR 97347","Tuesdays & Thursdays in October; earn 1,000 points to play for food & free play prizes",2025-10-30 00:00:00,2025-10-30 23:59:00,Free-Play
$35 Slot Play Offer,ilani,"1 Cowlitz Way, Ridgefield, WA 98642",$35 slot play valid one time within period.,2025-10-30 06:00:00,2025-10-31 05:59:00,Free-Play
Take Me Away Collection Giveaway,Little Creek Casino,"91 West State Route 108, Shelton, WA 98504","Free gift: Faux fur resort robe, 3-piece hair dryer, muscle massage gun with attachments, cozy resort blanket",2025-10-30 13:00:00,2025-10-30 21:00:00,Giveaway
Daily Cash Drawings,Spirit Mountain Casino,"27100 SW Salmon River Hwy, Grand Ronde, OR 97347","Win up to $1,000 cash",2025-10-30 18:00:00,2025-10-30 20:00:00,Giveaway
Wicked Winnings,Legends Casino,"580 Fort Road, Toppenish, WA","Two winners hourly 6–8pm win $2,000; three winners at 9pm can win up to $10,000",2025-10-30 18:00:00,2025-10-30 21:00:00,Giveaway
Winning Colors,Red Wind Casino,"12819 Yelm Hwy. SE, Olympia, WA 98513",Chance to win $500 cash + $10 free play if your color wins,2025-10-30 18:00:00,2025-10-30 21:00:00,Giveaway
Night Owl Multiplier,Emerald Queen Casino,"1820 East 29th Street, Tacoma, WA 98404",Earn up to 12x points; swipe to unlock; Thursdays in October,2025-10-30 18:00:00,2025-10-31 00:00:00,Point-Based
"$70,000 Thursday Hot Seats",ilani,"1 Cowlitz Way, Ridgefield, WA 98642","$1,000 hot seats every 20 minutes 19:00-21:40. $5,000 cash grand prize hot seat at 22:00.",2025-10-30 19:00:00,2025-10-30 22:00:00,Giveaway
"$100,000 Día Muertos Celebration",Muckleshoot Casino,"3402 Auburn Way South, Auburn, WA 98002","Win $1,000 in Free Play, up to 125 winners",2025-10-31 07:00:00,2025-11-01 21:59:00,Free-Play
2X Shopping Dollars,Snoqualmie Casino,"37500 SE North Bend Way, Snoqualmie, WA 98065",Earn 2X Shopping Dollars,2025-10-31 08:00:00,2025-10-31 12:00:00,Hospitality-Rewards
$40 Friday Bonus Free Play,Lucky Eagle Casino,"12888 188th Avenue SW, Rochester, WA 98579",$40 Free Play,2025-10-31 10:00:00,2025-10-31 23:59:00,Free-Play
Monster Cash,Little Creek Casino,"91 West State Route 108, Shelton, WA 98504","Win your share of up to $500,000 | Drawings every 30 minutes",2025-10-31 12:00:00,2025-10-31 20:00:00,Giveaway
Halloween Costume Contest,Red Wind Casino,"12819 Yelm Hwy. SE, Olympia, WA 98513",First Place: $500 Free Play | Second Place: $300 Free Play | Third Place: $200 Free Play,2025-10-31 16:00:00,2025-10-31 21:30:00,Free-Play
"$100,000 Cash and Prizes Giveaway",Muckleshoot Casino,"3402 Auburn Way South, Auburn, WA 98002","Win a share of over $100,000 in cash and prizes",2025-10-31 16:00:00,2025-10-31 22:00:00,Giveaway
Payback Time Drawing,Spirit Mountain Casino,"27100 SW Salmon River Hwy, Grand Ronde, OR 97347","15 winners will take home $1,000",2025-10-31 17:00:00,2025-10-31 20:00:00,Giveaway
Pumpkin Spice Grand Prize Drawing,Lucky Eagle Casino,"12888 188th Avenue SW, Rochester, WA 98579",Grand prize drawing,2025-10-31 18:00:00,2025-10-31 21:00:00,Giveaway
"$25,000 Jackpot Drawing",Red Wind Casino,"12819 Yelm Hwy. SE, Olympia, WA 98513","Win $5,000 at 6pm, 7pm, 8pm | Win $10,000 at 9pm",2025-10-31 18:00:00,2025-10-31 21:00:00,Giveaway
$31 Lucky Bucks,Lucky Dog Casino,"19330 N US HWY 101, Skokomish, WA 98584",$31 Lucky Bucks valid one-time,2025-11-01 00:00:00,2025-11-02 23:59:00,Free-Play
Your Choice Promotion,Spirit Mountain Casino,"27100 SW Salmon River Hwy, Grand Ronde, OR 97347",Choose either $25 Free Play or 2x Slot Points once per week,2025-11-01 00:00:00,2025-11-02 23:59:00,Free-Play
$20 Dining & Shopping Rewards,ilani,"1 Cowlitz Way, Ridgefield, WA 98642",$20 dining & shopping rewards,2025-11-01 00:00:00,2025-11-15 23:59:00,Hospitality-Rewards
2025 Toyota Tundra 1794 Edition Sweepstakes,ilani,"1 Cowlitz Way, Ridgefield, WA 98642",Play throughout November for a chance to win a 2025 Toyota Tundra 1794 Edition. Earn entries daily with ilani Forever Rewards account.,2025-11-01 00:00:00,2025-11-22 23:59:00,Giveaway
Fall Into Fortune Cash Drawings,Red Wind Casino,"12819 Yelm Hwy. SE, Olympia, WA 98513","$20,000 Grand Prize Drawings. Earn entries Fridays and Saturdays by playing slots and table games or purchasing additional entries.",2025-11-01 00:00:00,2025-11-22 23:59:00,Giveaway
Turkey Giveaway,Legends Casino,"580 Fort Road, Toppenish, WA","Earn 600 points from Nov. 1–25 to receive a turkey voucher; one per guest, while supplies last",2025-11-01 00:00:00,2025-11-25 23:59:00,Giveaway
RV Stay Offer,Lucky Eagle Casino,"12888 188th Avenue SW, Rochester, WA 98579",2 free RV stays valid any day,2025-11-01 00:00:00,2025-11-28 23:59:00,Hospitality-Rewards
Anniversary Celebration,Snoqualmie Casino,"37500 SE North Bend Way, Snoqualmie, WA 98065","Win share of over $3,000,000 in cars, cash and Freeplay; earn entries Oct 20-Nov 29",2025-11-01 00:00:00,2025-11-29 23:59:00,Giveaway
Complimentary Hotel Stay,Emerald Queen Casino,"1820 East 29th Street, Tacoma, WA 98404",Offer valid for the month of November 2025. Enjoy up to 4 complimentary one-night stays at EQC Fife (Sunday–Saturday). Reservations must be made at least 72 hours in advance with a valid credit card.,2025-11-01 00:00:00,2025-11-30 23:59:00,Hospitality-Rewards
Win Gameshow Tickets,Little Creek Casino,"91 West State Route 108, Shelton, WA 98504",Win any November promo and get 2 tickets to the gameshow,2025-11-01 00:00:00,2025-11-30 23:59:00,Offer
Cashgiving Kiosk Pick-and-Win,Lucky Eagle Casino,"12888 188th Avenue SW, Rochester, WA 98579","Swipe and play daily to win part of $16,000 in free play; earn 2x entries every Monday; earn 10x entries on Nov 28; grand prize drawing Dec 1",2025-11-01 00:00:00,2025-11-30 23:59:00,Giveaway
Free Hotel Stay Offer,Spirit Mountain Casino,"27100 SW Salmon River Hwy, Grand Ronde, OR 97347",Free hotel stay based on availability; call 800-760-7977 and reference Coyote Club #1344200,2025-11-01 00:00:00,2025-11-30 23:59:00,Hospitality-Rewards
Free RV Stay Offer,Spirit Mountain Casino,"27100 SW Salmon River Hwy, Grand Ronde, OR 97347",Free RV stay based on availability; call 800-760-7977 and reference Coyote Club #1344200,2025-11-01 00:00:00,2025-11-30 23:59:00,Hospitality-Rewards
Pluck a Turkey,ilani,"1 Cowlitz Way, Ridgefield, WA 98642","play to reveal your bonus — win up to $5,000 in slot play; guaranteed $60 slot play",2025-11-01 06:00:00,2025-11-02 05:59:00,Free-Play
$10 Free Play Offer,Muckleshoot Casino,"3402 Auburn Way South, Auburn, WA 98002","Valid one time between November 1–7, 2025.",2025-11-01 07:00:00,2025-11-07 23:59:00,Free-Play
Club Red VIP Rewards (Nov 1–15),Red Wind Casino,"12819 Yelm Hwy. SE, Olympia, WA 98513",$25 Free Play offer valid during this period.,2025-11-01 08:00:00,2025-11-15 23:59:00,Free-Play
Free Play Offer,Lucky Eagle Casino,"12888 188th Avenue SW, Rochester, WA 98579",$40 free play Saturday–Thursday Nov 1–Nov 6,2025-11-01 10:00:00,2025-11-06 23:59:00,Free-Play
Hot-sons Hot Seat Drawings (Saturdays),Red Wind Casino,"12819 Yelm Hwy. SE, Olympia, WA 98513",Win $250 slot free play and 250 bonus entries into the Fall Into Fortune grand prize drawing.,2025-11-01 14:00:00,2025-11-01 17:00:00,Giveaway
"$100,000 Cash and Prizes Giveaway",Muckleshoot Casino,"3402 Auburn Way South, Auburn, WA 98002","Win a share of over $100,000 in cash and prizes",2025-11-01 16:00:00,2025-11-01 22:00:00,Giveaway
Club Lucky Drawings Saturdays,Lucky Dog Casino,"19330 N US HWY 101, Skokomish, WA 98584",Cash hot seat drawings and bonus drawings,2025-11-01 18:00:00,2025-11-01 21:00:00,Giveaway
Beat the Clock Karaoke,Angel of the Winds Casino,"3438 Stoluckquamish Lane, Arlington, Washington 98223",Karaoke 21:00–01:00,2025-11-01 21:00:00,2025-11-02 01:00:00,Offer
Diamond Star Holo,Angel of the Winds Casino,"3438 Stoluckquamish Lane, Arlington, Washington 98223",Performance 21:00–01:00,2025-11-01 21:00:00,2025-11-02 01:00:00,Offer
Exclusive Weekly Offer,Emerald Queen Casino,"1820 East 29th Street, Tacoma, WA 98404",$25 free play or dining credit (valid once per promotional week upon activation),2025-11-02 00:00:00,2025-11-08 23:59:00,Free-Play
November Exclusive Gifts: Sizzlin' Kitchen Collection,Lucky Eagle Casino,"12888 188th Avenue SW, Rochester, WA 98579",Earn and get gifts on Sundays and Tuesdays; no redemption on Nov 30,2025-11-02 00:00:00,2025-11-25 23:59:00,Giveaway
Deluxe or Premium Room Offer,Little Creek Casino,"91 West State Route 108, Shelton, WA 98504","1 free deluxe or premium room per week, valid Sundays–Thursdays",2025-11-02 00:00:00,2025-11-27 23:59:00,Offer
Stay 'N Play Hotel Offer,Lucky Eagle Casino,"12888 188th Avenue SW, Rochester, WA 98579","2 free standard rooms, valid Sun–Fri",2025-11-02 00:00:00,2025-11-28 23:59:00,Hospitality-Rewards
Football Pick 'Em,Emerald Queen Casino,"1820 East 29th Street, Tacoma, WA 98404","Weekly football picks; 1st place $2,000 cash; 2nd $1,000; 3rd $500; next 1,000 receive $10 free play",2025-11-02 00:00:00,2025-11-30 23:59:00,Giveaway
$50 Slot Play,ilani,"1 Cowlitz Way, Ridgefield, WA 98642",$50 slot play offer,2025-11-02 06:00:00,2025-11-04 05:59:00,Free-Play
3 Piece Canister Set Giveaway,Angel of the Winds Casino,"3438 Stoluckquamish Lane, Arlington, Washington 98223","Redeem at Players Club East, Sundays & Mondays in November 10:00–20:00; vouchers void after 20:00",2025-11-02 10:00:00,2025-11-02 20:00:00,Giveaway
Dinner’s Served – Weekly Gift Collection,Lucky Eagle Casino,"12888 188th Avenue SW, Rochester, WA 98579","Swipe your player’s club card at a kiosk starting at 10:00 to claim a voucher, then exchange it for your free gift at the promotions podium from 12:00–20:00. No points needed. Visit weekly to collect the full set. No gift on November 30.",2025-11-02 10:00:00,2025-11-02 20:00:00,Giveaway
Kitchen Gadgets Gifting Sundays,Lucky Dog Casino,"19330 N US HWY 101, Skokomish, WA 98584",Free kitchen gadget gift each week,2025-11-02 12:00:00,2025-11-02 18:00:00,Giveaway
Savvy Kitchen Essentials Week 1,Little Creek Casino,"91 West State Route 108, Shelton, WA 98504",Gift collection event – Visit Sunday or Thursday to collect Week 1 item (no point earning needed),2025-11-02 13:00:00,2025-11-02 21:00:00,Giveaway
Entry Multiplier Monday,ilani,"1 Cowlitz Way, Ridgefield, WA 98642",Earn multiple entries per status point toward the Toyota Tundra Sweepstakes.,2025-11-03 00:00:00,2025-11-03 23:59:00,Giveaway
$31 Lucky Bucks,Lucky Dog Casino,"19330 N US HWY 101, Skokomish, WA 98584",$31 Lucky Bucks valid one-time,2025-11-03 00:00:00,2025-11-06 23:59:00,Free-Play
$15 Off Food,Spirit Mountain Casino,"27100 SW Salmon River Hwy, Grand Ronde, OR 97347",$15 off food once per week,2025-11-03 00:00:00,2025-11-06 23:59:00,Hospitality-Rewards
$15 Free Play Offer,Little Creek Casino,"91 West State Route 108, Shelton, WA 98504",$15 Free Play each week,2025-11-03 00:00:00,2025-11-09 23:59:00,Free-Play
Your Choice Promotion,Spirit Mountain Casino,"27100 SW Salmon River Hwy, Grand Ronde, OR 97347",Choose either $25 Free Play or 2x Slot Points once per week,2025-11-03 00:00:00,2025-11-09 23:59:00,Free-Play
Bigfoot Picnic Kiosk Game,Spirit Mountain Casino,"27100 SW Salmon River Hwy, Grand Ronde, OR 97347","Play Monday–Wednesday in November to win prizes and free play; earn 500 points to play, up to 5 laps per week",2025-11-03 00:00:00,2025-11-26 23:59:00,Free-Play
3 Piece Canister Set Giveaway,Angel of the Winds Casino,"3438 Stoluckquamish Lane, Arlington, Washington 98223","Redeem at Players Club East, Sundays & Mondays in November 10:00–20:00; vouchers void after 20:00",2025-11-03 10:00:00,2025-11-03 20:00:00,Giveaway
Xtra Rewards Free Play,Legends Casino,"580 Fort Road, Toppenish, WA",$20 Xtra Rewards Free Play each week; valid Monday 10:00 through Sunday 23:59,2025-11-03 10:00:00,2025-11-09 23:59:00,Free-Play
Touchdown Multiplier,Emerald Queen Casino,"1820 East 29th Street, Tacoma, WA 98404","Earn up to 12x points if Seahawks score 3+ touchdowns, up to 24x if 6+; activate multiplier 11am–8pm day after games",2025-11-03 11:00:00,2025-11-03 20:00:00,Point-Based
Cornucopia of Cash,Little Creek Casino,"91 West State Route 108, Shelton, WA 98504","Win up to $1,000 in prizes inside the Cash Cube; drawings every hour",2025-11-03 14:00:00,2025-11-03 21:00:00,Giveaway
2X Status Points,ilani,"1 Cowlitz Way, Ridgefield, WA 98642",Earn double status points on select Tuesdays & Wednesdays.,2025-11-04 00:00:00,2025-11-04 23:59:00,Point-Based
Club Lucky Multiplier Tuesdays,Lucky Dog Casino,"19330 N US HWY 101, Skokomish, WA 98584",Earn up to 4x points based on Club Lucky level,2025-11-04 10:00:00,2025-11-04 18:00:00,Point-Based
Forever Young Tuesdays,Little Creek Casino,"91 West State Route 108, Shelton, WA 98504","$7,000 drawings; Crumbl Cookie giveaway for guests 50+ at 10am",2025-11-04 10:00:00,2025-11-04 19:00:00,Giveaway
Dinner’s Served – Weekly Gift Collection,Lucky Eagle Casino,"12888 188th Avenue SW, Rochester, WA 98579","Swipe your player’s club card at a kiosk starting at 10:00 to claim a voucher, then exchange it for your free gift at the promotions podium from 12:00–20:00. No points needed. Visit weekly to collect the full set. No gift on November 30.",2025-11-04 10:00:00,2025-11-04 20:00:00,Giveaway
Level Up Multiplier,Muckleshoot Casino,"3402 Auburn Way South, Auburn, WA 98002",Earn up to 5X points on gaming machines or table games.,2025-11-04 10:00:00,2025-11-04 20:00:00,Point-Based
Kitchenware Gift Giveaway,ilani,"1 Cowlitz Way, Ridgefield, WA 98642",Pick up pre-earned Le Cuisinier kitchenware gifts. One per person while supplies last.,2025-11-04 12:00:00,2025-11-04 20:00:00,Giveaway
Winning Colors,Red Wind Casino,"12819 Yelm Hwy. SE, Olympia, WA 98513",Choose the winning colors for a chance to win $500 cash every 30 minutes and $10 free play if your color wins.,2025-11-04 18:00:00,2025-11-04 21:00:00,Giveaway
2X Status Points,ilani,"1 Cowlitz Way, Ridgefield, WA 98642",Earn double status points on select Tuesdays & Wednesdays.,2025-11-05 00:00:00,2025-11-05 23:59:00,Point-Based
Wearable Wednesdays,Lucky Dog Casino,"19330 N US HWY 101, Skokomish, WA 98584",Earn 50 base points for a free wearable,2025-11-05 10:00:00,2025-11-05 20:00:00,Giveaway
Kitchenware Gift Giveaway,ilani,"1 Cowlitz Way, Ridgefield, WA 98642",Pick up Le Cuisinier kitchenware gifts. One per person while supplies last.,2025-11-05 12:00:00,2025-11-05 20:00:00,Giveaway
"Gobble, Roll & Score Wednesdays",Little Creek Casino,"91 West State Route 108, Shelton, WA 98504","Win your share of $27,000 in drawings every hour",2025-11-05 12:00:00,2025-11-05 20:00:00,Offer
Elixir of Fortune,Muckleshoot Casino,"3402 Auburn Way South, Auburn, WA 98002","Win your share of over $300,000 in cash and free play. 6 winners every hour.",2025-11-05 17:00:00,2025-11-05 21:00:00,Giveaway
November to Remember Drawings,Emerald Queen Casino,"1820 East 29th Street, Tacoma, WA 98404","Win a year of mortgage, gas, groceries, or car payments; over $100,000 in cash prizes; Plinko game; one free entry + 1 extra per 500 base points; 3x entries Fri–Sun",2025-11-05 18:00:00,2025-11-05 18:00:00,Giveaway
Full Beaver Moon 10X Points,Legends Casino,"580 Fort Road, Toppenish, WA",Earn 10X points using your rewards card during the Full Beaver Moon event,2025-11-05 18:00:00,2025-11-05 23:59:00,Point-Based
Stuff Your Points Multiplier,Emerald Queen Casino,"1820 East 29th Street, Tacoma, WA 98404",Earn up to 12x points; swipe card at promo kiosk,2025-11-06 00:00:00,2025-11-06 23:59:00,Point-Based
Entry Multiplier Thursday,ilani,"1 Cowlitz Way, Ridgefield, WA 98642",Earn multiple entries per status point toward the Toyota Tundra Sweepstakes.,2025-11-06 00:00:00,2025-11-06 23:59:00,Giveaway
$50 Slot Play,ilani,"1 Cowlitz Way, Ridgefield, WA 98642",$50 slot play offer. Claim offer at any player's kiosk; use within 24 hours of activation.,2025-11-06 06:00:00,2025-11-08 05:59:00,Free-Play
Holiday Bakeware Gift Series - 2-Quart Rectangular Baking Dish,Muckleshoot Casino,"3402 Auburn Way South, Auburn, WA 98002",Claim your gift by swiping your Muckleshoot Rewards card at any promotions kiosk during distribution date and time. Limit one gift per guest while supplies last.,2025-11-06 12:00:00,2025-11-06 21:00:00,Giveaway
Savvy Kitchen Essentials Week 1,Little Creek Casino,"91 West State Route 108, Shelton, WA 98504",Gift collection event (no point earning needed),2025-11-06 13:00:00,2025-11-06 21:00:00,Giveaway
Moolah-La Cast Prizes,Legends Casino,"580 Fort Road, Toppenish, WA","Every Thursday 18:00–21:00 one hourly winner can multiply their $1,000 prize up to $6,000; revealing 'O' adds a Royal Ranch steak package",2025-11-06 18:00:00,2025-11-06 21:00:00,Giveaway
$31 Lucky Bucks,Lucky Dog Casino,"19330 N US HWY 101, Skokomish, WA 98584",$31 Lucky Bucks valid one-time,2025-11-07 00:00:00,2025-11-09 23:59:00,Free-Play
Black Friday Build-Up,Spirit Mountain Casino,"27100 SW Salmon River Hwy, Grand Ronde, OR 97347","Earn 2,000 points to play for electronics, gift cards, and free play; valid Fridays in November",2025-11-07 08:00:00,2025-11-07 23:59:00,Giveaway
Holiday Bakeware Gift Series - 2-Quart Rectangular Baking Dish,Muckleshoot Casino,"3402 Auburn Way South, Auburn, WA 98002",Claim your gift by swiping your Muckleshoot Rewards card at any promotions kiosk during distribution date and time. Limit one gift per guest while supplies last.,2025-11-07 10:00:00,2025-11-07 14:00:00,Giveaway
Free Play Offer,Lucky Eagle Casino,"12888 188th Avenue SW, Rochester, WA 98579",$40 Friday bonus,2025-11-07 10:00:00,2025-11-07 23:59:00,Free-Play
Fall Into Cash,Little Creek Casino,"91 West State Route 108, Shelton, WA 98504","Win up to $500,000 in prizes; drawings every 30 minutes",2025-11-07 12:00:00,2025-11-07 20:00:00,Giveaway
Hot-sons Hot Seat Drawings (Fridays),Red Wind Casino,"12819 Yelm Hwy. SE, Olympia, WA 98513",Win $250 slot free play and 250 bonus entries into the Fall Into Fortune grand prize drawing.,2025-11-07 14:00:00,2025-11-07 17:00:00,Giveaway
Weekly Drawing,Angel of the Winds Casino,"3438 Stoluckquamish Lane, Arlington, Washington 98223",Fridays in November. 75 Lucky Winners; play slots to qualify.,2025-11-07 16:00:00,2025-11-07 22:00:00,Giveaway
Lucky Leaves Game Fridays,Lucky Dog Casino,"19330 N US HWY 101, Skokomish, WA 98584","Drawings up to $5,000 Lucky Bucks",2025-11-07 18:00:00,2025-11-07 21:00:00,Free-Play
$8 Free Play Offer,Muckleshoot Casino,"3402 Auburn Way South, Auburn, WA 98002","Valid one time between November 8–14, 2025.",2025-11-08 07:00:00,2025-11-14 23:59:00,Free-Play
Guaranteed Winner Free Play Event,Muckleshoot Casino,"3402 Auburn Way South, Auburn, WA 98002","Up to 125 winners will receive $1,000 in free play.",2025-11-08 10:00:00,2025-11-08 22:00:00,Free-Play
Free Play Offer,Lucky Eagle Casino,"12888 188th Avenue SW, Rochester, WA 98579",$40 free play Saturday–Thursday Nov 8–Nov 13,2025-11-08 10:00:00,2025-11-13 23:59:00,Free-Play
Friendsgiving Hot Seats,Lucky Eagle Casino,"12888 188th Avenue SW, Rochester, WA 98579",Win $250 free play; friends beside you win $50 free play,2025-11-08 12:00:00,2025-11-08 18:00:00,Giveaway
Holiday Turkey or Ham Voucher,ilani,"1 Cowlitz Way, Ridgefield, WA 98642",$20 gift voucher for turkey or ham redemption at participating stores.,2025-11-08 12:00:00,2025-11-08 20:00:00,Giveaway
Fall Into Cash,Little Creek Casino,"91 West State Route 108, Shelton, WA 98504","Win up to $500,000 in prizes; drawings every 30 minutes",2025-11-08 12:00:00,2025-11-08 20:00:00,Giveaway
Hot-sons Hot Seat Drawings (Saturdays),Red Wind Casino,"12819 Yelm Hwy. SE, Olympia, WA 98513",Win $250 slot free play and 250 bonus entries into the Fall Into Fortune grand prize drawing.,2025-11-08 14:00:00,2025-11-08 17:00:00,Giveaway
Jackpot 777 Drawings,Little Creek Casino,"91 West State Route 108, Shelton, WA 98504","Win a share of $12,000; $2,000 at 2pm, $4,000 at 4pm, $6,000 at 6pm",2025-11-08 14:00:00,2025-11-08 18:00:00,Offer
Club Lucky Drawings Saturdays,Lucky Dog Casino,"19330 N US HWY 101, Skokomish, WA 98584",Cash hot seat drawings and bonus drawings,2025-11-08 18:00:00,2025-11-08 21:00:00,Giveaway
Exclusive Weekly Offer,Emerald Queen Casino,"1820 East 29th Street, Tacoma, WA 98404",$25 free play or dining credit (valid once per promotional week upon activation),2025-11-09 00:00:00,2025-11-15 23:59:00,Free-Play
$50 Slot Play,ilani,"1 Cowlitz Way, Ridgefield, WA 98642",$50 slot play offer,2025-11-09 06:00:00,2025-11-11 05:59:00,Free-Play
Bonus Free Play Giveaway,Muckleshoot Casino,"3402 Auburn Way South, Auburn, WA 98002",Guaranteed free play for all participants. Activate prize at any gaming machine.,2025-11-09 09:00:00,2025-11-09 21:00:00,Giveaway
Winners' Brunch,ilani,"1 Cowlitz Way, Ridgefield, WA 98642",Exclusive brunch for winners; Invitation for two with reservation required,2025-11-09 10:00:00,2025-11-09 11:30:00,Special-Events
3 Piece Canister Set Giveaway,Angel of the Winds Casino,"3438 Stoluckquamish Lane, Arlington, Washington 98223","Redeem at Players Club East, Sundays & Mondays in November 10:00–20:00; vouchers void after 20:00",2025-11-09 10:00:00,2025-11-09 20:00:00,Giveaway
Dinner’s Served – Weekly Gift Collection,Lucky Eagle Casino,"12888 188th Avenue SW, Rochester, WA 98579","Swipe your player’s club card at a kiosk starting at 10:00 to claim a voucher, then exchange it for your free gift at the promotions podium from 12:00–20:00. No points needed. Visit weekly to collect the full set. No gift on November 30.",2025-11-09 10:00:00,2025-11-09 20:00:00,Giveaway
Winners' Celebration,ilani,"1 Cowlitz Way, Ridgefield, WA 98642","Chance to win a share of $50,000 in cash & prizes; $1,000 Promo Play Hot Seats every 20 minutes; $35,000 Grand Prize Drawing",2025-11-09 12:00:00,2025-11-09 17:00:00,Giveaway
Kitchen Gadgets Gifting Sundays,Lucky Dog Casino,"19330 N US HWY 101, Skokomish, WA 98584",Free kitchen gadget gift each week,2025-11-09 12:00:00,2025-11-09 18:00:00,Giveaway
Savvy Kitchen Essentials Week 2,Little Creek Casino,"91 West State Route 108, Shelton, WA 98504",Gift collection event – Visit Sunday or Thursday to collect Week 2 item (no point earning needed),2025-11-09 13:00:00,2025-11-09 21:00:00,Giveaway
Entry Multiplier Monday,ilani,"1 Cowlitz Way, Ridgefield, WA 98642",Earn multiple entries per status point toward the Toyota Tundra Sweepstakes.,2025-11-10 00:00:00,2025-11-10 23:59:00,Giveaway
$30 Lucky Bucks,Lucky Dog Casino,"19330 N US HWY 101, Skokomish, WA 98584",$30 Lucky Bucks valid one-time,2025-11-10 00:00:00,2025-11-13 23:59:00,Free-Play
$15 Off Food,Spirit Mountain Casino,"27100 SW Salmon River Hwy, Grand Ronde, OR 97347",$15 off food once per week,2025-11-10 00:00:00,2025-11-13 23:59:00,Hospitality-Rewards
Free Play Offer,Little Creek Casino,"91 West State Route 108, Shelton, WA 98504",$15 Free Play each week,2025-11-10 00:00:00,2025-11-16 23:59:00,Free-Play
Your Choice Promotion,Spirit Mountain Casino,"27100 SW Salmon River Hwy, Grand Ronde, OR 97347",Choose either $25 Free Play or 2x Slot Points once per week,2025-11-10 00:00:00,2025-11-16 23:59:00,Free-Play
3 Piece Canister Set Giveaway,Angel of the Winds Casino,"3438 Stoluckquamish Lane, Arlington, Washington 98223","Redeem at Players Club East, Sundays & Mondays in November 10:00–20:00; vouchers void after 20:00",2025-11-10 10:00:00,2025-11-10 20:00:00,Giveaway
Xtra Rewards Free Play,Legends Casino,"580 Fort Road, Toppenish, WA",$20 Xtra Rewards Free Play each week; valid Monday 10:00 through Sunday 23:59,2025-11-10 10:00:00,2025-11-16 23:59:00,Free-Play
Touchdown Multiplier,Emerald Queen Casino,"1820 East 29th Street, Tacoma, WA 98404","Earn up to 12x points if Seahawks score 3+ touchdowns, up to 24x if 6+; activate multiplier 11am–8pm day after games",2025-11-10 11:00:00,2025-11-10 20:00:00,Point-Based
2X Rewards Dollars,ilani,"1 Cowlitz Way, Ridgefield, WA 98642",Earn double rewards dollars on select Tuesdays & Wednesdays.,2025-11-11 00:00:00,2025-11-11 23:59:00,Hospitality-Rewards
Veterans Day Pin Giveaway,Angel of the Winds Casino,"3438 Stoluckquamish Lane, Arlington, Washington 98223",All guests eligible for free Veterans Day pin at Players Club while supplies last,2025-11-11 08:00:00,2025-11-11 20:00:00,Giveaway
Club Lucky Multiplier Tuesdays,Lucky Dog Casino,"19330 N US HWY 101, Skokomish, WA 98584",Earn up to 4x points based on Club Lucky level,2025-11-11 10:00:00,2025-11-11 18:00:00,Point-Based
Forever Young Tuesdays,Little Creek Casino,"91 West State Route 108, Shelton, WA 98504","$7,000 drawings; Crumbl Cookie giveaway for guests 50+ at 10am",2025-11-11 10:00:00,2025-11-11 19:00:00,Giveaway
Dinner’s Served – Weekly Gift Collection,Lucky Eagle Casino,"12888 188th Avenue SW, Rochester, WA 98579","Swipe your player’s club card at a kiosk starting at 10:00 to claim a voucher, then exchange it for your free gift at the promotions podium from 12:00–20:00. No points needed. Visit weekly to collect the full set. No gift on November 30.",2025-11-11 10:00:00,2025-11-11 20:00:00,Giveaway
Kitchenware Gift Giveaway,ilani,"1 Cowlitz Way, Ridgefield, WA 98642",Pick up Le Cuisinier kitchenware gifts. One per person while supplies last.,2025-11-11 12:00:00,2025-11-11 20:00:00,Giveaway
Random November Giveaway,Legends Casino,"580 Fort Road, Toppenish, WA",Random promotion; must be actively gaming on a slot machine with your rewards card to be eligible,2025-11-11 12:00:00,2025-11-11 20:00:00,Giveaway
Winning Colors,Red Wind Casino,"12819 Yelm Hwy. SE, Olympia, WA 98513",Choose the winning colors for a chance to win $500 cash every 30 minutes and $10 free play if your color wins.,2025-11-11 18:00:00,2025-11-11 21:00:00,Giveaway
2X Rewards Dollars,ilani,"1 Cowlitz Way, Ridgefield, WA 98642",Earn double rewards dollars on select Tuesdays & Wednesdays.,2025-11-12 00:00:00,2025-11-12 23:59:00,Hospitality-Rewards
Wearable Wednesdays,Lucky Dog Casino,"19330 N US HWY 101, Skokomish, WA 98584",Earn 50 base points for a free wearable,2025-11-12 10:00:00,2025-11-12 20:00:00,Giveaway
Kitchenware Gift Giveaway,ilani,"1 Cowlitz Way, Ridgefield, WA 98642",Pick up Le Cuisinier kitchenware gifts. One per person while supplies last.,2025-11-12 12:00:00,2025-11-12 20:00:00,Giveaway
"Gobble, Roll & Score Wednesdays",Little Creek Casino,"91 West State Route 108, Shelton, WA 98504","Win your share of $27,000 in drawings every hour",2025-11-12 12:00:00,2025-11-12 20:00:00,Offer
Elixir of Fortune,Muckleshoot Casino,"3402 Auburn Way South, Auburn, WA 98002","Win your share of over $300,000 in cash and free play. 6 winners every hour.",2025-11-12 17:00:00,2025-11-12 21:00:00,Giveaway
November to Remember Drawings,Emerald Queen Casino,"1820 East 29th Street, Tacoma, WA 98404","Win a year of mortgage, gas, groceries, or car payments; over $100,000 in cash prizes; Plinko game; one free entry + 1 extra per 500 base points; 3x entries Fri–Sun",2025-11-12 18:00:00,2025-11-12 18:00:00,Giveaway
Stuff Your Points Multiplier,Emerald Queen Casino,"1820 East 29th Street, Tacoma, WA 98404",Earn up to 12x points; swipe card at promo kiosk,2025-11-13 00:00:00,2025-11-13 23:59:00,Point-Based
Entry Multiplier Thursday,ilani,"1 Cowlitz Way, Ridgefield, WA 98642",Earn multiple entries per status point toward the Toyota Tundra Sweepstakes.,2025-11-13 00:00:00,2025-11-13 23:59:00,Giveaway
$50 Slot Play,ilani,"1 Cowlitz Way, Ridgefield, WA 98642",$50 slot play offer,2025-11-13 06:00:00,2025-11-14 05:59:00,Free-Play
Holiday Bakeware Gift Series - Dutch Oven with Lid,Muckleshoot Casino,"3402 Auburn Way South, Auburn, WA 98002",Claim your gift by swiping your Muckleshoot Rewards card at any promotions kiosk during distribution date and time. Limit one gift per guest while supplies last.,2025-11-13 12:00:00,2025-11-13 21:00:00,Giveaway
Members Only Slot Tournament,Spirit Mountain Casino,"27100 SW Salmon River Hwy, Grand Ronde, OR 97347","Win your share of $10,000; RSVP required at 800-760-7977",2025-11-13 13:00:00,2025-11-13 16:00:00,Special-Events
Savvy Kitchen Essentials Week 2,Little Creek Casino,"91 West State Route 108, Shelton, WA 98504",Gift collection event – Visit Sunday or Thursday to collect Week 2 item (no point earning needed),2025-11-13 13:00:00,2025-11-13 21:00:00,Giveaway
Moolah-La Cast Prizes,Legends Casino,"580 Fort Road, Toppenish, WA","Every Thursday 18:00–21:00 one hourly winner can multiply their $1,000 prize up to $6,000; revealing 'O' adds a Royal Ranch steak package",2025-11-13 18:00:00,2025-11-13 21:00:00,Giveaway
$30 Lucky Bucks,Lucky Dog Casino,"19330 N US HWY 101, Skokomish, WA 98584",$30 Lucky Bucks valid one-time,2025-11-14 00:00:00,2025-11-16 23:59:00,Free-Play
Santa's Workshop,ilani,"1 Cowlitz Way, Ridgefield, WA 98642","play to reveal your bonus — win up to $5,000 in slot play; guaranteed $60 slot play",2025-11-14 06:00:00,2025-11-15 05:59:00,Free-Play
Black Friday Build-Up,Spirit Mountain Casino,"27100 SW Salmon River Hwy, Grand Ronde, OR 97347","Earn 2,000 points to play for electronics, gift cards, and free play; valid Fridays in November",2025-11-14 08:00:00,2025-11-14 23:59:00,Giveaway
Play & Win Kiosk Game,Legends Casino,"580 Fort Road, Toppenish, WA",Earn 100 points per game to play and win Xtra Rewards; 3 games available,2025-11-14 09:00:00,2025-11-14 23:59:00,Free-Play
Holiday Bakeware Gift Series - Dutch Oven with Lid,Muckleshoot Casino,"3402 Auburn Way South, Auburn, WA 98002",Claim your gift by swiping your Muckleshoot Rewards card at any promotions kiosk during distribution date and time. Limit one gift per guest while supplies last.,2025-11-14 10:00:00,2025-11-14 14:00:00,Giveaway
Free Play Offer,Lucky Eagle Casino,"12888 188th Avenue SW, Rochester, WA 98579",$40 Friday bonus,2025-11-14 10:00:00,2025-11-14 23:59:00,Free-Play
Hot-sons Hot Seat Drawings (Fridays),Red Wind Casino,"12819 Yelm Hwy. SE, Olympia, WA 98513",Win $250 slot free play and 250 bonus entries into the Fall Into Fortune grand prize drawing.,2025-11-14 14:00:00,2025-11-14 17:00:00,Giveaway
75 Lucky Winners Weekly Drawing,Angel of the Winds Casino,"3438 Stoluckquamish Lane, Arlington, Washington 98223","Fridays in November, 16:00–22:00, play slots to qualify",2025-11-14 16:00:00,2025-11-14 22:00:00,Giveaway
Lucky Leaves Game Fridays,Lucky Dog Casino,"19330 N US HWY 101, Skokomish, WA 98584","Drawings up to $5,000 Lucky Bucks",2025-11-14 18:00:00,2025-11-14 21:00:00,Free-Play
Ruby Member Exclusive Kiosk Game,Spirit Mountain Casino,"27100 SW Salmon River Hwy, Grand Ronde, OR 97347","Rewards exclusive kiosk game for Ruby members; win up to $3,000 in food or free play",2025-11-15 00:00:00,2025-11-15 23:59:00,Free-Play
Holiday Crafts & Ale Festival,ilani,"1 Cowlitz Way, Ridgefield, WA 98642","Sip, shop, and savor craft beers, cocktails, wines, and local artisan goods. Free general admission.",2025-11-15 00:00:00,2025-11-16 23:59:00,Special-Events
$10 Free Play Offer,Muckleshoot Casino,"3402 Auburn Way South, Auburn, WA 98002","Valid one time between November 15–21, 2025.",2025-11-15 07:00:00,2025-11-21 23:59:00,Free-Play
Free Play Offer,Lucky Eagle Casino,"12888 188th Avenue SW, Rochester, WA 98579",$40 free play Saturday–Thursday Nov 15–Nov 20,2025-11-15 10:00:00,2025-11-20 23:59:00,Free-Play
Holiday Crafts & Ale Festival - Saturday Session One,ilani,"1 Cowlitz Way, Ridgefield, WA 98642",Free general admission; VIP beverage garden access for $10; includes $10 in promo play upon entry,2025-11-15 12:00:00,2025-11-15 16:00:00,Free-Play
Hot-sons Hot Seat Drawings (Saturdays),Red Wind Casino,"12819 Yelm Hwy. SE, Olympia, WA 98513",Win $250 slot free play and 250 bonus entries into the Fall Into Fortune grand prize drawing.,2025-11-15 14:00:00,2025-11-15 17:00:00,Giveaway
"Win Up to $15,000 Cash Drawings",Muckleshoot Casino,"3402 Auburn Way South, Auburn, WA 98002","6 winners every hour. Win up to $15,000 in cash.",2025-11-15 16:00:00,2025-11-15 21:00:00,Giveaway
"$68,000 Holiday Crafts & Ale Festival Giveaway - Saturday",ilani,"1 Cowlitz Way, Ridgefield, WA 98642","Win your share of $34,000 in cash and prizes; Activation 5:00pm - 7:40pm; $1,000 promo play hot seats every 20 minutes; $25,000 cash grand prize at 8:00pm in Rock & Brews",2025-11-15 17:00:00,2025-11-15 20:00:00,Giveaway
Holiday Crafts & Ale Festival - Saturday Session Two,ilani,"1 Cowlitz Way, Ridgefield, WA 98642",Free general admission; VIP beverage garden access for $10; includes $10 in promo play upon entry; must be 21+,2025-11-15 17:00:00,2025-11-15 21:00:00,Free-Play
Club Lucky Drawings Saturdays,Lucky Dog Casino,"19330 N US HWY 101, Skokomish, WA 98584",Cash hot seat drawings and bonus drawings,2025-11-15 18:00:00,2025-11-15 21:00:00,Giveaway
Exclusive Weekly Offer,Emerald Queen Casino,"1820 East 29th Street, Tacoma, WA 98404",$25 free play or dining credit (valid once per promotional week upon activation),2025-11-16 00:00:00,2025-11-22 23:59:00,Free-Play
$20 Dining & Shopping Rewards,ilani,"1 Cowlitz Way, Ridgefield, WA 98642",$20 dining & shopping rewards,2025-11-16 00:00:00,2025-11-26 23:59:00,Hospitality-Rewards
Club Red VIP Rewards (Nov 16–30),Red Wind Casino,"12819 Yelm Hwy. SE, Olympia, WA 98513",$25 Free Play offer valid during this period.,2025-11-16 08:00:00,2025-11-30 23:59:00,Free-Play
3 Piece Canister Set Giveaway,Angel of the Winds Casino,"3438 Stoluckquamish Lane, Arlington, Washington 98223","Redeem at Players Club East, Sundays & Mondays in November 10:00–20:00; vouchers void after 20:00",2025-11-16 10:00:00,2025-11-16 20:00:00,Giveaway
Dinner’s Served – Weekly Gift Collection,Lucky Eagle Casino,"12888 188th Avenue SW, Rochester, WA 98579","Swipe your player’s club card at a kiosk starting at 10:00 to claim a voucher, then exchange it for your free gift at the promotions podium from 12:00–20:00. No points needed. Visit weekly to collect the full set. No gift on November 30.",2025-11-16 10:00:00,2025-11-16 20:00:00,Giveaway
Holiday Crafts & Ale Festival - Sunday Session,ilani,"1 Cowlitz Way, Ridgefield, WA 98642",Free general admission; VIP beverage garden access for $10; includes $10 in promo play upon entry,2025-11-16 12:00:00,2025-11-16 17:00:00,Free-Play
Kitchen Gadgets Gifting Sundays,Lucky Dog Casino,"19330 N US HWY 101, Skokomish, WA 98584",Free kitchen gadget gift each week,2025-11-16 12:00:00,2025-11-16 18:00:00,Giveaway
Savvy Kitchen Essentials Week 3,Little Creek Casino,"91 West State Route 108, Shelton, WA 98504",Gift collection event – Visit Sunday or Thursday to collect Week 3 item (no point earning needed),2025-11-16 13:00:00,2025-11-16 21:00:00,Giveaway
"$68,000 Holiday Crafts & Ale Festival Giveaway - Sunday",ilani,"1 Cowlitz Way, Ridgefield, WA 98642","Win your share of $34,000 in cash and prizes; Activation 5:00pm - 7:40pm; $1,000 promo play hot seats every 20 minutes; $25,000 cash grand prize at 8:00pm in Rock & Brews",2025-11-16 17:00:00,2025-11-16 20:00:00,Giveaway
Holiday Tree Lighting,ilani,"1 Cowlitz Way, Ridgefield, WA 98642",,2025-11-16 18:00:00,2025-11-16 18:00:00,Offer
Holiday Tree Lighting,ilani,"1 Cowlitz Way, Ridgefield, WA 98642",Community holiday tree lighting celebration.,2025-11-16 18:00:00,2025-11-16 19:00:00,Special-Events
Entry Multiplier Monday,ilani,"1 Cowlitz Way, Ridgefield, WA 98642",Earn multiple entries per status point toward the Toyota Tundra Sweepstakes.,2025-11-17 00:00:00,2025-11-17 23:59:00,Giveaway
$30 Lucky Bucks,Lucky Dog Casino,"19330 N US HWY 101, Skokomish, WA 98584",$30 Lucky Bucks valid one-time,2025-11-17 00:00:00,2025-11-20 23:59:00,Free-Play
$15 Off Food,Spirit Mountain Casino,"27100 SW Salmon River Hwy, Grand Ronde, OR 97347",$15 off food once per week,2025-11-17 00:00:00,2025-11-20 23:59:00,Hospitality-Rewards
Free Play Offer,Little Creek Casino,"91 West State Route 108, Shelton, WA 98504",$15 Free Play each week,2025-11-17 00:00:00,2025-11-23 23:59:00,Free-Play
Your Choice Promotion,Spirit Mountain Casino,"27100 SW Salmon River Hwy, Grand Ronde, OR 97347",Choose either $25 Free Play or 2x Slot Points once per week,2025-11-17 00:00:00,2025-11-23 23:59:00,Free-Play
$50 Slot Play,ilani,"1 Cowlitz Way, Ridgefield, WA 98642",$50 slot play offer,2025-11-17 06:00:00,2025-11-18 05:59:00,Free-Play
3 Piece Canister Set Giveaway,Angel of the Winds Casino,"3438 Stoluckquamish Lane, Arlington, Washington 98223","Redeem at Players Club East, Sundays & Mondays in November 10:00–20:00; vouchers void after 20:00",2025-11-17 10:00:00,2025-11-17 20:00:00,Giveaway
Xtra Rewards Free Play,Legends Casino,"580 Fort Road, Toppenish, WA",$20 Xtra Rewards Free Play each week; valid Monday 10:00 through Sunday 23:59,2025-11-17 10:00:00,2025-11-23 23:59:00,Free-Play
Touchdown Multiplier,Emerald Queen Casino,"1820 East 29th Street, Tacoma, WA 98404","Earn up to 12x points if Seahawks score 3+ touchdowns, up to 24x if 6+; activate multiplier 11am–8pm day after games",2025-11-17 11:00:00,2025-11-17 20:00:00,Point-Based
2X Status Points,ilani,"1 Cowlitz Way, Ridgefield, WA 98642",Earn double status points on select Tuesdays & Wednesdays.,2025-11-18 00:00:00,2025-11-18 23:59:00,Point-Based
Club Lucky Multiplier Tuesdays,Lucky Dog Casino,"19330 N US HWY 101, Skokomish, WA 98584",Earn up to 4x points based on Club Lucky level,2025-11-18 10:00:00,2025-11-18 18:00:00,Point-Based
Forever Young Tuesdays,Little Creek Casino,"91 West State Route 108, Shelton, WA 98504","$7,000 drawings; Crumbl Cookie giveaway for guests 50+ at 10am",2025-11-18 10:00:00,2025-11-18 19:00:00,Giveaway
Dinner’s Served – Weekly Gift Collection,Lucky Eagle Casino,"12888 188th Avenue SW, Rochester, WA 98579","Swipe your player’s club card at a kiosk starting at 10:00 to claim a voucher, then exchange it for your free gift at the promotions podium from 12:00–20:00. No points needed. Visit weekly to collect the full set. No gift on November 30.",2025-11-18 10:00:00,2025-11-18 20:00:00,Giveaway
Level Up Multiplier,Muckleshoot Casino,"3402 Auburn Way South, Auburn, WA 98002",Earn up to 5X points on gaming machines or table games.,2025-11-18 10:00:00,2025-11-18 20:00:00,Point-Based
Kitchenware Gift Giveaway,ilani,"1 Cowlitz Way, Ridgefield, WA 98642",Pick up Le Cuisinier kitchenware gifts. One per person while supplies last.,2025-11-18 12:00:00,2025-11-18 20:00:00,Giveaway
Winning Colors,Red Wind Casino,"12819 Yelm Hwy. SE, Olympia, WA 98513",Choose the winning colors for a chance to win $500 cash every 30 minutes and $10 free play if your color wins.,2025-11-18 18:00:00,2025-11-18 21:00:00,Giveaway
2X Status Points,ilani,"1 Cowlitz Way, Ridgefield, WA 98642",Earn double status points on select Tuesdays & Wednesdays.,2025-11-19 00:00:00,2025-11-19 23:59:00,Point-Based
Wearable Wednesdays,Lucky Dog Casino,"19330 N US HWY 101, Skokomish, WA 98584",Earn 50 base points for a free wearable,2025-11-19 10:00:00,2025-11-19 20:00:00,Giveaway
Kitchenware Gift Giveaway,ilani,"1 Cowlitz Way, Ridgefield, WA 98642",Pick up Le Cuisinier kitchenware gifts. One per person while supplies last.,2025-11-19 12:00:00,2025-11-19 20:00:00,Giveaway
"Gobble, Roll & Score Wednesdays",Little Creek Casino,"91 West State Route 108, Shelton, WA 98504","Win your share of $27,000 in drawings every hour",2025-11-19 12:00:00,2025-11-19 20:00:00,Offer
Elixir of Fortune,Muckleshoot Casino,"3402 Auburn Way South, Auburn, WA 98002","Win your share of over $300,000 in cash and free play. 6 winners every hour.",2025-11-19 17:00:00,2025-11-19 21:00:00,Giveaway
November to Remember Drawings,Emerald Queen Casino,"1820 East 29th Street, Tacoma, WA 98404","Win a year of mortgage, gas, groceries, or car payments; over $100,000 in cash prizes; Plinko game; one free entry + 1 extra per 500 base points; 3x entries Fri–Sun",2025-11-19 18:00:00,2025-11-19 18:00:00,Giveaway
Stuff Your Points Multiplier,Emerald Queen Casino,"1820 East 29th Street, Tacoma, WA 98404",Earn up to 12x points; swipe card at promo kiosk,2025-11-20 00:00:00,2025-11-20 23:59:00,Point-Based
Entry Multiplier Thursday,ilani,"1 Cowlitz Way, Ridgefield, WA 98642",Earn multiple entries per status point toward the Toyota Tundra Sweepstakes.,2025-11-20 00:00:00,2025-11-20 23:59:00,Giveaway
$50 Slot Play,ilani,"1 Cowlitz Way, Ridgefield, WA 98642",$50 slot play offer,2025-11-20 06:00:00,2025-11-21 05:59:00,Free-Play
Turkey Giveaway,Spirit Mountain Casino,"27100 SW Salmon River Hwy, Grand Ronde, OR 97347","Earn 1,800 points to receive a free turkey; pickup 10:00–20:00 at redemption area",2025-11-20 10:00:00,2025-11-20 20:00:00,Giveaway
Holiday Bakeware Gift Series - 20-Piece Nesting Mixing Bowl Set,Muckleshoot Casino,"3402 Auburn Way South, Auburn, WA 98002",Claim your gift by swiping your Muckleshoot Rewards card at any promotions kiosk during distribution date and time. Limit one gift per guest while supplies last.,2025-11-20 12:00:00,2025-11-20 21:00:00,Giveaway
Savvy Kitchen Essentials Week 3,Little Creek Casino,"91 West State Route 108, Shelton, WA 98504",Gift collection event – Visit Sunday or Thursday to collect Week 3 item (no point earning needed),2025-11-20 13:00:00,2025-11-20 21:00:00,Giveaway
Moolah-La Cast Prizes,Legends Casino,"580 Fort Road, Toppenish, WA","Every Thursday 18:00–21:00 one hourly winner can multiply their $1,000 prize up to $6,000; revealing 'O' adds a Royal Ranch steak package",2025-11-20 18:00:00,2025-11-20 21:00:00,Giveaway
Bonus Dining & Shopping Rewards,ilani,"1 Cowlitz Way, Ridgefield, WA 98642",bonus $20 dining & shopping rewards,2025-11-21 00:00:00,2025-11-21 23:59:00,Hospitality-Rewards
$30 Lucky Bucks,Lucky Dog Casino,"19330 N US HWY 101, Skokomish, WA 98584",$30 Lucky Bucks valid one-time,2025-11-21 00:00:00,2025-11-23 23:59:00,Free-Play
$50 Slot Play,ilani,"1 Cowlitz Way, Ridgefield, WA 98642",$50 slot play offer,2025-11-21 06:00:00,2025-11-23 05:59:00,Free-Play
Black Friday Build-Up,Spirit Mountain Casino,"27100 SW Salmon River Hwy, Grand Ronde, OR 97347","Earn 2,000 points to play for electronics, gift cards, and free play; valid Fridays in November",2025-11-21 08:00:00,2025-11-21 23:59:00,Giveaway
Holiday Bakeware Gift Series - 20-Piece Nesting Mixing Bowl Set,Muckleshoot Casino,"3402 Auburn Way South, Auburn, WA 98002",Claim your gift by swiping your Muckleshoot Rewards card at any promotions kiosk during distribution date and time. Limit one gift per guest while supplies last.,2025-11-21 10:00:00,2025-11-21 14:00:00,Giveaway
Free Play Offer,Lucky Eagle Casino,"12888 188th Avenue SW, Rochester, WA 98579",$40 Friday bonus,2025-11-21 10:00:00,2025-11-21 23:59:00,Free-Play
Hot-sons Hot Seat Drawings (Fridays),Red Wind Casino,"12819 Yelm Hwy. SE, Olympia, WA 98513",Win $250 slot free play and 250 bonus entries into the Fall Into Fortune grand prize drawing.,2025-11-21 14:00:00,2025-11-21 17:00:00,Giveaway
75 Lucky Winners Weekly Drawing,Angel of the Winds Casino,"3438 Stoluckquamish Lane, Arlington, Washington 98223","Fridays in November, 16:00–22:00, play slots to qualify",2025-11-21 16:00:00,2025-11-21 22:00:00,Giveaway
Lucky Leaves Game Fridays,Lucky Dog Casino,"19330 N US HWY 101, Skokomish, WA 98584","Drawings up to $5,000 Lucky Bucks",2025-11-21 18:00:00,2025-11-21 21:00:00,Free-Play
$8 Free Play Offer,Muckleshoot Casino,"3402 Auburn Way South, Auburn, WA 98002","Valid one time between November 22–27, 2025.",2025-11-22 07:00:00,2025-11-27 23:59:00,Free-Play
Free Play Offer,Lucky Eagle Casino,"12888 188th Avenue SW, Rochester, WA 98579",$40 free play Saturday–Thursday Nov 22–Nov 27,2025-11-22 10:00:00,2025-11-27 23:59:00,Free-Play
Hot-sons Hot Seat Drawings (Saturdays),Red Wind Casino,"12819 Yelm Hwy. SE, Olympia, WA 98513",Win $250 slot free play and 250 bonus entries into the Fall Into Fortune grand prize drawing.,2025-11-22 14:00:00,2025-11-22 17:00:00,Giveaway
Toyota Tundra Grand Finale,ilani,"1 Cowlitz Way, Ridgefield, WA 98642","Entry activation 3:00pm–7:40pm; $1,000 Promo Play Hot Seats every 20 minutes; Grand Prize Drawing 8:00pm.",2025-11-22 15:00:00,2025-11-22 20:00:00,Giveaway
Deck the Halls Giveaway,Lucky Eagle Casino,"12888 188th Avenue SW, Rochester, WA 98579","Drawings every 30 minutes from 17:00–21:00 with grand prizes of a 2026 Jay Flight SLX Travel Trailer, 2026 Chevrolet Colorado, or $20,000 cash; earn entries Oct 27–Dec 13",2025-11-22 17:00:00,2025-11-22 21:00:00,Giveaway
Club Lucky Drawings Saturdays,Lucky Dog Casino,"19330 N US HWY 101, Skokomish, WA 98584",Cash hot seat drawings and bonus drawings,2025-11-22 18:00:00,2025-11-22 21:00:00,Giveaway
Exclusive Weekly Offer,Emerald Queen Casino,"1820 East 29th Street, Tacoma, WA 98404",$25 free play or dining credit (valid once per promotional week upon activation),2025-11-23 00:00:00,2025-11-29 23:59:00,Free-Play
$50 Slot Play,ilani,"1 Cowlitz Way, Ridgefield, WA 98642",$50 slot play offer,2025-11-23 06:00:00,2025-11-25 05:59:00,Free-Play
3 Piece Canister Set Giveaway,Angel of the Winds Casino,"3438 Stoluckquamish Lane, Arlington, Washington 98223","Redeem at Players Club East, Sundays & Mondays in November 10:00–20:00; vouchers void after 20:00",2025-11-23 10:00:00,2025-11-23 20:00:00,Giveaway
Dinner’s Served – Weekly Gift Collection,Lucky Eagle Casino,"12888 188th Avenue SW, Rochester, WA 98579","Swipe your player’s club card at a kiosk starting at 10:00 to claim a voucher, then exchange it for your free gift at the promotions podium from 12:00–20:00. No points needed. Visit weekly to collect the full set. No gift on November 30.",2025-11-23 10:00:00,2025-11-23 20:00:00,Giveaway
Free Cruise Voucher Pickup,ilani,"1 Cowlitz Way, Ridgefield, WA 98642",Pick up a complimentary Norwegian Cruise Line® voucher. Valid only for named player; limit one per person.,2025-11-23 12:00:00,2025-11-23 18:00:00,Hospitality-Rewards
Kitchen Gadgets Gifting Sundays,Lucky Dog Casino,"19330 N US HWY 101, Skokomish, WA 98584",Free kitchen gadget gift each week,2025-11-23 12:00:00,2025-11-23 18:00:00,Giveaway
Savvy Kitchen Essentials Week 4,Little Creek Casino,"91 West State Route 108, Shelton, WA 98504",Gift collection event – Visit Sunday or Thursday to collect Week 4 item (no point earning needed),2025-11-23 13:00:00,2025-11-23 21:00:00,Giveaway
$30 Lucky Bucks,Lucky Dog Casino,"19330 N US HWY 101, Skokomish, WA 98584",$30 Lucky Bucks valid one-time,2025-11-24 00:00:00,2025-11-27 23:59:00,Free-Play
$15 Off Food,Spirit Mountain Casino,"27100 SW Salmon River Hwy, Grand Ronde, OR 97347",$15 off food once per week,2025-11-24 00:00:00,2025-11-27 23:59:00,Hospitality-Rewards
Free Play Offer,Little Creek Casino,"91 West State Route 108, Shelton, WA 98504",$15 Free Play each week,2025-11-24 00:00:00,2025-11-30 23:59:00,Free-Play
Your Choice Promotion,Spirit Mountain Casino,"27100 SW Salmon River Hwy, Grand Ronde, OR 97347",Choose either $25 Free Play or 2x Slot Points once per week,2025-11-24 00:00:00,2025-11-30 23:59:00,Free-Play
3 Piece Canister Set Giveaway,Angel of the Winds Casino,"3438 Stoluckquamish Lane, Arlington, Washington 98223","Redeem at Players Club East, Sundays & Mondays in November 10:00–20:00; vouchers void after 20:00",2025-11-24 10:00:00,2025-11-24 20:00:00,Giveaway
Wizards Wheels Bonus Entries - 10X,Muckleshoot Casino,"3402 Auburn Way South, Auburn, WA 98002",Earn 10X bonus entries for the Chevy Tahoe Giveaway.,2025-11-24 10:00:00,2025-11-24 20:00:00,Giveaway
Xtra Rewards Free Play,Legends Casino,"580 Fort Road, Toppenish, WA",$20 Xtra Rewards Free Play each week; valid Monday 10:00 through Sunday 23:59,2025-11-24 10:00:00,2025-11-30 23:59:00,Free-Play
Touchdown Multiplier,Emerald Queen Casino,"1820 East 29th Street, Tacoma, WA 98404","Earn up to 12x points if Seahawks score 3+ touchdowns, up to 24x if 6+; activate multiplier 11am–8pm day after games",2025-11-24 11:00:00,2025-11-24 20:00:00,Point-Based
Birthday Bonus Drawings,Emerald Queen Casino,"1820 East 29th Street, Tacoma, WA 98404","Win up to $2,000 free play; your age = number of entries; drawings at 4pm, 6pm, and 8pm",2025-11-24 16:00:00,2025-11-24 20:00:00,Giveaway
2X Rewards Dollars,ilani,"1 Cowlitz Way, Ridgefield, WA 98642",Earn double rewards dollars on select Tuesdays & Wednesdays.,2025-11-25 00:00:00,2025-11-25 23:59:00,Hospitality-Rewards
Club Lucky Multiplier Tuesdays,Lucky Dog Casino,"19330 N US HWY 101, Skokomish, WA 98584",Earn up to 4x points based on Club Lucky level,2025-11-25 10:00:00,2025-11-25 18:00:00,Point-Based
Forever Young Tuesdays,Little Creek Casino,"91 West State Route 108, Shelton, WA 98504","$7,000 drawings; Crumbl Cookie giveaway for guests 50+ at 10am",2025-11-25 10:00:00,2025-11-25 19:00:00,Giveaway
Dinner’s Served – Weekly Gift Collection,Lucky Eagle Casino,"12888 188th Avenue SW, Rochester, WA 98579","Swipe your player’s club card at a kiosk starting at 10:00 to claim a voucher, then exchange it for your free gift at the promotions podium from 12:00–20:00. No points needed. Visit weekly to collect the full set. No gift on November 30.",2025-11-25 10:00:00,2025-11-25 20:00:00,Giveaway
Kitchenware Gift Giveaway,ilani,"1 Cowlitz Way, Ridgefield, WA 98642",Pick up Le Cuisinier kitchenware gifts. One per person while supplies last.,2025-11-25 12:00:00,2025-11-25 20:00:00,Giveaway
Winning Colors,Red Wind Casino,"12819 Yelm Hwy. SE, Olympia, WA 98513",Choose the winning colors for a chance to win $500 cash every 30 minutes and $10 free play if your color wins.,2025-11-25 18:00:00,2025-11-25 21:00:00,Giveaway
2X Rewards Dollars,ilani,"1 Cowlitz Way, Ridgefield, WA 98642",Earn double rewards dollars on select Tuesdays & Wednesdays.,2025-11-26 00:00:00,2025-11-26 23:59:00,Hospitality-Rewards
Wearable Wednesdays,Lucky Dog Casino,"19330 N US HWY 101, Skokomish, WA 98584",Earn 50 base points for a free wearable,2025-11-26 10:00:00,2025-11-26 20:00:00,Giveaway
Kitchenware Gift Giveaway,ilani,"1 Cowlitz Way, Ridgefield, WA 98642",Pick up Le Cuisinier kitchenware gifts. One per person while supplies last.,2025-11-26 12:00:00,2025-11-26 20:00:00,Giveaway
"Gobble, Roll & Score Wednesdays",Little Creek Casino,"91 West State Route 108, Shelton, WA 98504","Win your share of $27,000 in drawings every hour",2025-11-26 12:00:00,2025-11-26 20:00:00,Offer
November to Remember Drawings Grand Finale,Emerald Queen Casino,"1820 East 29th Street, Tacoma, WA 98404",Final drawing where one winner receives a year of mortgage payments,2025-11-26 18:00:00,2025-11-26 18:00:00,Giveaway
Stuff Your Points Multiplier,Emerald Queen Casino,"1820 East 29th Street, Tacoma, WA 98404",Earn up to 12x points; swipe card at promo kiosk,2025-11-27 00:00:00,2025-11-27 23:59:00,Point-Based
$50 Slot Play,ilani,"1 Cowlitz Way, Ridgefield, WA 98642",$50 slot play offer,2025-11-27 06:00:00,2025-11-28 05:59:00,Free-Play
Thanksgiving Buffet,Muckleshoot Casino,"3402 Auburn Way South, Auburn, WA 98002","$52 per guest, $26 for children under 12. Holiday feast with all the fixings.",2025-11-27 10:00:00,2025-11-27 16:00:00,Hospitality-Rewards
Holiday Bakeware Gift Series - 2-Piece Oval Baking Dish,Muckleshoot Casino,"3402 Auburn Way South, Auburn, WA 98002",Claim your gift by swiping your Muckleshoot Rewards card at any promotions kiosk during distribution date and time. Limit one gift per guest while supplies last.,2025-11-27 12:00:00,2025-11-27 21:00:00,Giveaway
Savvy Kitchen Essentials Week 4,Little Creek Casino,"91 West State Route 108, Shelton, WA 98504",Gift collection event – Visit Sunday or Thursday to collect Week 4 item (no point earning needed),2025-11-27 13:00:00,2025-11-27 21:00:00,Giveaway
Moolah-La Cast Prizes Finale,Legends Casino,"580 Fort Road, Toppenish, WA","Nov. 27 drawing at 21:00; three winners have a chance to win $30,000",2025-11-27 21:00:00,2025-11-27 23:59:00,Giveaway
$30 Lucky Bucks,Lucky Dog Casino,"19330 N US HWY 101, Skokomish, WA 98584",$30 Lucky Bucks valid one-time,2025-11-28 00:00:00,2025-11-30 23:59:00,Free-Play
Sled Race,ilani,"1 Cowlitz Way, Ridgefield, WA 98642","play to reveal your bonus — win up to $5,000 in slot play; guaranteed $60 slot play",2025-11-28 06:00:00,2025-11-29 05:59:00,Free-Play
Black Friday Build-Up,Spirit Mountain Casino,"27100 SW Salmon River Hwy, Grand Ronde, OR 97347","Earn 2,000 points to play for electronics, gift cards, and free play; valid Fridays in November",2025-11-28 08:00:00,2025-11-28 23:59:00,Giveaway
Play & Win Kiosk Game,Legends Casino,"580 Fort Road, Toppenish, WA",Earn 100 points per game to play and win Xtra Rewards; 3 games available,2025-11-28 09:00:00,2025-11-28 23:59:00,Free-Play
Holiday Bakeware Gift Series - 2-Piece Oval Baking Dish,Muckleshoot Casino,"3402 Auburn Way South, Auburn, WA 98002",Claim your gift by swiping your Muckleshoot Rewards card at any promotions kiosk during distribution date and time. Limit one gift per guest while supplies last.,2025-11-28 10:00:00,2025-11-28 14:00:00,Giveaway
Free Play Offer,Lucky Eagle Casino,"12888 188th Avenue SW, Rochester, WA 98579",$40 Friday bonus,2025-11-28 10:00:00,2025-11-28 23:59:00,Free-Play
Club Lucky Free for All Friday,Lucky Dog Casino,"19330 N US HWY 101, Skokomish, WA 98584",Free gift for all Club Lucky members,2025-11-28 12:00:00,2025-11-28 18:00:00,Giveaway
75 Lucky Winners Weekly Drawing,Angel of the Winds Casino,"3438 Stoluckquamish Lane, Arlington, Washington 98223","Fridays in November, 16:00–22:00, play slots to qualify",2025-11-28 16:00:00,2025-11-28 22:00:00,Giveaway
Lucky Leaves Game Fridays,Lucky Dog Casino,"19330 N US HWY 101, Skokomish, WA 98584","Drawings up to $5,000 Lucky Bucks",2025-11-28 18:00:00,2025-11-28 21:00:00,Free-Play
$50 Slot Play,ilani,"1 Cowlitz Way, Ridgefield, WA 98642",$50 slot play offer,2025-11-29 06:00:00,2025-12-01 05:59:00,Free-Play
Wizards Wheels Bonus Entries - 25X,Muckleshoot Casino,"3402 Auburn Way South, Auburn, WA 98002",Earn 25X bonus entries for the Chevy Tahoe Giveaway.,2025-11-29 07:00:00,2025-11-29 15:00:00,Giveaway
Cruise Earn & Get,Angel of the Winds Casino,"3438 Stoluckquamish Lane, Arlington, Washington 98223","Earn unlimited base points 08:00–23:59, redeem 18:00–22:00 for prizes",2025-11-29 08:00:00,2025-11-29 22:00:00,Giveaway
Turkey Day Weekend Slot Tournament,ilani,"1 Cowlitz Way, Ridgefield, WA 98642","Win your share of $3,500 in slot play every hour. Up to $1,000 in slot play prizes.",2025-11-29 11:00:00,2025-11-29 20:00:00,Free-Play
Wizards Wheels Chevy Tahoe Giveaway,Muckleshoot Casino,"3402 Auburn Way South, Auburn, WA 98002",Win a brand-new Chevy Tahoe. 6 winners every hour. Grand prize at 9pm.,2025-11-29 16:00:00,2025-11-29 21:00:00,Giveaway
Club Lucky Drawings Saturdays,Lucky Dog Casino,"19330 N US HWY 101, Skokomish, WA 98584",Cash hot seat drawings and bonus drawings,2025-11-29 18:00:00,2025-11-29 21:00:00,Giveaway
Shake Your Tailfeathers Cashgiving Extravaganza,Lucky Eagle Casino,"12888 188th Avenue SW, Rochester, WA 98579","Win up to $1000 in free play with drawings at 19:00, 20:00, and 21:00",2025-11-29 19:00:00,2025-11-29 21:00:00,Free-Play
Bonus Free Play Giveaway,Muckleshoot Casino,"3402 Auburn Way South, Auburn, WA 98002",Guaranteed free play for all participants. Activate prize at any gaming machine.,2025-11-30 09:00:00,2025-11-30 21:00:00,Giveaway
3 Piece Canister Set Giveaway,Angel of the Winds Casino,"3438 Stoluckquamish Lane, Arlington, Washington 98223","Redeem at Players Club East, Sundays & Mondays in November 10:00–20:00; vouchers void after 20:00",2025-11-30 10:00:00,2025-11-30 20:00:00,Giveaway
Kitchen Gadgets Gifting Sundays,Lucky Dog Casino,"19330 N US HWY 101, Skokomish, WA 98584",Free kitchen gadget gift each week,2025-11-30 12:00:00,2025-11-30 18:00:00,Giveaway
Savvy Kitchen Essentials Mystery Gift,Little Creek Casino,"91 West State Route 108, Shelton, WA 98504",Mystery gift giveaway – actual gifts may vary from advertised,2025-11-30 13:00:00,2025-11-30 21:00:00,Giveaway
Club Red VIP Rewards (Dec 1–15),Red Wind Casino,"12819 Yelm Hwy. SE, Olympia, WA 98513",$25 Free Play offer valid during this period.,2025-12-01 08:00:00,2025-12-15 23:59:00,Free-Play
Deck the Halls Giveaway,Lucky Eagle Casino,"12888 188th Avenue SW, Rochester, WA 98579","Drawings every 30 minutes from 17:00–21:00 with grand prizes of a 2026 Jay Flight SLX Travel Trailer, 2026 Chevrolet Colorado, or $20,000 cash; earn entries Oct 27–Dec 13",2025-12-13 17:00:00,2025-12-13 21:00:00,Giveaway
Club Red VIP Rewards (Dec 16–30),Red Wind Casino,"12819 Yelm Hwy. SE, Olympia, WA 98513",$25 Free Play offer valid during this period.,2025-12-16 08:00:00,2025-12-30 23:59:00,Free-Play
A Gatsby Affair New Year’s Eve Party,Angel of the Winds Casino,"3438 Stoluckquamish Lane, Arlington, Washington 98223","Extravagant night of celebration, December 31 18:00–03:00",2025-12-31 18:00:00,2026-01-01 03:00:00,Special-Events
